time,c1x,c1y,c1z,c2x,c2y,c2z,c3x,c3y,c3z,dt1,dt2,ds1x,ds1y,ds2x,ds2y,v1x,v1y,v2x,v2y,ax,ay,br,px,py,tvx,tvy,tvz,rvx,rvy,rvz,heading,roll,pitch,ballang,ballradscale,headerr,heading_pid_out,pitch_pid_out,pitch_setpoint,pitcherr,roll_pid_out,roll_setpoint,rollerr,x_pid_out,xerr,yerr
1722031877.203737,194.000,226.000,64.000,190.000,226.000,67.000,190.000,224.000,66.000, 0.096, 0.099,-4.000, 0.000,-4.000, 0.000,-41.556, 0.000, 0.000,-20.168,419.046,-203.371,66.0000,319.564,239.626,106.542,63.091,463.838, 2.216,-2.205,-0.174, 0.129,-4.938,-0.055,0.00000,0.00000,0.12931,0.04069,0.03797,0.00000,-0.05509,-0.08658,5.00000,9.93827,-0.05994,0.00000,0.00000
1722031877.296065,190.000,226.000,67.000,190.000,224.000,66.000,194.000,224.000,65.000, 0.099, 0.092, 0.000,-2.000, 0.000,-2.000, 0.000,-20.168,43.275, 0.000,468.182,218.191,65.0000,319.532,239.655,106.554,63.083,464.001, 2.217,-2.206,-0.175, 0.115,-4.903,-0.168,0.00000,0.00000,0.11466,0.04077,0.03939,0.00000,-0.16839,-0.09099,5.00000,9.90258,-0.05994,0.00000,0.00000
1722031877.391876,190.000,224.000,66.000,194.000,224.000,65.000,196.000,226.000,66.000, 0.092, 0.096, 4.000, 0.000, 4.000, 0.000,43.275, 0.000,20.873,20.873,-233.799,217.848,66.0000,321.989,239.996,108.192,62.574,468.140, 2.236,-2.236,-0.144,-0.125,-2.725,-0.658,0.00000,0.00000,-0.12450,0.04389,0.04616,0.00000,-0.65768,-0.08143,5.00000,7.72511,-0.06861,1.00000,0.00000
1722031877.469913,194.000,224.000,65.000,196.000,226.000,66.000,206.000,226.000,66.000, 0.096, 0.078, 2.000, 2.000, 2.000, 2.000,20.873,20.873,128.169, 0.000,1375.207,-267.532,66.0000,326.498,239.684,109.760,62.720,469.383,-2.203, 2.197, 0.061, 0.150,-0.401, 1.210,0.00000,0.00000,0.15019,0.03953,0.02153,0.00000,1.20974,-0.06877,5.00000,5.40127,-0.10962,6.00000,0.00000
1722031877.564815,196.000,226.000,66.000,206.000,226.000,66.000,212.000,222.000,67.000, 0.078, 0.095,10.000, 0.000,10.000, 0.000,128.169, 0.000,63.220,-42.147,-684.350,-444.082,67.0000,327.874,239.288,110.065,62.699,470.991,-2.190, 2.182,-0.011, 0.249, 2.314, 2.269,0.00000,0.00000,0.24882,0.03895,0.00762,0.00000,2.26930,-0.04639,5.00000,2.68578,-0.10727,7.00000,0.00000
1722031877.6598022,206.000,226.000,66.000,212.000,222.000,67.000,220.000,220.000,66.000, 0.095, 0.095, 6.000,-4.000, 6.000,-4.000,63.220,-42.147,84.282,-21.071,221.899,222.041,66.0000,327.552,239.229,109.943,62.690,470.746,-2.193, 2.185,-0.026, 0.238, 2.537, 2.815,0.00000,0.00000,0.23816,0.03926,-0.00270,0.00000,2.81543,-0.05282,5.00000,2.46283,-0.10893,7.00000,0.00000
1722031877.759974,212.000,222.000,67.000,220.000,220.000,66.000,226.000,212.000,66.000, 0.095, 0.100, 8.000,-2.000, 8.000,-2.000,84.282,-21.071,59.876,-79.834,-243.560,-586.417,66.0000,323.946,239.500,108.686,62.232,474.559,-2.168, 2.169,-0.001, 0.057, 3.063, 0.974,0.00000,0.00000,0.05682,0.04156,0.01735,0.00000,0.97428,-0.05097,5.00000,1.93653,-0.07891,3.00000,0.00000
1722031877.8673909,220.000,220.000,66.000,226.000,212.000,66.000,232.000,206.000,67.000, 0.100, 0.107, 6.000,-8.000, 6.000,-8.000,59.876,-79.834,55.842,-55.842,-37.545,223.297,67.0000,322.238,240.271,108.453,62.070,474.858,-2.163, 2.174, 0.027,-0.201, 2.303, 0.262,0.00000,0.00000,-0.20098,0.04447,0.02226,0.00000,0.26170,-0.06589,5.00000,2.69661,-0.08425,2.00000,0.00000
1722031877.963881,226.000,212.000,66.000,232.000,206.000,67.000,242.000,200.000,65.000, 0.107, 0.096, 6.000,-6.000, 6.000,-6.000,55.842,-55.842,103.722,-62.233,496.620,-66.293,65.0000,322.247,240.658,108.104,62.741,473.477,-2.178, 2.178, 0.018, 0.038, 2.017, 1.028,0.00000,0.00000,0.03763,0.04057,0.01032,0.00000,1.02789,-0.07401,5.00000,2.98311,-0.08859,2.00000,0.00000
1722031878.053452,232.000,206.000,67.000,242.000,200.000,65.000,250.000,192.000,66.000, 0.096, 0.090,10.000,-6.000,10.000,-6.000,103.722,-62.233,89.288,-89.288,-161.089,-301.968,66.0000,323.812,240.805,108.860,62.728,472.614,-2.177, 2.180, 0.022,-0.039, 1.879, 0.954,0.00000,0.00000,-0.03866,0.04230,0.01042,0.00000,0.95409,-0.08140,5.00000,3.12096,-0.09859,3.00000,0.00000
1722031878.168779,242.000,200.000,65.000,250.000,192.000,66.000,256.000,184.000,66.000, 0.090, 0.115, 8.000,-8.000, 8.000,-8.000,89.288,-89.288,52.007,-69.343,-323.150,172.887,66.0000,324.986,241.334,109.202,62.948,474.615,-2.170, 2.171, 0.014, 0.042, 2.537, 0.699,0.00000,0.00000,0.04208,0.04100,0.01185,0.00000,0.69862,-0.07854,5.00000,2.46277,-0.10625,4.00000,-1.00000
1722031878.267091,250.000,192.000,66.000,256.000,184.000,66.000,264.000,176.000,67.000, 0.115, 0.098, 6.000,-8.000, 6.000,-8.000,52.007,-69.343,81.443,-81.443,299.675,-123.190,67.0000,324.706,241.026,109.274,62.632,474.502,-2.167, 2.174, 0.000,-0.097, 2.917, 1.081,0.00000,0.00000,-0.09742,0.04311,0.00490,0.00000,1.08125,-0.07933,5.00000,2.08321,-0.10591,4.00000,-1.00000
1722031878.351797,256.000,184.000,66.000,264.000,176.000,67.000,274.000,170.000,66.000, 0.098, 0.085, 8.000,-8.000, 8.000,-8.000,81.443,-81.443,118.002,-70.801,431.406,125.577,66.0000,324.485,241.103,109.150,62.759,473.869,-2.172, 2.176, 0.007,-0.060, 2.545, 1.102,0.00000,0.00000,-0.05953,0.04222,0.00303,0.00000,1.10244,-0.08908,5.00000,2.45519,-0.10858,4.00000,-1.00000
1722031878.463692,264.000,176.000,67.000,274.000,170.000,66.000,284.000,164.000,67.000, 0.085, 0.112,10.000,-6.000,10.000,-6.000,118.002,-70.801,89.333,-53.600,-256.115,153.669,67.0000,323.797,240.201,108.987,62.069,475.340,-2.158, 2.169,-0.006,-0.196, 3.471, 0.868,0.00000,0.00000,-0.19571,0.04421,0.00402,0.00000,0.86809,-0.08093,5.00000,1.52933,-0.10257,3.00000,0.00000
1722031878.551917,274.000,170.000,66.000,284.000,164.000,67.000,300.000,160.000,67.000, 0.112, 0.088,10.000,-6.000,10.000,-6.000,89.333,-53.600,181.281,-45.320,1041.776,93.806,67.0000,323.785,241.137,109.151,62.309,475.471,-2.158, 2.172,-0.007,-0.291, 3.427, 0.977,0.00000,0.00000,-0.29110,0.04518,0.00047,0.00000,0.97702,-0.08597,5.00000,1.57331,-0.10757,3.00000,-1.00000
1722031878.6823301,284.000,164.000,67.000,300.000,160.000,67.000,322.000,160.000,66.000, 0.088, 0.130,16.000,-4.000,16.000,-4.000,181.281,-45.320,168.722, 0.000,-96.316,347.569,66.0000,323.895,240.734,109.242,62.102,475.192,-2.157, 2.173,-0.011,-0.331, 3.522, 1.079,0.00000,0.00000,-0.33138,0.04559,-0.00270,0.00000,1.07917,-0.08776,5.00000,1.47822,-0.10957,3.00000,0.00000
1722031878.760202,300.000,160.000,67.000,322.000,160.000,66.000,336.000,160.000,67.000, 0.130, 0.078,22.000, 0.000,22.000, 0.000,168.722, 0.000,179.814, 0.000,142.466, 0.000,67.0000,323.714,240.873,109.072,62.356,474.506,-2.165, 2.177,-0.015,-0.252, 3.316, 1.504,0.00000,0.00000,-0.25222,0.04456,-0.01044,0.00000,1.50435,-0.09363,5.00000,1.68356,-0.11157,3.00000,0.00000
1722031878.851739,322.000,160.000,66.000,336.000,160.000,67.000,366.000,160.000,67.000, 0.078, 0.091,14.000, 0.000,14.000, 0.000,179.814, 0.000,328.074, 0.000,1621.339, 0.000,67.0000,323.825,240.778,109.166,62.239,474.545,-2.161, 2.176,-0.027,-0.316, 3.744, 1.711,0.00000,0.00000,-0.31614,0.04579,-0.01560,0.00000,1.71136,-0.09092,5.00000,1.25606,-0.11357,3.00000,0.00000
1722031878.947812,336.000,160.000,67.000,366.000,160.000,67.000,402.000,166.000,67.000, 0.091, 0.096,30.000, 0.000,30.000, 0.000,328.074, 0.000,374.438,62.406,482.231,649.090,67.0000,324.159,241.005,109.217,62.271,475.744,-2.154, 2.168,-0.023,-0.287, 4.070, 1.171,0.00000,0.00000,-0.28690,0.04536,-0.01142,0.00000,1.17132,-0.08966,5.00000,0.92980,-0.12424,4.00000,-1.00000
1722031879.044532,366.000,160.000,67.000,402.000,166.000,67.000,440.000,174.000,68.000, 0.096, 0.097,36.000, 6.000,36.000, 6.000,374.438,62.406,392.911,82.718,191.011,210.020,68.0000,324.079,241.344,109.255,62.145,477.678,-2.145, 2.162,-0.008,-0.324, 4.122, 0.324,0.00000,0.00000,-0.32363,0.04609,-0.00314,0.00000,0.32443,-0.09131,5.00000,0.87799,-0.12390,4.00000,-1.00000
1722031879.1566432,402.000,166.000,67.000,440.000,174.000,68.000,448.000,212.000,67.000, 0.097, 0.112,38.000, 8.000,38.000, 8.000,392.911,82.718,71.419,339.241,-2870.084,2290.081,67.0000,323.842,242.053,108.959,62.684,477.608,-2.149, 2.162,-0.022,-0.211, 4.369, 0.809,0.00000,0.00000,-0.21141,0.04462,-0.01161,0.00000,0.80946,-0.08981,5.00000,0.63148,-0.11789,3.00000,-2.00000
1722031879.2428858,440.000,174.000,68.000,448.000,212.000,67.000,454.000,250.000,66.000, 0.112, 0.086, 8.000,38.000, 8.000,38.000,71.419,339.241,69.456,439.885,-22.731,1165.048,66.0000,322.874,240.040,108.826,61.968,473.372,-2.166, 2.181,-0.003,-0.306, 2.818, 1.329,0.00000,0.00000,-0.30573,0.04634,-0.01951,0.00000,1.32874,-0.11238,5.00000,2.18199,-0.11422,2.00000,0.00000
1722031879.343394,448.000,212.000,67.000,454.000,250.000,66.000,448.000,290.000,67.000, 0.086, 0.101, 6.000,38.000, 6.000,38.000,69.456,439.885,-59.701,398.006,-1285.125,-416.705,67.0000,322.671,240.966,108.387,62.167,478.391,-2.144, 2.155, 0.002,-0.144, 4.073,-0.184,0.00000,0.00000,-0.14441,0.04403,-0.00096,0.00000,-0.18400,-0.09747,5.00000,0.92717,-0.11856,2.00000,0.00000
1722031879.4377542,454.000,250.000,66.000,448.000,290.000,67.000,430.000,326.000,68.000, 0.101, 0.094,-6.000,40.000,-6.000,40.000,-59.701,398.006,-190.747,381.494,-1388.703,-174.976,68.0000,323.269,240.758,108.630,62.067,478.409,-2.143, 2.154, 0.005,-0.142, 4.052,-0.304,0.00000,0.00000,-0.14199,0.04455,-0.00124,0.00000,-0.30434,-0.10149,5.00000,0.94782,-0.12856,3.00000,0.00000
1722031879.514876,448.000,290.000,67.000,430.000,326.000,68.000,410.000,344.000,66.000, 0.094, 0.077,-18.000,36.000,-18.000,36.000,-190.747,381.494,-259.350,233.415,-889.601,-1920.217,66.0000,323.525,241.763,108.682,62.127,480.911,-2.127, 2.142, 0.004,-0.177, 4.903,-1.088,0.00000,0.00000,-0.17662,0.04510,0.00977,0.00000,-1.08805,-0.09186,5.00000,0.09664,-0.12755,3.00000,-1.00000
1722031879.609658,430.000,326.000,68.000,410.000,344.000,66.000,386.000,362.000,68.000, 0.077, 0.095,-20.000,18.000,-20.000,18.000,-259.350,233.415,-253.445,190.084,62.353,-457.582,68.0000,323.502,240.987,108.597,62.240,479.211,-2.143, 2.151, 0.004,-0.055, 4.154,-0.384,0.00000,0.00000,-0.05500,0.04344,0.00126,0.00000,-0.38393,-0.10344,5.00000,0.84569,-0.12955,3.00000,0.00000
1722031879.704861,410.000,344.000,66.000,386.000,362.000,68.000,362.000,368.000,65.000, 0.095, 0.095,-24.000,18.000,-24.000,18.000,-253.445,190.084,-252.038,63.010,14.774,-1334.482,65.0000,323.199,240.932,108.302,62.332,479.496,-2.143, 2.147, 0.004, 0.039, 4.280,-0.488,0.00000,0.00000,0.03909,0.04256,0.00448,0.00000,-0.48756,-0.10231,5.00000,0.72020,-0.13155,3.00000,0.00000
1722031879.817006,386.000,362.000,68.000,362.000,368.000,65.000,346.000,368.000,65.000, 0.095, 0.112,-24.000, 6.000,-24.000, 6.000,-252.038,63.010,-142.602, 0.000,975.363,-561.581,65.0000,322.658,240.028,108.128,61.933,478.858,-2.142, 2.149, 0.002,-0.006, 4.291,-0.399,0.00000,0.00000,-0.00625,0.04344,0.00411,0.00000,-0.39930,-0.10379,5.00000,0.70912,-0.12488,2.00000,0.00000
1722031879.909201,362.000,368.000,65.000,346.000,368.000,65.000,332.000,372.000,67.000, 0.112, 0.092,-16.000, 0.000,-16.000, 0.000,-142.602, 0.000,-151.834,43.381,-100.126,470.483,67.0000,322.263,240.096,107.986,61.977,478.492,-2.143, 2.150,-0.004,-0.030, 4.376,-0.167,0.00000,0.00000,-0.03032,0.04363,0.00190,0.00000,-0.16682,-0.10407,5.00000,0.62361,-0.12921,2.00000,0.00000
1722031880.005981,346.000,368.000,65.000,332.000,372.000,67.000,328.000,372.000,66.000, 0.092, 0.097,-14.000, 4.000,-14.000, 4.000,-151.834,43.381,-41.328, 0.000,1141.749,-448.214,66.0000,322.107,240.313,107.984,62.169,477.227,-2.150, 2.156, 0.012,-0.020, 3.613,-0.224,0.00000,0.00000,-0.01965,0.04343,0.00336,0.00000,-0.22424,-0.11575,5.00000,1.38739,-0.13055,2.00000,0.00000
1722031880.0999382,332.000,372.000,67.000,328.000,372.000,66.000,332.000,372.000,66.000, 0.097, 0.094,-4.000, 0.000,-4.000, 0.000,-41.328, 0.000,42.597, 0.000,893.741, 0.000,66.0000,322.411,239.986,108.065,62.227,475.414,-2.155, 2.162,-0.039,-0.087, 4.664, 1.434,0.00000,0.00000,-0.08656,0.04438,-0.01866,0.00000,1.43360,-0.10319,5.00000,0.33632,-0.13188,2.00000,0.00000
1722031880.1750789,328.000,372.000,66.000,332.000,372.000,66.000,338.000,372.000,67.000, 0.094, 0.075, 4.000, 0.000, 4.000, 0.000,42.597, 0.000,79.790, 0.000,494.612, 0.000,67.0000,322.162,239.924,107.914,62.160,476.267,-2.152, 2.158,-0.029,-0.045, 4.581, 0.953,0.00000,0.00000,-0.04508,0.04366,-0.01255,0.00000,0.95300,-0.10656,5.00000,0.41906,-0.13321,2.00000,0.00000
1722031880.2706811,332.000,372.000,66.000,338.000,372.000,67.000,352.000,370.000,65.000, 0.075, 0.096, 6.000, 0.000, 6.000, 0.000,79.790, 0.000,146.489,-20.927,697.900,-218.970,65.0000,322.834,240.938,108.400,61.865,480.449,-2.130, 2.145,-0.012,-0.202, 5.159,-0.495,0.00000,0.00000,-0.20175,0.04592,0.00438,0.00000,-0.49535,-0.09946,5.00000,-0.15940,-0.13454,2.00000,0.00000
1722031880.365968,338.000,372.000,67.000,352.000,370.000,65.000,366.000,368.000,66.000, 0.096, 0.095,14.000,-2.000,14.000,-2.000,146.489,-20.927,146.919,-20.988, 4.508,-0.644,66.0000,321.399,240.995,107.632,62.042,480.792,-2.132, 2.142, 0.008,-0.045, 4.639,-1.056,0.00000,0.00000,-0.04489,0.04343,0.01076,0.00000,-1.05604,-0.10703,5.00000,0.36071,-0.12720,1.00000,0.00000
1722031880.474923,352.000,370.000,65.000,366.000,368.000,66.000,388.000,356.000,64.000, 0.095, 0.109,14.000,-2.000,14.000,-2.000,146.919,-20.988,201.889,-110.121,504.449,-817.951,64.0000,321.580,241.498,107.796,62.245,480.073,-2.133, 2.145,-0.005,-0.124, 4.852,-0.561,0.00000,0.00000,-0.12427,0.04500,0.00535,0.00000,-0.56088,-0.10409,5.00000,0.14753,-0.13087,1.00000,-1.00000
1722031880.568202,366.000,368.000,66.000,388.000,356.000,64.000,412.000,338.000,65.000, 0.109, 0.093,22.000,-12.000,22.000,-12.000,201.889,-110.121,257.262,-192.947,593.560,-887.826,65.0000,322.226,241.082,107.840,62.401,479.499,-2.140, 2.146,-0.016, 0.014, 4.916,-0.089,0.00000,0.00000,0.01395,0.04296,0.00084,0.00000,-0.08898,-0.10385,5.00000,0.08359,-0.14021,2.00000,-1.00000
1722031880.665889,388.000,356.000,64.000,412.000,338.000,65.000,436.000,314.000,65.000, 0.093, 0.098,24.000,-18.000,24.000,-18.000,257.262,-192.947,245.940,-245.940,-116.027,-543.045,65.0000,322.678,240.758,108.123,62.138,479.937,-2.138, 2.146,-0.018,-0.050, 5.045,-0.060,0.00000,0.00000,-0.05001,0.04423,0.00133,0.00000,-0.05960,-0.10238,5.00000,-0.04465,-0.13854,2.00000,0.00000
1722031880.759901,412.000,338.000,65.000,436.000,314.000,65.000,450.000,280.000,65.000, 0.098, 0.094,24.000,-24.000,24.000,-24.000,245.940,-245.940,148.814,-361.406,-1032.402,-1227.356,65.0000,321.819,239.918,107.517,62.301,477.790,-2.151, 2.151,-0.017, 0.142, 4.478, 0.438,0.00000,0.00000,0.14196,0.04147,-0.00522,0.00000,0.43793,-0.11012,5.00000,0.52153,-0.13120,1.00000,0.00000
1722031880.831899,436.000,314.000,65.000,450.000,280.000,65.000,452.000,254.000,64.000, 0.094, 0.072,14.000,-34.000,14.000,-34.000,148.814,-361.406,27.762,-360.901,-1680.305, 7.010,64.0000,320.976,238.987,106.706,61.909,481.882,-2.136, 2.135,-0.094, 0.161, 7.380, 1.626,0.00000,0.00000,0.16078,0.04172,-0.02139,0.00000,1.62633,-0.07115,5.00000,-2.37971,-0.12620,0.00000,1.00000
1722031880.935345,450.000,280.000,65.000,452.000,254.000,64.000,448.000,222.000,63.000, 0.072, 0.103, 2.000,-26.000, 2.000,-26.000,27.762,-360.901,-38.690,-309.517,-642.743,497.003,63.0000,321.081,239.836,107.874,61.211,480.510,-2.126, 2.150,-0.065,-0.470, 6.522, 0.980,0.00000,0.00000,-0.46976,0.05021,-0.01414,0.00000,0.98030,-0.08233,5.00000,-1.52171,-0.13787,1.00000,0.00000
1722031881.028946,452.000,254.000,64.000,448.000,222.000,63.000,442.000,190.000,68.000, 0.103, 0.094,-4.000,-32.000,-4.000,-32.000,-38.690,-309.517,-64.071,-341.712,-271.036,-343.797,68.0000,320.911,241.184,108.396,61.321,479.488,-2.127, 2.159,-0.003,-0.658, 4.599,-0.399,0.00000,0.00000,-0.65844,0.05110,0.00155,0.00000,-0.39908,-0.10397,5.00000,0.40136,-0.12687,0.00000,-1.00000
1722031881.1233048,448.000,222.000,63.000,442.000,190.000,68.000,428.000,174.000,67.000, 0.094, 0.094,-6.000,-32.000,-6.000,-32.000,-64.071,-341.712,-148.360,-169.555,-893.227,1824.382,67.0000,319.155,241.489,107.297,62.103,477.918,-2.145, 2.162, 0.016,-0.338, 3.466,-0.308,0.00000,0.00000,-0.33793,0.04653,-0.00095,0.00000,-0.30780,-0.11717,5.00000,1.53405,-0.12987,0.00000,-1.00000
1722031881.1948009,442.000,190.000,68.000,428.000,174.000,67.000,424.000,166.000,69.000, 0.094, 0.071,-14.000,-16.000,-14.000,-16.000,-148.360,-169.555,-55.949,-111.897,1292.577,806.462,69.0000,319.245,240.981,107.282,61.757,478.766,-2.137, 2.155, 0.027,-0.326, 3.622,-1.033,0.00000,0.00000,-0.32578,0.04750,0.00959,0.00000,-1.03283,-0.11643,5.00000,1.37824,-0.12987,0.00000,0.00000
1722031881.291893,428.000,174.000,67.000,424.000,166.000,69.000,418.000,150.000,66.000, 0.071, 0.097,-4.000,-8.000,-4.000,-8.000,-55.949,-111.897,-61.873,-164.994,-61.090,-547.540,66.0000,322.018,241.391,108.796,61.585,478.537,-2.132, 2.161,-0.010,-0.623, 4.581, 0.018,0.00000,0.00000,-0.62293,0.05171,-0.00362,0.00000,0.01797,-0.10648,5.00000,0.41948,-0.14721,2.00000,-1.00000
1722031881.402082,424.000,166.000,69.000,418.000,150.000,66.000,414.000,148.000,67.000, 0.097, 0.110,-6.000,-16.000,-6.000,-16.000,-61.873,-164.994,-36.269,-18.134,232.156,1331.606,67.0000,322.370,240.751,108.922,61.369,478.153,-2.132, 2.163,-0.034,-0.663, 5.141, 0.700,0.00000,0.00000,-0.66311,0.05167,-0.01129,0.00000,0.70049,-0.10119,5.00000,-0.14099,-0.14253,2.00000,0.00000
1722031881.492492,418.000,150.000,66.000,414.000,148.000,67.000,416.000,152.000,67.000, 0.110, 0.090,-4.000,-2.000,-4.000,-2.000,-36.269,-18.134,22.146,44.292,646.824,691.243,67.0000,322.497,240.194,108.625,61.448,478.891,-2.135, 2.158,-0.038,-0.446, 5.329, 0.746,0.00000,0.00000,-0.44642,0.04896,-0.01229,0.00000,0.74639,-0.09921,5.00000,-0.32924,-0.14387,2.00000,0.00000
1722031881.585356,414.000,148.000,67.000,416.000,152.000,67.000,424.000,162.000,66.000, 0.090, 0.093, 2.000, 4.000, 2.000, 4.000,22.146,44.292,86.038,107.548,687.150,680.306,66.0000,320.870,239.055,107.703,61.393,477.774,-2.146, 2.160,-0.043,-0.267, 5.072, 1.259,0.00000,0.00000,-0.26671,0.04741,-0.02063,0.00000,1.25870,-0.10231,5.00000,-0.07189,-0.12786,0.00000,0.00000
1722031881.6626282,416.000,152.000,67.000,424.000,162.000,66.000,430.000,170.000,67.000, 0.093, 0.077, 8.000,10.000, 8.000,10.000,86.038,107.548,77.664,103.552,-108.401,-51.729,67.0000,320.373,239.862,107.058,62.013,478.239,-2.143, 2.150,-0.041,-0.038, 5.391, 0.790,0.00000,0.00000,-0.03786,0.04499,-0.01604,0.00000,0.78962,-0.09747,5.00000,-0.39088,-0.13387,0.00000,0.00000
1722031881.7565281,424.000,162.000,66.000,430.000,170.000,67.000,444.000,188.000,67.000, 0.077, 0.094, 6.000, 8.000, 6.000, 8.000,77.664,103.552,149.120,191.726,761.115,939.185,67.0000,320.560,240.122,107.678,61.520,479.429,-2.136, 2.154,-0.023,-0.321, 4.987, 0.277,0.00000,0.00000,-0.32077,0.04951,-0.01141,0.00000,0.27728,-0.10263,5.00000,0.01341,-0.13387,0.00000,0.00000
1722031881.8576179,430.000,170.000,67.000,444.000,188.000,67.000,452.000,216.000,67.000, 0.094, 0.101,14.000,18.000,14.000,18.000,149.120,191.726,79.125,276.937,-692.296,842.792,67.0000,320.714,241.092,107.669,61.969,479.396,-2.137, 2.151, 0.012,-0.211, 4.120,-0.759,0.00000,0.00000,-0.21112,0.04734,0.00127,0.00000,-0.75946,-0.11374,5.00000,0.88001,-0.13387,0.00000,-1.00000
1722031881.9909801,444.000,188.000,67.000,452.000,216.000,67.000,454.000,248.000,67.000, 0.101, 0.133, 8.000,28.000, 8.000,28.000,79.125,276.937,15.003,240.051,-481.015,-276.707,67.0000,320.887,239.842,107.694,61.644,479.002,-2.142, 2.158,-0.051,-0.277, 5.447, 1.299,0.00000,0.00000,-0.27664,0.04866,-0.02656,0.00000,1.29928,-0.09629,5.00000,-0.44656,-0.13387,0.00000,0.00000
1722031882.0845802,452.000,216.000,67.000,454.000,248.000,67.000,450.000,284.000,67.000, 0.133, 0.094, 2.000,32.000, 2.000,32.000,15.003,240.051,-42.741,384.665,-617.000,1545.225,67.0000,321.514,240.638,108.008,61.752,479.212,-2.134, 2.151,-0.010,-0.273, 4.774,-0.234,0.00000,0.00000,-0.27349,0.04856,-0.00537,0.00000,-0.23378,-0.10648,5.00000,0.22627,-0.14254,1.00000,0.00000
1722031882.180566,454.000,248.000,67.000,450.000,284.000,67.000,434.000,314.000,66.000, 0.094, 0.096,-4.000,36.000,-4.000,36.000,-42.741,384.665,-166.533,312.249,-1288.465,-753.731,66.0000,322.030,239.879,108.051,61.516,480.136,-2.133, 2.147,-0.009,-0.168, 4.917,-0.410,0.00000,0.00000,-0.16769,0.04728,-0.00483,0.00000,-0.41015,-0.10398,5.00000,0.08274,-0.14887,2.00000,0.00000
1722031882.254512,450.000,284.000,67.000,434.000,314.000,66.000,420.000,330.000,65.000, 0.096, 0.074,-16.000,30.000,-16.000,30.000,-166.533,312.249,-189.484,216.553,-310.632,-1295.203,65.0000,321.376,240.632,107.424,61.841,481.736,-2.125, 2.133, 0.010, 0.034, 5.039,-1.581,0.00000,0.00000,0.03409,0.04496,0.01154,0.00000,-1.58142,-0.10272,5.00000,-0.03869,-0.13853,1.00000,0.00000
1722031882.351282,434.000,314.000,66.000,420.000,330.000,65.000,398.000,350.000,66.000, 0.074, 0.097,-14.000,16.000,-14.000,16.000,-189.484,216.553,-227.381,206.710,-391.689,-101.729,66.0000,321.124,240.809,107.805,61.845,479.651,-2.135, 2.150,-0.007,-0.235, 4.712,-0.336,0.00000,0.00000,-0.23480,0.04918,-0.00388,0.00000,-0.33576,-0.10724,5.00000,0.28830,-0.14220,1.00000,0.00000
1722031882.453275,420.000,330.000,65.000,398.000,350.000,66.000,380.000,360.000,65.000, 0.097, 0.102,-22.000,20.000,-22.000,20.000,-227.381,206.710,-176.386,97.992,499.715,-1065.351,65.0000,319.704,240.560,107.025,61.878,479.933,-2.135, 2.146,-0.004,-0.121, 4.744,-0.507,0.00000,0.00000,-0.12113,0.04695,0.00098,0.00000,-0.50741,-0.10690,5.00000,0.25648,-0.13419,0.00000,0.00000
1722031882.543385,398.000,350.000,66.000,380.000,360.000,65.000,366.000,364.000,65.000, 0.102, 0.090,-18.000,10.000,-18.000,10.000,-176.386,97.992,-155.343,44.384,233.484,-594.834,65.0000,320.644,240.045,106.939,62.214,479.612,-2.143, 2.143,-0.019, 0.163, 4.978, 0.018,0.00000,0.00000,0.16306,0.04352,-0.00536,0.00000,0.01828,-0.10430,5.00000,0.02238,-0.13720,0.00000,0.00000
1722031882.641828,380.000,360.000,65.000,366.000,364.000,65.000,362.000,366.000,65.000, 0.090, 0.098,-14.000, 4.000,-14.000, 4.000,-155.343,44.384,-40.648,20.324,1165.540,-244.496,65.0000,320.866,240.393,107.395,61.869,479.795,-2.133, 2.144,-0.016,-0.098, 5.177,-0.339,0.00000,0.00000,-0.09837,0.04782,0.00021,0.00000,-0.33869,-0.10200,5.00000,-0.17675,-0.13720,0.00000,0.00000
1722031882.7465181,366.000,364.000,65.000,362.000,366.000,65.000,362.000,366.000,65.000, 0.098, 0.105,-4.000, 2.000,-4.000, 2.000,-40.648,20.324, 0.000, 0.000,388.381,-194.190,65.0000,320.673,240.130,107.284,61.941,479.086,-2.139, 2.148,-0.024,-0.065, 5.079, 0.180,0.00000,0.00000,-0.06463,0.04663,-0.00665,0.00000,0.18019,-0.10327,5.00000,-0.07917,-0.13720,0.00000,0.00000
1722031882.8414001,362.000,366.000,65.000,362.000,366.000,65.000,372.000,364.000,66.000, 0.105, 0.095, 0.000, 0.000, 0.000, 0.000, 0.000, 0.000,105.313,-21.063,1109.084,-221.817,66.0000,320.694,240.556,107.439,61.770,480.534,-2.131, 2.144,-0.006,-0.144, 5.004,-0.652,0.00000,0.00000,-0.14435,0.04784,0.00500,0.00000,-0.65168,-0.10397,5.00000,-0.00425,-0.13720,0.00000,0.00000
1722031882.9509919,362.000,366.000,65.000,372.000,364.000,66.000,386.000,356.000,65.000, 0.095, 0.110,10.000,-2.000,10.000,-2.000,105.313,-21.063,127.831,-73.046,205.602,-474.648,65.0000,320.917,240.249,107.518,61.904,478.906,-2.140, 2.151,-0.026,-0.143, 5.058, 0.364,0.00000,0.00000,-0.14257,0.04765,-0.00866,0.00000,0.36426,-0.10313,5.00000,-0.05820,-0.13720,0.00000,0.00000
1722031883.0495958,372.000,364.000,66.000,386.000,356.000,65.000,404.000,344.000,64.000, 0.110, 0.099,14.000,-8.000,14.000,-8.000,127.831,-73.046,182.434,-121.623,553.415,-492.332,64.0000,321.113,239.964,107.593,61.926,477.678,-2.145, 2.155,-0.034,-0.140, 4.985, 0.820,0.00000,0.00000,-0.14025,0.04769,-0.01402,0.00000,0.81987,-0.10408,5.00000,0.01524,-0.14587,1.00000,0.00000
1722031883.1407528,386.000,356.000,65.000,404.000,344.000,64.000,426.000,324.000,65.000, 0.099, 0.091,18.000,-12.000,18.000,-12.000,182.434,-121.623,241.339,-219.399,646.194,-1072.611,65.0000,321.051,239.759,107.695,61.755,477.530,-2.146, 2.158,-0.029,-0.196, 4.743, 0.796,0.00000,0.00000,-0.19612,0.04852,-0.01465,0.00000,0.79630,-0.10726,5.00000,0.25686,-0.14353,1.00000,0.00000
1722031883.237941,404.000,344.000,64.000,426.000,324.000,65.000,442.000,298.000,64.000, 0.091, 0.097,22.000,-20.000,22.000,-20.000,241.339,-219.399,164.887,-267.941,-787.876,-500.246,64.0000,321.137,240.162,107.665,61.902,478.272,-2.143, 2.154,-0.019,-0.146, 4.681, 0.358,0.00000,0.00000,-0.14581,0.04777,-0.01036,0.00000,0.35791,-0.10825,5.00000,0.31861,-0.14419,1.00000,0.00000
1722031883.346167,426.000,324.000,65.000,442.000,298.000,64.000,452.000,268.000,65.000, 0.097, 0.108,16.000,-26.000,16.000,-26.000,164.887,-267.941,92.318,-276.955,-669.942,-83.209,65.0000,320.080,240.025,107.321,61.357,480.619,-2.126, 2.144,-0.017,-0.272, 5.387,-0.473,0.00000,0.00000,-0.27245,0.04971,-0.00052,0.00000,-0.47300,-0.09927,5.00000,-0.38665,-0.13619,0.00000,0.00000
1722031883.447642,442.000,298.000,64.000,452.000,268.000,65.000,452.000,238.000,64.000, 0.108, 0.102,10.000,-30.000,10.000,-30.000,92.318,-276.955, 0.000,-295.552,-909.494,-183.213,64.0000,320.451,240.486,107.910,61.203,480.078,-2.124, 2.153,-0.038,-0.586, 5.784, 0.295,0.00000,0.00000,-0.58648,0.05370,-0.01118,0.00000,0.29480,-0.09419,5.00000,-0.78424,-0.13919,0.00000,0.00000
1722031883.53723,452.000,268.000,65.000,452.000,238.000,64.000,448.000,214.000,65.000, 0.102, 0.090, 0.000,-30.000, 0.000,-30.000, 0.000,-295.552,-44.678,-268.069,-499.036,306.966,65.0000,320.343,240.147,108.106,60.973,479.446,-2.129, 2.160,-0.027,-0.671, 5.175, 0.341,0.00000,0.00000,-0.67078,0.05419,-0.01125,0.00000,0.34145,-0.10145,5.00000,-0.17477,-0.13919,0.00000,0.00000
1722031883.6398551,452.000,238.000,64.000,448.000,214.000,65.000,444.000,196.000,65.000, 0.090, 0.103,-4.000,-24.000,-4.000,-24.000,-44.678,-268.069,-38.969,-175.361,55.619,903.190,65.0000,320.775,240.288,108.023,61.238,479.610,-2.128, 2.155,-0.032,-0.535, 5.441, 0.323,0.00000,0.00000,-0.53494,0.05244,-0.01162,0.00000,0.32336,-0.09659,5.00000,-0.44064,-0.13919,0.00000,0.00000
1722031883.733879,448.000,214.000,65.000,444.000,196.000,65.000,440.000,184.000,66.000, 0.103, 0.094,-4.000,-18.000,-4.000,-18.000,-38.969,-175.361,-42.506,-127.517,-37.582,508.412,66.0000,320.081,240.137,107.152,61.863,478.828,-2.140, 2.150,-0.017,-0.116, 4.827, 0.067,0.00000,0.00000,-0.11607,0.04746,-0.00883,0.00000,0.06718,-0.10439,5.00000,0.17261,-0.13919,0.00000,0.00000
1722031883.834074,444.000,196.000,65.000,440.000,184.000,66.000,434.000,178.000,66.000, 0.094, 0.100,-4.000,-12.000,-4.000,-12.000,-42.506,-127.517,-59.890,-59.890,-173.521,675.034,66.0000,320.436,240.131,107.416,61.674,479.307,-2.136, 2.150,-0.016,-0.198, 4.943,-0.096,0.00000,0.00000,-0.19764,0.04988,-0.00715,0.00000,-0.09591,-0.10225,5.00000,0.05691,-0.13919,0.00000,0.00000
1722031883.926096,440.000,184.000,66.000,434.000,178.000,66.000,436.000,178.000,67.000, 0.100, 0.092,-6.000,-6.000,-6.000,-6.000,-59.890,-59.890,21.732, 0.000,886.916,650.771,67.0000,319.979,240.040,107.083,61.814,478.909,-2.138, 2.149,-0.026,-0.132, 5.149, 0.227,0.00000,0.00000,-0.13151,0.04884,-0.01157,0.00000,0.22729,-0.09976,5.00000,-0.14880,-0.13919,0.00000,0.00000
1722031884.000161,434.000,178.000,66.000,436.000,178.000,67.000,438.000,180.000,67.000, 0.092, 0.074, 2.000, 0.000, 2.000, 0.000,21.732, 0.000,27.004,27.004,71.179,364.608,67.0000,320.190,240.071,107.322,61.713,479.146,-2.139, 2.152,-0.019,-0.190, 4.879, 0.174,0.00000,0.00000,-0.18995,0.04989,-0.01082,0.00000,0.17410,-0.10341,5.00000,0.12078,-0.13919,0.00000,0.00000
1722031884.097159,436.000,178.000,67.000,438.000,180.000,67.000,442.000,190.000,66.000, 0.074, 0.097, 2.000, 2.000, 2.000, 2.000,27.004,27.004,41.237,103.093,146.734,784.423,66.0000,320.270,240.116,107.277,61.694,479.460,-2.134, 2.147,-0.017,-0.168, 5.065,-0.163,0.00000,0.00000,-0.16807,0.04951,-0.00670,0.00000,-0.16267,-0.10074,5.00000,-0.06535,-0.13919,0.00000,0.00000
1722031884.1905549,438.000,180.000,67.000,442.000,190.000,66.000,448.000,204.000,67.000, 0.097, 0.093, 4.000,10.000, 4.000,10.000,41.237,103.093,64.236,149.885,246.229,500.953,67.0000,319.890,239.844,107.257,61.741,477.577,-2.145, 2.159,-0.034,-0.237, 4.885, 0.932,0.00000,0.00000,-0.23686,0.05059,-0.02166,0.00000,0.93227,-0.10332,5.00000,0.11506,-0.13919,0.00000,0.00000
1722031884.265686,442.000,190.000,66.000,448.000,204.000,67.000,450.000,216.000,67.000, 0.093, 0.075, 6.000,14.000, 6.000,14.000,64.236,149.885,26.623,159.740,-500.691,131.199,67.0000,320.059,240.021,107.248,61.773,478.792,-2.142, 2.154,-0.017,-0.159, 4.672, 0.232,0.00000,0.00000,-0.15901,0.04945,-0.01243,0.00000,0.23222,-0.10615,5.00000,0.32751,-0.13919,0.00000,0.00000
1722031884.3606882,448.000,204.000,67.000,450.000,216.000,67.000,454.000,238.000,67.000, 0.075, 0.095, 2.000,12.000, 2.000,12.000,26.623,159.740,42.107,231.586,162.987,756.298,67.0000,319.938,239.986,107.137,61.716,479.562,-2.138, 2.150,-0.034,-0.178, 5.350, 0.499,0.00000,0.00000,-0.17843,0.05003,-0.01755,0.00000,0.49905,-0.09734,5.00000,-0.34995,-0.13919,0.00000,0.00000
1722031884.4563289,450.000,216.000,67.000,454.000,238.000,67.000,454.000,264.000,66.000, 0.095, 0.096, 4.000,22.000, 4.000,22.000,42.107,231.586, 0.000,271.847,-440.252,420.949,66.0000,320.342,240.605,107.534,61.598,479.819,-2.129, 2.148,-0.006,-0.301, 4.936,-0.569,0.00000,0.00000,-0.30126,0.05172,-0.00373,0.00000,-0.56879,-0.10325,5.00000,0.06447,-0.13919,0.00000,0.00000
1722031884.5313358,454.000,238.000,67.000,454.000,264.000,66.000,448.000,282.000,66.000, 0.096, 0.075, 0.000,26.000, 0.000,26.000, 0.000,271.847,-80.065,240.195,-1068.404,-422.364,66.0000,320.153,241.247,107.584,61.615,480.725,-2.124, 2.146, 0.006,-0.369, 4.826,-1.100,0.00000,0.00000,-0.36867,0.05241,0.00297,0.00000,-1.09956,-0.10424,5.00000,0.17450,-0.13919,0.00000,-1.00000
1722031884.62205,454.000,264.000,66.000,448.000,282.000,66.000,436.000,308.000,66.000, 0.075, 0.091,-6.000,18.000,-6.000,18.000,-80.065,240.195,-132.172,286.373,-573.924,508.614,66.0000,319.869,240.972,107.248,61.683,481.142,-2.126, 2.142, 0.015,-0.209, 4.626,-1.418,0.00000,0.00000,-0.20948,0.05024,0.00866,0.00000,-1.41753,-0.10713,5.00000,0.37448,-0.13919,0.00000,0.00000
1722031884.718239,448.000,282.000,66.000,436.000,308.000,66.000,420.000,328.000,65.000, 0.091, 0.096,-12.000,26.000,-12.000,26.000,-132.172,286.373,-166.342,207.928,-355.244,-815.546,65.0000,320.089,240.501,107.298,61.947,478.702,-2.142, 2.154,-0.003,-0.152, 4.270,-0.126,0.00000,0.00000,-0.15192,0.05005,-0.00642,0.00000,-0.12595,-0.11237,5.00000,0.72974,-0.13919,0.00000,0.00000
1722031884.791463,436.000,308.000,66.000,420.000,328.000,65.000,408.000,340.000,66.000, 0.096, 0.073,-16.000,20.000,-16.000,20.000,-166.342,207.928,-163.874,163.874,33.702,-601.601,66.0000,320.393,239.945,107.042,61.932,479.960,-2.140, 2.145,-0.005, 0.063, 4.655,-0.408,0.00000,0.00000,0.06338,0.04739,-0.00041,0.00000,-0.40845,-0.10810,5.00000,0.34487,-0.13919,0.00000,0.00000
1722031884.886175,420.000,328.000,65.000,408.000,340.000,66.000,394.000,352.000,65.000, 0.073, 0.095,-12.000,12.000,-12.000,12.000,-163.874,163.874,-147.824,126.707,169.468,-392.448,65.0000,320.907,240.069,107.271,61.949,479.321,-2.137, 2.145,-0.033,-0.041, 5.504, 0.264,0.00000,0.00000,-0.04061,0.04941,-0.00910,0.00000,0.26399,-0.09791,5.00000,-0.50369,-0.13919,0.00000,0.00000
1722031884.9590359,408.000,340.000,66.000,394.000,352.000,65.000,388.000,354.000,65.000, 0.095, 0.073,-14.000,12.000,-14.000,12.000,-147.824,126.707,-82.417,27.472,898.447,-1363.093,65.0000,320.711,239.917,107.288,61.772,480.047,-2.137, 2.145,-0.011,-0.032, 4.914,-0.303,0.00000,0.00000,-0.03227,0.04900,-0.00097,0.00000,-0.30260,-0.10614,5.00000,0.08598,-0.13919,0.00000,0.00000
1722031885.057538,394.000,352.000,65.000,388.000,354.000,65.000,384.000,356.000,65.000, 0.073, 0.099,-6.000, 2.000,-6.000, 2.000,-82.417,27.472,-40.584,20.292,424.433,-72.852,65.0000,320.641,239.973,107.200,61.782,480.585,-2.135, 2.142,-0.002, 0.016, 4.806,-0.678,0.00000,0.00000,0.01618,0.04839,0.00386,0.00000,-0.67831,-0.10689,5.00000,0.19447,-0.13919,0.00000,0.00000
1722031885.1583302,388.000,354.000,65.000,384.000,356.000,65.000,388.000,354.000,65.000, 0.099, 0.101,-4.000, 2.000,-4.000, 2.000,-40.584,20.292,39.727,-19.864,797.627,-398.813,65.0000,320.156,239.675,106.774,61.810,480.255,-2.134, 2.138,-0.010, 0.103, 5.195,-0.648,0.00000,0.00000,0.10309,0.04735,0.00424,0.00000,-0.64805,-0.10185,5.00000,-0.19532,-0.13919,0.00000,0.00000
1722031885.279413,384.000,356.000,65.000,388.000,354.000,65.000,400.000,346.000,65.000, 0.101, 0.121, 4.000,-2.000, 4.000,-2.000,39.727,-19.864,99.020,-66.013,489.262,-380.811,65.0000,320.200,240.067,107.339,61.616,479.244,-2.135, 2.150,-0.018,-0.223, 5.034,-0.057,0.00000,0.00000,-0.22262,0.05196,-0.00240,0.00000,-0.05710,-0.10422,5.00000,-0.03440,-0.13919,0.00000,0.00000
1722031885.353003,388.000,354.000,65.000,400.000,346.000,65.000,408.000,338.000,63.000, 0.121, 0.074,12.000,-8.000,12.000,-8.000,99.020,-66.013,108.710,-108.710,131.684,-580.203,63.0000,320.139,240.080,107.256,61.644,479.476,-2.134, 2.148,-0.013,-0.180, 4.960,-0.268,0.00000,0.00000,-0.17960,0.05051,0.00146,0.00000,-0.26847,-0.10492,5.00000,0.04001,-0.13919,0.00000,0.00000
1722031885.445826,400.000,346.000,65.000,408.000,338.000,63.000,424.000,324.000,65.000, 0.074, 0.093, 8.000,-8.000, 8.000,-8.000,108.710,-108.710,172.379,-150.831,685.939,-453.796,65.0000,320.481,239.535,107.551,61.423,478.219,-2.137, 2.155,-0.037,-0.313, 5.309, 0.702,0.00000,0.00000,-0.31318,0.05254,-0.01143,0.00000,0.70218,-0.10017,5.00000,-0.30903,-0.13919,0.00000,0.00000
1722031885.556818,408.000,338.000,63.000,424.000,324.000,65.000,438.000,304.000,65.000, 0.093, 0.111,16.000,-14.000,16.000,-14.000,172.379,-150.831,126.195,-180.279,-416.294,-265.439,65.0000,320.143,239.926,107.424,61.444,479.424,-2.134, 2.151,-0.017,-0.286, 5.015,-0.062,0.00000,0.00000,-0.28554,0.05192,-0.00105,0.00000,-0.06243,-0.10405,5.00000,-0.01465,-0.13919,0.00000,0.00000
1722031885.649853,424.000,324.000,65.000,438.000,304.000,65.000,448.000,280.000,65.000, 0.111, 0.093,14.000,-20.000,14.000,-20.000,126.195,-180.279,107.425,-257.819,-201.643,-832.970,65.0000,320.338,240.150,107.523,61.446,479.605,-2.130, 2.148,-0.006,-0.292, 4.874,-0.525,0.00000,0.00000,-0.29151,0.05222,0.00417,0.00000,-0.52523,-0.10548,5.00000,0.12582,-0.13919,0.00000,0.00000
1722031885.7468731,438.000,304.000,65.000,448.000,280.000,65.000,450.000,256.000,63.000, 0.093, 0.097,10.000,-24.000,10.000,-24.000,107.425,-257.819,20.638,-247.652,-895.539,104.911,63.0000,320.188,239.460,107.652,61.225,478.129,-2.138, 2.159,-0.031,-0.416, 4.983, 0.673,0.00000,0.00000,-0.41641,0.05404,-0.01165,0.00000,0.67340,-0.10405,5.00000,0.01678,-0.13919,0.00000,0.00000
1722031885.8420632,448.000,280.000,65.000,450.000,256.000,63.000,452.000,236.000,66.000, 0.097, 0.095, 2.000,-24.000, 2.000,-24.000,20.638,-247.652,20.988,-209.877, 3.674,396.401,66.0000,320.221,239.174,107.667,61.400,475.567,-2.151, 2.170,-0.043,-0.399, 4.648, 1.664,0.00000,0.00000,-0.39872,0.05363,-0.02457,0.00000,1.66420,-0.10877,5.00000,0.35227,-0.13919,0.00000,0.00000
1722031885.9411252,450.000,256.000,63.000,452.000,236.000,66.000,450.000,216.000,66.000, 0.095, 0.099, 2.000,-20.000, 2.000,-20.000,20.988,-209.877,-20.189,-201.888,-415.651,80.652,66.0000,320.156,239.609,107.531,61.089,480.327,-2.127, 2.150,-0.038,-0.419, 5.791, 0.294,0.00000,0.00000,-0.41949,0.05416,-0.00791,0.00000,0.29360,-0.09354,5.00000,-0.79120,-0.13919,0.00000,0.00000
1722031886.043913,452.000,236.000,66.000,450.000,216.000,66.000,448.000,206.000,66.000, 0.099, 0.103,-2.000,-20.000,-2.000,-20.000,-20.189,-201.888,-19.458,-97.288, 7.113,1017.628,66.0000,320.342,240.106,107.692,61.196,479.774,-2.125, 2.149,-0.016,-0.438, 5.271,-0.378,0.00000,0.00000,-0.43767,0.05456,-0.00149,0.00000,-0.37774,-0.10070,5.00000,-0.27078,-0.13919,0.00000,0.00000
1722031886.140241,450.000,216.000,66.000,448.000,206.000,66.000,444.000,200.000,66.000, 0.103, 0.096,-2.000,-10.000,-2.000,-10.000,-19.458,-97.288,-41.526,-62.289,-229.106,363.344,66.0000,320.344,240.495,107.782,61.423,479.544,-2.132, 2.154,-0.007,-0.424, 4.684,-0.284,0.00000,0.00000,-0.42408,0.05454,-0.00300,0.00000,-0.28435,-0.10729,5.00000,0.31566,-0.13919,0.00000,0.00000
1722031886.215341,448.000,206.000,66.000,444.000,200.000,66.000,446.000,198.000,66.000, 0.096, 0.075,-4.000,-6.000,-4.000,-6.000,-41.526,-62.289,26.649,-26.649,908.394,474.889,66.0000,319.677,240.107,107.206,61.742,478.258,-2.143, 2.156,-0.009,-0.213, 4.360, 0.116,0.00000,0.00000,-0.21335,0.05195,-0.00770,0.00000,0.11578,-0.11142,5.00000,0.63978,-0.13919,0.00000,0.00000
1722031886.3105412,444.000,200.000,66.000,446.000,198.000,66.000,444.000,200.000,67.000, 0.075, 0.095, 2.000,-2.000, 2.000,-2.000,26.649,-26.649,-20.999,20.999,-500.292,500.292,67.0000,320.096,240.405,107.302,61.615,480.084,-2.130, 2.145, 0.001,-0.206, 4.800,-0.811,0.00000,0.00000,-0.20629,0.05259,0.00519,0.00000,-0.81129,-0.10627,5.00000,0.19975,-0.13919,0.00000,0.00000
1722031886.409051,446.000,198.000,66.000,444.000,200.000,67.000,446.000,204.000,66.000, 0.095, 0.098,-2.000, 2.000,-2.000, 2.000,-20.999,20.999,20.316,40.632,419.678,199.424,66.0000,320.287,240.179,107.490,61.795,477.717,-2.143, 2.160,-0.055,-0.333, 5.476, 1.457,0.00000,0.00000,-0.33315,0.05443,-0.02520,0.00000,1.45693,-0.09821,5.00000,-0.47590,-0.13919,0.00000,0.00000
1722031886.500659,444.000,200.000,67.000,446.000,204.000,66.000,450.000,216.000,66.000, 0.098, 0.092, 2.000, 4.000, 2.000, 4.000,20.316,40.632,43.620,130.860,254.132,983.940,66.0000,320.544,240.086,107.633,61.554,479.191,-2.137, 2.154,-0.029,-0.314, 5.137, 0.443,0.00000,0.00000,-0.31439,0.05396,-0.01102,0.00000,0.44303,-0.10285,5.00000,-0.13668,-0.13919,0.00000,0.00000
1722031886.574632,446.000,204.000,66.000,450.000,216.000,66.000,452.000,226.000,65.000, 0.092, 0.074, 4.000,12.000, 4.000,12.000,43.620,130.860,27.079,135.393,-223.959,61.375,65.0000,320.760,239.871,107.664,61.649,478.591,-2.142, 2.158,-0.058,-0.315, 5.608, 1.497,0.00000,0.00000,-0.31544,0.05419,-0.02765,0.00000,1.49665,-0.09571,5.00000,-0.60808,-0.13919,0.00000,0.00000
1722031886.6740339,450.000,216.000,66.000,452.000,226.000,65.000,452.000,242.000,65.000, 0.074, 0.100, 2.000,10.000, 2.000,10.000,27.079,135.393, 0.000,160.798,-272.136,255.310,65.0000,319.926,239.912,106.960,61.732,480.256,-2.134, 2.145,-0.048,-0.133, 5.957, 0.594,0.00000,0.00000,-0.13264,0.05187,-0.01688,0.00000,0.59438,-0.09049,5.00000,-0.95676,-0.13919,0.00000,0.00000
1722031886.768461,452.000,226.000,65.000,452.000,242.000,65.000,452.000,264.000,66.000, 0.100, 0.094, 0.000,16.000, 0.000,16.000, 0.000,160.798, 0.000,232.972, 0.000,764.303,66.0000,320.010,240.774,107.077,62.162,478.949,-2.141, 2.148, 0.011,-0.031, 4.114,-0.700,0.00000,0.00000,-0.03081,0.05111,-0.00195,0.00000,-0.70024,-0.11397,5.00000,0.88564,-0.13919,0.00000,0.00000
1722031886.862701,452.000,242.000,65.000,452.000,264.000,66.000,446.000,286.000,66.000, 0.094, 0.094, 0.000,22.000, 0.000,22.000, 0.000,232.972,-63.665,233.439,-675.542, 4.953,66.0000,319.579,241.055,106.578,62.369,480.468,-2.136, 2.138, 0.009, 0.135, 4.598,-1.100,0.00000,0.00000,0.13491,0.04920,0.00291,0.00000,-1.10048,-0.10644,5.00000,0.40158,-0.13919,0.00000,-1.00000
1722031886.935893,452.000,264.000,66.000,446.000,286.000,66.000,440.000,302.000,66.000, 0.094, 0.073,-6.000,22.000,-6.000,22.000,-63.665,233.439,-82.024,218.732,-250.984,-201.059,66.0000,319.842,241.078,106.752,62.194,481.056,-2.130, 2.135, 0.016, 0.088, 4.648,-1.501,0.00000,0.00000,0.08797,0.05026,0.00992,0.00000,-1.50104,-0.10730,5.00000,0.35199,-0.13919,0.00000,-1.00000
1722031887.0341692,446.000,286.000,66.000,440.000,302.000,66.000,428.000,322.000,66.000, 0.073, 0.098,-6.000,16.000,-6.000,16.000,-82.024,218.732,-122.058,203.429,-407.196,-155.649,66.0000,320.919,241.143,107.288,62.415,479.346,-2.138, 2.146,-0.031,-0.031, 5.376, 0.273,0.00000,0.00000,-0.03076,0.05168,-0.01163,0.00000,0.27263,-0.09826,5.00000,-0.37573,-0.13919,0.00000,-1.00000
1722031887.129462,440.000,302.000,66.000,428.000,322.000,66.000,416.000,334.000,66.000, 0.098, 0.095,-12.000,20.000,-12.000,20.000,-122.058,203.429,-125.929,125.929,-40.627,-813.294,66.0000,320.849,239.241,107.090,61.584,480.579,-2.133, 2.138,-0.019, 0.069, 5.452,-0.429,0.00000,0.00000,0.06860,0.05000,-0.00004,0.00000,-0.42884,-0.09757,5.00000,-0.45228,-0.13919,0.00000,0.00000
1722031887.202386,428.000,322.000,66.000,416.000,334.000,66.000,406.000,342.000,65.000, 0.095, 0.073,-12.000,12.000,-12.000,12.000,-125.929,125.929,-137.252,109.801,-155.408,-221.353,65.0000,321.207,239.183,107.260,61.673,479.581,-2.137, 2.142,-0.031, 0.043, 5.530, 0.123,0.00000,0.00000,0.04266,0.05061,-0.00768,0.00000,0.12255,-0.02824,0.00000,-5.52950,-0.14786,1.00000,0.00000
1722031887.298005,416.000,334.000,66.000,406.000,342.000,65.000,400.000,346.000,66.000, 0.073, 0.096,-10.000, 8.000,-10.000, 8.000,-137.252,109.801,-62.780,41.854,779.224,-710.965,66.0000,320.371,238.684,106.898,61.503,479.685,-2.139, 2.142,-0.009, 0.116, 4.885,-0.391,0.00000,0.00000,0.11619,0.04952,-0.00016,0.00000,-0.39109,-0.03351,0.00000,-4.88506,-0.13686,0.00000,1.00000
1722031887.392763,406.000,342.000,65.000,400.000,346.000,66.000,396.000,346.000,65.000, 0.096, 0.095,-6.000, 4.000,-6.000, 4.000,-62.780,41.854,-42.173, 0.000,217.268,-441.275,65.0000,318.120,239.215,105.631,62.199,479.052,-2.151, 2.141, 0.019, 0.410, 3.791,-0.833,0.00000,0.00000,0.41002,0.04571,0.00581,0.00000,-0.83253,-0.03756,0.00000,-3.79053,-0.13119,-1.00000,0.00000
1722031887.4916322,400.000,346.000,66.000,396.000,346.000,65.000,398.000,344.000,66.000, 0.095, 0.099,-4.000, 0.000,-4.000, 0.000,-42.173, 0.000,20.224,-20.224,630.972,-204.511,66.0000,316.285,239.964,105.790,61.708,477.979,-2.145, 2.155, 0.046,-0.121, 2.849,-1.300,0.00000,0.00000,-0.12107,0.05356,0.01311,0.00000,-1.29982,-0.04105,0.00000,-2.84949,-0.11619,-3.00000,0.00000
1722031887.563461,396.000,346.000,65.000,398.000,344.000,66.000,402.000,342.000,64.000, 0.099, 0.072, 2.000,-2.000, 2.000,-2.000,20.224,-20.224,55.773,-27.886,495.654,-106.832,64.0000,316.393,240.371,106.332,61.603,476.463,-2.151, 2.168, 0.072,-0.381, 1.623,-1.422,0.00000,0.00000,-0.38088,0.05554,0.01666,0.00000,-1.42186,-0.05050,0.00000,-1.62285,-0.12020,-3.00000,0.00000
1722031887.6622028,398.000,344.000,66.000,402.000,342.000,64.000,404.000,338.000,66.000, 0.072, 0.099, 4.000,-2.000, 4.000,-2.000,55.773,-27.886,20.238,-40.476,-359.572,-127.390,66.0000,315.718,239.689,105.689,61.711,476.439,-2.157, 2.165, 0.075,-0.144, 1.459,-1.398,0.00000,0.00000,-0.14447,0.05175,0.01900,0.00000,-1.39820,-0.04763,0.00000,-1.45875,-0.10953,-4.00000,0.00000
1722031887.754251,402.000,342.000,64.000,404.000,338.000,66.000,410.000,334.000,66.000, 0.099, 0.092, 2.000,-4.000, 2.000,-4.000,20.238,-40.476,65.164,-43.443,487.932,-32.226,66.0000,315.732,239.556,105.772,61.598,476.390,-2.157, 2.167, 0.076,-0.187, 1.349,-1.371,0.00000,0.00000,-0.18652,0.05310,0.02146,0.00000,-1.37084,-0.04595,0.00000,-1.34878,-0.10987,-4.00000,0.00000
1722031887.829658,404.000,338.000,66.000,410.000,334.000,66.000,414.000,330.000,66.000, 0.092, 0.075, 6.000,-4.000, 6.000,-4.000,65.164,-43.443,53.118,-53.118,-159.966,-128.485,66.0000,317.160,239.267,106.482,61.491,474.892,-2.162, 2.175, 0.052,-0.276, 1.674,-0.411,0.00000,0.00000,-0.27563,0.05427,0.01128,0.00000,-0.41142,-0.03870,0.00000,-1.67388,-0.12454,-2.00000,0.00000
1722031887.929875,410.000,334.000,66.000,414.000,330.000,66.000,418.000,326.000,64.000, 0.075, 0.100, 4.000,-4.000, 4.000,-4.000,53.118,-53.118,39.927,-39.927,-131.672,131.672,64.0000,318.753,238.928,107.000,61.643,473.146,-2.171, 2.181, 0.025,-0.200, 1.976, 0.742,0.00000,0.00000,-0.20048,0.05313,-0.00202,0.00000,0.74150,-0.03176,0.00000,-1.97639,-0.12588,-1.00000,1.00000
1722031888.020283,414.000,330.000,66.000,418.000,326.000,64.000,424.000,320.000,65.000, 0.100, 0.091, 4.000,-4.000, 4.000,-4.000,39.927,-39.927,66.260,-66.260,290.798,-290.798,65.0000,318.449,238.990,106.660,61.917,473.499,-2.179, 2.180, 0.060,-0.016, 0.808, 0.058,0.00000,0.00000,-0.01551,0.05096,0.00745,0.00000,0.05843,-0.04404,0.00000,-0.80787,-0.12221,-1.00000,1.00000
1722031888.120855,418.000,326.000,64.000,424.000,320.000,65.000,428.000,312.000,65.000, 0.091, 0.101, 6.000,-6.000, 6.000,-6.000,66.260,-66.260,39.790,-79.581,-263.304,-132.514,65.0000,317.421,239.517,106.005,62.027,476.288,-2.161, 2.160, 0.072, 0.095, 1.560,-1.389,0.00000,0.00000,0.09530,0.05002,0.02585,0.00000,-1.38895,-0.03053,0.00000,-1.55954,-0.11287,-2.00000,0.00000
1722031888.2297,424.000,320.000,65.000,428.000,312.000,65.000,430.000,308.000,65.000, 0.101, 0.109, 4.000,-8.000, 4.000,-8.000,39.790,-79.581,18.371,-36.741,-196.747,393.494,65.0000,317.199,240.087,106.168,62.086,475.683,-2.161, 2.167, 0.057,-0.070, 1.769,-0.766,0.00000,0.00000,-0.06974,0.05254,0.01804,0.00000,-0.76609,-0.02571,0.00000,-1.76898,-0.11454,-2.00000,0.00000
1722031888.320833,428.000,312.000,65.000,430.000,308.000,65.000,436.000,304.000,67.000, 0.109, 0.091, 2.000,-4.000, 2.000,-4.000,18.371,-36.741,65.832,-43.888,520.747,-78.413,67.0000,317.219,240.452,106.383,62.070,475.518,-2.162, 2.170, 0.077,-0.178, 1.115,-1.154,0.00000,0.00000,-0.17785,0.05354,0.02575,0.00000,-1.15449,-0.03132,0.00000,-1.11540,-0.11321,-2.00000,0.00000
1722031888.414855,430.000,308.000,65.000,436.000,304.000,67.000,438.000,300.000,67.000, 0.091, 0.094, 6.000,-4.000, 6.000,-4.000,65.832,-43.888,21.269,-42.538,-473.905,14.359,67.0000,318.102,239.520,106.322,62.171,475.061,-2.170, 2.168, 0.083, 0.101, 0.751,-1.138,0.00000,0.00000,0.10071,0.04954,0.02726,0.00000,-1.13844,-0.03303,0.00000,-0.75102,-0.12055,-1.00000,0.00000
1722031888.514441,436.000,304.000,67.000,438.000,300.000,67.000,440.000,296.000,67.000, 0.094, 0.100, 2.000,-4.000, 2.000,-4.000,21.269,-42.538,20.084,-40.168,-11.897,23.795,67.0000,318.314,239.134,106.186,62.261,474.665,-2.174, 2.167, 0.060, 0.228, 1.293,-0.461,0.00000,0.00000,0.22768,0.04861,0.02041,0.00000,-0.46114,-0.02366,0.00000,-1.29291,-0.11688,-1.00000,0.00000
1722031888.589238,438.000,300.000,67.000,440.000,296.000,67.000,438.000,296.000,66.000, 0.100, 0.075, 2.000,-4.000, 2.000,-4.000,20.084,-40.168,-26.782, 0.000,-627.585,537.894,66.0000,319.190,239.509,106.694,62.299,474.286,-2.173, 2.170, 0.070, 0.141, 0.994,-0.667,0.00000,0.00000,0.14088,0.05005,0.02513,0.00000,-0.66708,-0.02592,0.00000,-0.99437,-0.12488,0.00000,0.00000
1722031888.683127,440.000,296.000,67.000,438.000,296.000,66.000,440.000,292.000,65.000, 0.075, 0.094,-2.000, 0.000,-2.000, 0.000,-26.782, 0.000,21.285,-42.570,511.560,-453.060,65.0000,318.252,239.042,106.601,61.886,473.654,-2.176, 2.178, 0.068,-0.035, 0.744,-0.298,0.00000,0.00000,-0.03530,0.05210,0.02118,0.00000,-0.29816,-0.02687,0.00000,-0.74417,-0.11321,-1.00000,0.00000
1722031888.787682,438.000,296.000,66.000,440.000,292.000,65.000,440.000,292.000,66.000, 0.094, 0.105, 2.000,-4.000, 2.000,-4.000,21.285,-42.570, 0.000, 0.000,-203.491,406.982,66.0000,318.176,238.411,106.057,62.312,471.131,-2.195, 2.185, 0.046, 0.282, 0.585, 0.982,0.00000,0.00000,0.28155,0.04731,0.00504,0.00000,0.98219,-0.02715,0.00000,-0.58523,-0.11555,-1.00000,1.00000
1722031888.8879292,440.000,292.000,65.000,440.000,292.000,66.000,438.000,290.000,64.000, 0.105, 0.100, 0.000, 0.000, 0.000, 0.000, 0.000, 0.000,-19.967,-19.967,-199.342,-199.342,64.0000,317.421,238.739,105.717,62.229,474.126,-2.177, 2.168, 0.048, 0.277, 1.519,-0.037,0.00000,0.00000,0.27730,0.04818,0.01877,0.00000,-0.03741,-0.01314,0.00000,-1.51865,-0.10621,-2.00000,1.00000
1722031888.981497,440.000,292.000,66.000,438.000,290.000,64.000,442.000,290.000,67.000, 0.100, 0.094,-2.000,-2.000,-2.000,-2.000,-19.967,-19.967,42.716, 0.000,669.389,213.228,67.0000,317.684,238.577,106.415,61.594,473.871,-2.171, 2.175, 0.074,-0.077, 0.782,-0.657,0.00000,0.00000,-0.07657,0.05280,0.02568,0.00000,-0.65750,-0.02146,0.00000,-0.78169,-0.10788,-2.00000,1.00000
1722031889.074759,438.000,290.000,64.000,442.000,290.000,67.000,440.000,288.000,66.000, 0.094, 0.093, 4.000, 0.000, 4.000, 0.000,42.716, 0.000,-21.443,-21.443,-687.886,-229.905,66.0000,316.307,239.917,105.396,62.512,475.039,-2.172, 2.166, 0.069, 0.203, 1.123,-0.775,0.00000,0.00000,0.20292,0.04801,0.02765,0.00000,-0.77528,-0.01418,0.00000,-1.12282,-0.09788,-3.00000,0.00000
1722031889.150475,442.000,290.000,67.000,440.000,288.000,66.000,440.000,290.000,66.000, 0.093, 0.076,-2.000,-2.000,-2.000,-2.000,-21.443,-21.443, 0.000,26.428,283.354,632.584,66.0000,316.973,240.051,105.860,62.518,473.680,-2.179, 2.176, 0.065, 0.095, 0.769,-0.217,0.00000,0.00000,0.09479,0.05020,0.02148,0.00000,-0.21653,-0.01723,0.00000,-0.76889,-0.09889,-3.00000,0.00000
1722031889.248487,440.000,288.000,66.000,440.000,290.000,66.000,440.000,294.000,68.000, 0.076, 0.098, 0.000, 2.000, 0.000, 2.000, 0.000,26.428, 0.000,40.839, 0.000,147.132,68.0000,317.143,239.989,106.014,62.521,472.201,-2.185, 2.185, 0.045, 0.039, 0.886, 0.730,0.00000,0.00000,0.03852,0.05059,0.00997,0.00000,0.73034,-0.01359,0.00000,-0.88553,-0.10556,-2.00000,0.00000
1722031889.3426409,440.000,290.000,66.000,440.000,294.000,68.000,438.000,296.000,66.000, 0.098, 0.094, 0.000, 4.000, 0.000, 4.000, 0.000,40.839,-21.217,21.217,-225.081,-208.163,66.0000,318.795,239.399,106.462,62.509,471.940,-2.186, 2.180, 0.062, 0.183, 0.552, 0.204,0.00000,0.00000,0.18286,0.04845,0.01705,0.00000,0.20350,-0.01649,0.00000,-0.55232,-0.10989,-1.00000,0.00000
1722031889.4412868,440.000,294.000,68.000,438.000,296.000,66.000,438.000,296.000,66.000, 0.094, 0.099,-2.000, 2.000,-2.000, 2.000,-21.217,21.217, 0.000, 0.000,215.095,-215.095,66.0000,318.391,239.604,106.447,62.427,472.342,-2.184, 2.181, 0.069, 0.095, 0.379,-0.002,0.00000,0.00000,0.09508,0.04998,0.01862,0.00000,-0.00168,-0.01722,0.00000,-0.37923,-0.10622,-1.00000,0.00000
1722031889.547004,438.000,296.000,66.000,438.000,296.000,66.000,438.000,300.000,66.000, 0.099, 0.106, 0.000, 0.000, 0.000, 0.000, 0.000, 0.000, 0.000,37.836, 0.000,357.899,66.0000,318.194,239.594,106.635,62.245,471.084,-2.189, 2.191, 0.077,-0.070,-0.246, 0.245,0.00000,0.00000,-0.07027,0.05190,0.01498,0.00000,0.24522,-0.02465,0.00000,0.24592,-0.10556,-1.00000,0.00000
1722031889.639403,438.000,296.000,66.000,438.000,300.000,66.000,436.000,302.000,68.000, 0.106, 0.092, 0.000, 4.000, 0.000, 4.000, 0.000,37.836,-21.644,21.644,-234.234,-175.234,68.0000,318.328,239.422,106.722,62.052,472.324,-2.181, 2.184, 0.085,-0.091,-0.044,-0.404,0.00000,0.00000,-0.09123,0.05173,0.02363,0.00000,-0.40401,-0.02147,0.00000,0.04387,-0.10489,-1.00000,0.00000
1722031889.7331588,438.000,300.000,66.000,436.000,302.000,68.000,432.000,308.000,67.000, 0.092, 0.094,-2.000, 2.000,-2.000, 2.000,-21.644,21.644,-42.662,63.993,-224.168,451.675,67.0000,318.060,239.488,106.557,62.102,472.833,-2.180, 2.182, 0.087,-0.055,-0.000,-0.569,0.00000,0.00000,-0.05474,0.05122,0.02568,0.00000,-0.56887,-0.02128,0.00000,0.00042,-0.10422,-1.00000,0.00000
1722031889.808576,436.000,302.000,68.000,432.000,308.000,67.000,430.000,310.000,66.000, 0.094, 0.075,-4.000, 6.000,-4.000, 6.000,-42.662,63.993,-26.558,26.558,213.847,-497.101,66.0000,318.142,239.442,106.570,62.083,473.227,-2.179, 2.181, 0.080,-0.037, 0.246,-0.427,0.00000,0.00000,-0.03742,0.05112,0.02465,0.00000,-0.42680,-0.01802,0.00000,-0.24597,-0.10356,-1.00000,0.00000
1722031889.907142,432.000,308.000,67.000,430.000,310.000,66.000,430.000,314.000,65.000, 0.075, 0.099,-2.000, 2.000,-2.000, 2.000,-26.558,26.558, 0.000,40.585,269.465,142.326,65.0000,319.190,239.641,106.827,62.374,472.653,-2.182, 2.180, 0.073, 0.068, 0.370,-0.184,0.00000,0.00000,0.06761,0.04977,0.02244,0.00000,-0.18396,-0.01622,0.00000,-0.36966,-0.11156,0.00000,0.00000
1722031889.9996438,430.000,310.000,66.000,430.000,314.000,65.000,426.000,318.000,66.000, 0.099, 0.093, 0.000, 4.000, 0.000, 4.000, 0.000,40.585,-43.191,43.191,-466.364,28.135,66.0000,319.177,239.396,106.394,62.669,473.027,-2.185, 2.174, 0.052, 0.327, 1.015, 0.264,0.00000,0.00000,0.32726,0.04655,0.01713,0.00000,0.26383,-0.00696,0.00000,-1.01508,-0.10856,0.00000,0.00000
1722031890.075605,430.000,314.000,65.000,426.000,318.000,66.000,424.000,320.000,66.000, 0.093, 0.076,-4.000, 4.000,-4.000, 4.000,-43.191,43.191,-26.348,26.348,221.887,-221.887,66.0000,319.448,239.426,106.681,62.608,471.735,-2.191, 2.182, 0.075, 0.228,-0.006, 0.053,0.00000,0.00000,0.22848,0.04850,0.02012,0.00000,0.05304,-0.01968,0.00000,0.00582,-0.10856,0.00000,0.00000
1722031890.166328,426.000,318.000,66.000,424.000,320.000,66.000,422.000,324.000,66.000, 0.076, 0.091,-2.000, 2.000,-2.000, 2.000,-26.348,26.348,-22.030,44.060,47.569,195.088,66.0000,319.166,239.255,106.362,62.812,470.412,-2.199, 2.186, 0.056, 0.349, 0.161, 0.920,0.00000,0.00000,0.34914,0.04646,0.00800,0.00000,0.91988,-0.01591,0.00000,-0.16102,-0.10856,0.00000,0.00000
1722031890.268418,424.000,320.000,66.000,422.000,324.000,66.000,418.000,326.000,66.000, 0.091, 0.102,-2.000, 4.000,-2.000, 4.000,-22.030,44.060,-39.186,19.593,-168.072,-239.688,66.0000,318.220,238.865,105.542,62.921,472.544,-2.192, 2.169, 0.077, 0.612, 0.238,-0.323,0.00000,0.00000,0.61210,0.04309,0.02424,0.00000,-0.32290,-0.01480,0.00000,-0.23764,-0.09989,-1.00000,1.00000
1722031890.363509,422.000,324.000,66.000,418.000,326.000,66.000,414.000,330.000,66.000, 0.102, 0.095,-4.000, 2.000,-4.000, 2.000,-39.186,19.593,-42.061,42.061,-30.234,236.262,66.0000,318.373,239.629,106.249,62.532,473.722,-2.181, 2.173, 0.089, 0.222, 0.177,-0.850,0.00000,0.00000,0.22191,0.04885,0.03014,0.00000,-0.85050,-0.01526,0.00000,-0.17684,-0.10223,-1.00000,0.00000
1722031890.435785,418.000,326.000,66.000,414.000,330.000,66.000,412.000,332.000,65.000, 0.095, 0.072,-4.000, 4.000,-4.000, 4.000,-42.061,42.061,-27.680,27.680,199.039,-199.039,65.0000,317.816,239.351,106.311,62.166,473.130,-2.180, 2.179, 0.091, 0.036,-0.023,-0.752,0.00000,0.00000,0.03604,0.05007,0.02971,0.00000,-0.75173,-0.01751,0.00000,0.02261,-0.09289,-2.00000,0.00000
1722031890.529261,414.000,330.000,66.000,412.000,332.000,65.000,410.000,334.000,66.000, 0.072, 0.094,-2.000, 2.000,-2.000, 2.000,-27.680,27.680,-21.390,21.390,67.270,-67.270,66.0000,317.829,239.333,105.919,62.610,472.514,-2.189, 2.178, 0.085, 0.287,-0.136,-0.358,0.00000,0.00000,0.28712,0.04611,0.02605,0.00000,-0.35849,-0.01878,0.00000,0.13572,-0.09456,-2.00000,0.00000
1722031890.629886,412.000,332.000,65.000,410.000,334.000,66.000,408.000,334.000,66.000, 0.094, 0.101,-2.000, 2.000,-2.000, 2.000,-21.390,21.390,-19.883, 0.000,14.980,-212.649,66.0000,319.152,238.908,106.533,62.439,471.507,-2.194, 2.184, 0.078, 0.248,-0.214, 0.145,0.00000,0.00000,0.24830,0.04724,0.02056,0.00000,0.14512,-0.01994,0.00000,0.21422,-0.11057,0.00000,1.00000
1722031890.702721,410.000,334.000,66.000,408.000,334.000,66.000,410.000,336.000,67.000, 0.101, 0.073,-2.000, 0.000,-2.000, 0.000,-19.883, 0.000,27.448,27.448,649.586,376.707,67.0000,319.673,238.890,106.645,62.506,471.608,-2.191, 2.180, 0.059, 0.300, 0.494, 0.394,0.00000,0.00000,0.29951,0.04631,0.01766,0.00000,0.39430,-0.01070,0.00000,-0.49359,-0.10456,0.00000,1.00000
1722031890.79842,408.000,334.000,66.000,410.000,336.000,67.000,406.000,336.000,65.000, 0.073, 0.096, 2.000, 2.000, 2.000, 2.000,27.448,27.448,-41.850, 0.000,-725.038,-287.180,65.0000,319.594,238.768,106.708,62.411,471.077,-2.195, 2.186, 0.059, 0.251, 0.190, 0.692,0.00000,0.00000,0.25063,0.04697,0.01323,0.00000,0.69185,-0.01487,0.00000,-0.19031,-0.10456,0.00000,1.00000
1722031890.898817,410.000,336.000,67.000,406.000,336.000,65.000,406.000,338.000,66.000, 0.096, 0.101,-4.000, 0.000,-4.000, 0.000,-41.850, 0.000, 0.000,19.899,416.378,197.976,66.0000,318.500,239.934,106.475,62.659,471.438,-2.191, 2.187, 0.068, 0.114, 0.023, 0.403,0.00000,0.00000,0.11406,0.04855,0.01620,0.00000,0.40271,-0.01629,0.00000,-0.02339,-0.09589,-1.00000,0.00000
1722031890.991497,406.000,336.000,65.000,406.000,338.000,66.000,406.000,338.000,66.000, 0.101, 0.093, 0.000, 2.000, 0.000, 2.000, 0.000,19.899, 0.000, 0.000, 0.000,-214.665,66.0000,318.154,239.990,106.898,62.071,471.844,-2.180, 2.189, 0.086,-0.250,-0.177,-0.298,0.00000,0.00000,-0.24975,0.05299,0.02442,0.00000,-0.29782,-0.01870,0.00000,0.17718,-0.09823,-1.00000,0.00000
1722031891.096086,406.000,338.000,66.000,406.000,338.000,66.000,404.000,338.000,65.000, 0.093, 0.104, 0.000, 0.000, 0.000, 0.000, 0.000, 0.000,-19.144, 0.000,-183.251, 0.000,65.0000,318.166,239.939,106.429,62.574,471.199,-2.190, 2.188, 0.081, 0.049,-0.295, 0.062,0.00000,0.00000,0.04917,0.04799,0.01911,0.00000,0.06199,-0.02034,0.00000,0.29505,-0.09756,-1.00000,0.00000
1722031891.191637,406.000,338.000,66.000,404.000,338.000,65.000,406.000,340.000,65.000, 0.104, 0.096,-2.000, 0.000,-2.000, 0.000,-19.144, 0.000,20.908,20.908,418.707,218.572,65.0000,318.396,240.451,106.786,62.442,472.420,-2.180, 2.184, 0.099,-0.114,-0.385,-0.781,0.00000,0.00000,-0.11421,0.05107,0.03090,0.00000,-0.78071,-0.02197,0.00000,0.38520,-0.09690,-1.00000,0.00000
1722031891.288623,404.000,338.000,65.000,406.000,340.000,65.000,404.000,342.000,67.000, 0.096, 0.097, 2.000, 2.000, 2.000, 2.000,20.908,20.908,-20.621,20.621,-428.174,-2.963,67.0000,318.800,240.110,106.842,62.407,472.404,-2.181, 2.183, 0.071,-0.046, 0.372,-0.107,0.00000,0.00000,-0.04608,0.04971,0.02210,0.00000,-0.10714,-0.01238,0.00000,-0.37213,-0.09623,-1.00000,0.00000
1722031891.363196,406.000,340.000,65.000,404.000,342.000,67.000,404.000,340.000,66.000, 0.097, 0.075,-2.000, 2.000,-2.000, 2.000,-20.621,20.621, 0.000,-26.839,276.717,-636.878,66.0000,319.024,240.398,106.975,62.477,472.678,-2.180, 2.183, 0.082,-0.065, 0.100,-0.410,0.00000,0.00000,-0.06534,0.05020,0.02742,0.00000,-0.41039,-0.01645,0.00000,-0.10000,-0.10424,0.00000,0.00000
1722031891.459142,404.000,342.000,67.000,404.000,340.000,66.000,404.000,344.000,67.000, 0.075, 0.096, 0.000,-2.000, 0.000,-2.000, 0.000,-26.839, 0.000,41.698, 0.000,714.464,67.0000,319.860,240.347,106.935,62.893,471.952,-2.188, 2.181, 0.082, 0.175,-0.081,-0.213,0.00000,0.00000,0.17527,0.04693,0.02511,0.00000,-0.21268,-0.01829,0.00000,0.08104,-0.10123,0.00000,0.00000
1722031891.551649,404.000,340.000,66.000,404.000,344.000,67.000,404.000,342.000,66.000, 0.096, 0.093, 0.000, 4.000, 0.000, 4.000, 0.000,41.698, 0.000,-21.613, 0.000,-684.168,66.0000,319.788,240.000,106.735,62.922,471.778,-2.190, 2.180, 0.074, 0.278, 0.126,-0.002,0.00000,0.00000,0.27759,0.04618,0.02299,0.00000,-0.00156,-0.01538,0.00000,-0.12614,-0.10123,0.00000,0.00000
1722031891.6626759,404.000,344.000,67.000,404.000,342.000,66.000,404.000,340.000,65.000, 0.093, 0.111, 0.000,-2.000, 0.000,-2.000, 0.000,-21.613, 0.000,-18.020, 0.000,32.375,65.0000,319.664,240.295,106.800,62.921,472.051,-2.188, 2.180, 0.080, 0.210,-0.028,-0.175,0.00000,0.00000,0.21022,0.04726,0.02565,0.00000,-0.17488,-0.01752,0.00000,0.02829,-0.10123,0.00000,0.00000
1722031891.751937,404.000,342.000,66.000,404.000,340.000,65.000,406.000,340.000,66.000, 0.111, 0.089, 0.000,-2.000, 0.000,-2.000, 0.000,-18.020,22.391, 0.000,250.670,201.736,66.0000,319.552,240.150,106.611,63.020,471.800,-2.192, 2.180, 0.074, 0.299, 0.027, 0.062,0.00000,0.00000,0.29925,0.04575,0.02254,0.00000,0.06215,-0.01660,0.00000,-0.02687,-0.10123,0.00000,0.00000
1722031891.8795898,404.000,340.000,65.000,406.000,340.000,66.000,406.000,340.000,66.000, 0.089, 0.128, 2.000, 0.000, 2.000, 0.000,22.391, 0.000, 0.000, 0.000,-175.377, 0.000,66.0000,319.390,240.301,106.620,62.978,472.157,-2.188, 2.179, 0.079, 0.250, 0.050,-0.196,0.00000,0.00000,0.24969,0.04654,0.02625,0.00000,-0.19588,-0.01632,0.00000,-0.04992,-0.10123,0.00000,0.00000
1722031891.952055,406.000,340.000,66.000,406.000,340.000,66.000,406.000,338.000,65.000, 0.128, 0.072, 0.000, 0.000, 0.000, 0.000, 0.000, 0.000, 0.000,-27.646, 0.000,-382.141,65.0000,319.345,239.946,106.469,63.007,471.481,-2.194, 2.181, 0.059, 0.330, 0.363, 0.528,0.00000,0.00000,0.33045,0.04517,0.01648,0.00000,0.52821,-0.01202,0.00000,-0.36337,-0.10123,0.00000,0.00000
1722031892.048449,406.000,340.000,66.000,406.000,338.000,65.000,404.000,340.000,65.000, 0.072, 0.097, 0.000,-2.000, 0.000,-2.000, 0.000,-27.646,-20.722,20.722,-214.699,501.135,65.0000,319.464,240.105,106.624,62.922,472.138,-2.188, 2.179, 0.068, 0.265, 0.338, 0.075,0.00000,0.00000,0.26471,0.04614,0.02263,0.00000,0.07503,-0.01212,0.00000,-0.33756,-0.10123,0.00000,0.00000
1722031892.143641,406.000,338.000,65.000,404.000,340.000,65.000,404.000,340.000,65.000, 0.097, 0.095,-2.000, 2.000,-2.000, 2.000,-20.722,20.722, 0.000, 0.000,217.683,-217.683,65.0000,319.469,240.188,106.617,62.981,471.943,-2.190, 2.180, 0.071, 0.272, 0.194, 0.079,0.00000,0.00000,0.27168,0.04571,0.02174,0.00000,0.07937,-0.01334,0.00000,-0.19395,-0.10123,0.00000,0.00000
1722031892.217946,404.000,340.000,65.000,404.000,340.000,65.000,404.000,340.000,65.000, 0.095, 0.074, 0.000, 0.000, 0.000, 0.000, 0.000, 0.000, 0.000, 0.000, 0.000, 0.000,65.0000,319.486,240.183,106.658,62.894,472.769,-2.186, 2.177, 0.069, 0.254, 0.425,-0.067,0.00000,0.00000,0.25406,0.04584,0.02357,0.00000,-0.06733,-0.00962,0.00000,-0.42497,-0.10123,0.00000,0.00000
1722031892.3173141,404.000,340.000,65.000,404.000,340.000,65.000,406.000,342.000,65.000, 0.074, 0.099, 0.000, 0.000, 0.000, 0.000, 0.000, 0.000,20.136,20.136,202.720,202.720,65.0000,319.318,240.049,106.547,62.926,472.015,-2.190, 2.180, 0.069, 0.276, 0.261, 0.128,0.00000,0.00000,0.27639,0.04535,0.02084,0.00000,0.12847,-0.01133,0.00000,-0.26091,-0.10123,0.00000,0.00000
1722031892.40892,404.000,340.000,65.000,406.000,342.000,65.000,406.000,340.000,66.000, 0.099, 0.092, 2.000, 2.000, 2.000, 2.000,20.136,20.136, 0.000,-21.803,-219.503,-457.180,66.0000,319.113,239.990,106.375,63.025,471.549,-2.194, 2.182, 0.067, 0.333, 0.119, 0.352,0.00000,0.00000,0.33329,0.04452,0.01786,0.00000,0.35181,-0.01248,0.00000,-0.11920,-0.10123,0.00000,0.00000
1722031892.483781,406.000,342.000,65.000,406.000,340.000,66.000,404.000,342.000,66.000, 0.092, 0.075, 0.000,-2.000, 0.000,-2.000, 0.000,-21.803,-26.726,26.726,-357.145,648.495,66.0000,318.884,240.186,106.352,62.944,472.622,-2.186, 2.175, 0.086, 0.282, 0.040,-0.560,0.00000,0.00000,0.28234,0.04521,0.02980,0.00000,-0.55994,-0.01309,0.00000,-0.04019,-0.09256,-1.00000,0.00000
1722031892.576129,406.000,340.000,66.000,404.000,342.000,66.000,404.000,340.000,66.000, 0.075, 0.092,-2.000, 2.000,-2.000, 2.000,-26.726,26.726, 0.000,-21.642,289.204,-523.392,66.0000,318.587,239.680,106.484,62.551,471.778,-2.189, 2.184, 0.068, 0.127, 0.200, 0.249,0.00000,0.00000,0.12694,0.04701,0.01863,0.00000,0.24892,-0.01074,0.00000,-0.20013,-0.09490,-1.00000,0.00000
1722031892.6744142,404.000,342.000,66.000,404.000,340.000,66.000,404.000,340.000,66.000, 0.092, 0.098, 0.000,-2.000, 0.000,-2.000, 0.000,-21.642, 0.000, 0.000, 0.000,220.207,66.0000,318.645,239.976,106.577,62.635,471.307,-2.190, 2.187, 0.085, 0.082,-0.395,-0.082,0.00000,0.00000,0.08164,0.04709,0.02382,0.00000,-0.08214,-0.01861,0.00000,0.39493,-0.09423,-1.00000,0.00000
1722031892.778315,404.000,340.000,66.000,404.000,340.000,66.000,404.000,340.000,65.000, 0.098, 0.104, 0.000, 0.000, 0.000, 0.000, 0.000, 0.000, 0.000, 0.000, 0.000, 0.000,65.0000,319.273,240.058,106.858,62.703,470.156,-2.193, 2.191, 0.067, 0.059,-0.080, 0.582,0.00000,0.00000,0.05947,0.04722,0.01452,0.00000,0.58179,-0.01426,0.00000,0.08021,-0.10224,0.00000,0.00000
1722031892.872986,404.000,340.000,66.000,404.000,340.000,65.000,404.000,340.000,65.000, 0.104, 0.095, 0.000, 0.000, 0.000, 0.000, 0.000, 0.000, 0.000, 0.000, 0.000, 0.000,65.0000,318.821,240.092,106.479,62.889,470.688,-2.195, 2.188, 0.078, 0.187,-0.361, 0.284,0.00000,0.00000,0.18690,0.04540,0.01838,0.00000,0.28391,-0.01868,0.00000,0.36098,-0.09056,-1.00000,0.00000
1722031892.972845,404.000,340.000,65.000,404.000,340.000,65.000,404.000,340.000,65.000, 0.095, 0.100, 0.000, 0.000, 0.000, 0.000, 0.000, 0.000, 0.000, 0.000, 0.000, 0.000,65.0000,318.973,240.217,106.686,62.745,471.782,-2.190, 2.185, 0.088, 0.106,-0.423,-0.208,0.00000,0.00000,0.10586,0.04678,0.02401,0.00000,-0.20830,-0.01981,0.00000,0.42266,-0.09290,-1.00000,0.00000
1722031893.0769348,404.000,340.000,65.000,404.000,340.000,65.000,404.000,344.000,68.000, 0.100, 0.104, 0.000, 0.000, 0.000, 0.000, 0.000, 0.000, 0.000,38.471, 0.000,370.002,68.0000,319.058,240.164,106.730,62.722,471.616,-2.190, 2.186, 0.088, 0.098,-0.420,-0.166,0.00000,0.00000,0.09840,0.04659,0.02311,0.00000,-0.16552,-0.02053,0.00000,0.41982,-0.10091,0.00000,0.00000
1722031893.1759639,404.000,340.000,65.000,404.000,344.000,68.000,404.000,342.000,65.000, 0.104, 0.099, 0.000, 4.000, 0.000, 4.000, 0.000,38.471, 0.000,-20.187, 0.000,-592.059,65.0000,318.929,240.102,106.674,62.684,471.608,-2.188, 2.185, 0.067, 0.093, 0.219, 0.249,0.00000,0.00000,0.09317,0.04659,0.01791,0.00000,0.24891,-0.01274,0.00000,-0.21901,-0.08923,-1.00000,0.00000
1722031893.271849,404.000,344.000,68.000,404.000,342.000,65.000,404.000,342.000,66.000, 0.099, 0.096, 0.000,-2.000, 0.000,-2.000, 0.000,-20.187, 0.000, 0.000, 0.000,210.528,66.0000,319.596,240.490,107.219,62.618,471.268,-2.189, 2.191, 0.072,-0.064,-0.125, 0.363,0.00000,0.00000,-0.06434,0.04865,0.01649,0.00000,0.36348,-0.01790,0.00000,0.12453,-0.10024,0.00000,0.00000
1722031893.37653,404.000,342.000,65.000,404.000,342.000,66.000,404.000,340.000,64.000, 0.096, 0.105, 0.000, 0.000, 0.000, 0.000, 0.000, 0.000, 0.000,-19.103, 0.000,-182.458,64.0000,319.608,240.541,107.159,62.607,472.252,-2.180, 2.182, 0.090,-0.037,-0.084,-0.631,0.00000,0.00000,-0.03736,0.04785,0.02935,0.00000,-0.63058,-0.01709,0.00000,0.08394,-0.09724,0.00000,0.00000
1722031893.467443,404.000,342.000,66.000,404.000,340.000,64.000,406.000,340.000,65.000, 0.105, 0.091, 0.000,-2.000, 0.000,-2.000, 0.000,-19.103,21.984, 0.000,241.653,209.980,65.0000,319.659,240.450,107.249,62.527,472.131,-2.182, 2.185, 0.089,-0.073,-0.213,-0.450,0.00000,0.00000,-0.07315,0.04843,0.02668,0.00000,-0.44954,-0.01906,0.00000,0.21266,-0.09724,0.00000,0.00000
1722031893.565584,404.000,340.000,64.000,406.000,340.000,65.000,406.000,340.000,66.000, 0.091, 0.098, 2.000, 0.000, 2.000, 0.000,21.984, 0.000, 0.000, 0.000,-224.007, 0.000,66.0000,319.737,240.307,107.174,62.639,471.172,-2.189, 2.189, 0.073,-0.006,-0.071, 0.266,0.00000,0.00000,-0.00649,0.04746,0.01819,0.00000,0.26576,-0.01737,0.00000,0.07076,-0.09724,0.00000,0.00000
1722031893.661686,406.000,340.000,65.000,406.000,340.000,66.000,404.000,340.000,65.000, 0.098, 0.096, 0.000, 0.000, 0.000, 0.000, 0.000, 0.000,-20.816, 0.000,-216.659, 0.000,65.0000,319.972,240.467,107.320,62.617,471.757,-2.185, 2.187, 0.064,-0.038, 0.354, 0.299,0.00000,0.00000,-0.03808,0.04809,0.01828,0.00000,0.29919,-0.01199,0.00000,-0.35398,-0.09724,0.00000,0.00000
1722031893.735863,406.000,340.000,66.000,404.000,340.000,65.000,406.000,340.000,66.000, 0.096, 0.074,-2.000, 0.000,-2.000, 0.000,-20.816, 0.000,26.994, 0.000,645.286, 0.000,66.0000,319.838,240.423,107.286,62.596,471.550,-2.186, 2.188, 0.074,-0.048,-0.006, 0.140,0.00000,0.00000,-0.04844,0.04815,0.01989,0.00000,0.13985,-0.01678,0.00000,0.00588,-0.09724,0.00000,0.00000
1722031893.835225,404.000,340.000,65.000,406.000,340.000,66.000,406.000,342.000,67.000, 0.074, 0.099, 2.000, 0.000, 2.000, 0.000,26.994, 0.000, 0.000,20.109,-271.406,202.182,67.0000,319.658,240.446,107.207,62.570,472.084,-2.183, 2.184, 0.089,-0.047,-0.213,-0.433,0.00000,0.00000,-0.04724,0.04813,0.02710,0.00000,-0.43297,-0.01905,0.00000,0.21308,-0.09724,0.00000,0.00000
1722031893.928221,406.000,340.000,66.000,406.000,342.000,67.000,406.000,340.000,65.000, 0.099, 0.093, 0.000, 2.000, 0.000, 2.000, 0.000,20.109, 0.000,-21.529, 0.000,-448.195,65.0000,319.583,240.443,107.163,62.567,472.098,-2.181, 2.183, 0.091,-0.045,-0.181,-0.579,0.00000,0.00000,-0.04507,0.04813,0.02908,0.00000,-0.57904,-0.01873,0.00000,0.18092,-0.09724,0.00000,0.00000
1722031894.034199,406.000,342.000,67.000,406.000,340.000,65.000,404.000,340.000,65.000, 0.093, 0.106, 0.000,-2.000, 0.000,-2.000, 0.000,-21.529,-18.871, 0.000,-178.052,203.129,65.0000,319.655,240.413,107.174,62.630,471.319,-2.186, 2.187, 0.077,-0.033,-0.062, 0.023,0.00000,0.00000,-0.03296,0.04799,0.02188,0.00000,0.02313,-0.01754,0.00000,0.06245,-0.09724,0.00000,0.00000
1722031894.127436,406.000,340.000,65.000,404.000,340.000,65.000,406.000,342.000,66.000, 0.106, 0.093,-2.000, 0.000,-2.000, 0.000,-18.871, 0.000,21.429,21.429,431.781,229.593,66.0000,319.710,240.284,107.148,62.626,471.520,-2.188, 2.187, 0.079, 0.005,-0.173, 0.029,0.00000,0.00000,0.00520,0.04753,0.02266,0.00000,0.02938,-0.01933,0.00000,0.17281,-0.09724,0.00000,0.00000
1722031894.225197,404.000,340.000,65.000,406.000,342.000,66.000,404.000,340.000,65.000, 0.093, 0.098, 2.000, 2.000, 2.000, 2.000,21.429,21.429,-20.458,-20.458,-428.461,-428.461,65.0000,319.746,240.296,107.137,62.642,471.672,-2.186, 2.186, 0.077, 0.019,-0.037,-0.017,0.00000,0.00000,0.01932,0.04745,0.02323,0.00000,-0.01651,-0.01767,0.00000,0.03662,-0.09724,0.00000,0.00000
1722031894.299447,406.000,342.000,66.000,404.000,340.000,65.000,408.000,340.000,66.000, 0.098, 0.074,-2.000,-2.000,-2.000,-2.000,-20.458,-20.458,53.917, 0.000,1002.523,275.760,66.0000,319.666,240.278,107.100,62.643,471.590,-2.187, 2.186, 0.082, 0.021,-0.185,-0.109,0.00000,0.00000,0.02079,0.04746,0.02444,0.00000,-0.10896,-0.01995,0.00000,0.18487,-0.09724,0.00000,0.00000
1722031894.3959522,404.000,340.000,65.000,408.000,340.000,66.000,406.000,340.000,66.000, 0.074, 0.096, 4.000, 0.000, 4.000, 0.000,53.917, 0.000,-20.741, 0.000,-774.246, 0.000,66.0000,319.791,240.301,107.185,62.625,471.591,-2.187, 2.187, 0.074, 0.004,-0.025, 0.127,0.00000,0.00000,0.00362,0.04769,0.02134,0.00000,0.12666,-0.01795,0.00000,0.02537,-0.09724,0.00000,0.00000
1722031894.491617,408.000,340.000,66.000,406.000,340.000,66.000,406.000,340.000,66.000, 0.096, 0.096,-2.000, 0.000,-2.000, 0.000,-20.741, 0.000, 0.000, 0.000,216.615, 0.000,66.0000,319.821,240.233,107.164,62.642,471.488,-2.189, 2.188, 0.073, 0.027,-0.068, 0.223,0.00000,0.00000,0.02717,0.04732,0.02014,0.00000,0.22275,-0.01881,0.00000,0.06771,-0.09724,0.00000,0.00000
1722031894.5974221,406.000,340.000,66.000,406.000,340.000,66.000,404.000,340.000,66.000, 0.096, 0.106, 0.000, 0.000, 0.000, 0.000, 0.000, 0.000,-18.902, 0.000,-178.652, 0.000,66.0000,319.791,240.301,107.185,62.625,471.591,-2.187, 2.187, 0.074, 0.004,-0.025, 0.127,0.00000,0.00000,0.00362,0.04769,0.02114,0.00000,0.12666,-0.01831,0.00000,0.02537,-0.09724,0.00000,0.00000
1722031894.690969,406.000,340.000,66.000,404.000,340.000,66.000,406.000,340.000,66.000, 0.106, 0.093,-2.000, 0.000,-2.000, 0.000,-18.902, 0.000,21.392, 0.000,430.989, 0.000,66.0000,320.178,240.320,107.324,62.625,472.052,-2.185, 2.185, 0.060, 0.016, 0.502, 0.378,0.00000,0.00000,0.01621,0.04745,0.01735,0.00000,0.37769,-0.01130,0.00000,-0.50207,-0.09724,0.00000,0.00000
1722031894.786667,404.000,340.000,66.000,406.000,340.000,66.000,406.000,340.000,65.000, 0.093, 0.096, 2.000, 0.000, 2.000, 0.000,21.392, 0.000, 0.000, 0.000,-223.308, 0.000,65.0000,320.052,240.283,107.314,62.584,471.779,-2.186, 2.187, 0.063,-0.011, 0.336, 0.356,0.00000,0.00000,-0.01066,0.04784,0.01726,0.00000,0.35634,-0.01333,0.00000,-0.33609,-0.09724,0.00000,0.00000
1722031894.890455,406.000,340.000,66.000,406.000,340.000,65.000,406.000,340.000,65.000, 0.096, 0.104, 0.000, 0.000, 0.000, 0.000, 0.000, 0.000, 0.000, 0.000, 0.000, 0.000,65.0000,319.821,240.233,107.164,62.642,471.488,-2.189, 2.188, 0.073, 0.027,-0.068, 0.223,0.00000,0.00000,0.02717,0.04726,0.01832,0.00000,0.22275,-0.01786,0.00000,0.06771,-0.09724,0.00000,0.00000
1722031894.9894311,406.000,340.000,65.000,406.000,340.000,65.000,406.000,342.000,66.000, 0.104, 0.099, 0.000, 0.000, 0.000, 0.000, 0.000, 0.000, 0.000,20.209, 0.000,204.202,66.0000,319.838,240.299,107.149,62.674,471.742,-2.188, 2.186, 0.074, 0.041,-0.002, 0.131,0.00000,0.00000,0.04064,0.04718,0.01891,0.00000,0.13148,-0.01650,0.00000,0.00196,-0.09724,0.00000,0.00000
1722031895.0834,406.000,340.000,65.000,406.000,342.000,66.000,406.000,342.000,65.000, 0.099, 0.094, 0.000, 2.000, 0.000, 2.000, 0.000,20.209, 0.000, 0.000, 0.000,-214.774,65.0000,319.927,240.293,107.165,62.691,471.833,-2.188, 2.186, 0.073, 0.056, 0.015, 0.153,0.00000,0.00000,0.05623,0.04699,0.01821,0.00000,0.15333,-0.01637,0.00000,-0.01533,-0.09724,0.00000,0.00000
1722031895.191435,406.000,342.000,66.000,406.000,342.000,65.000,404.000,340.000,64.000, 0.094, 0.108, 0.000, 0.000, 0.000, 0.000, 0.000, 0.000,-18.525,-18.525,-171.594,-171.594,64.0000,319.830,240.313,107.150,62.674,471.786,-2.188, 2.186, 0.076, 0.038,-0.035, 0.079,0.00000,0.00000,0.03850,0.04724,0.01895,0.00000,0.07886,-0.01705,0.00000,0.03525,-0.09724,0.00000,0.00000
1722031895.282078,406.000,342.000,65.000,404.000,340.000,64.000,404.000,340.000,64.000, 0.108, 0.091,-2.000,-2.000,-2.000,-2.000,-18.525,-18.525, 0.000, 0.000,204.220,204.220,64.0000,319.903,240.321,107.200,62.640,472.040,-2.186, 2.185, 0.074, 0.026, 0.086, 0.045,0.00000,0.00000,0.02621,0.04734,0.01913,0.00000,0.04544,-0.01541,0.00000,-0.08562,-0.09724,0.00000,0.00000
1722031895.394379,404.000,340.000,64.000,404.000,340.000,64.000,406.000,340.000,65.000, 0.091, 0.112, 0.000, 0.000, 0.000, 0.000, 0.000, 0.000,17.809, 0.000,158.585, 0.000,65.0000,319.927,240.293,107.165,62.691,471.833,-2.188, 2.186, 0.073, 0.056, 0.015, 0.153,0.00000,0.00000,0.05623,0.04688,0.01753,0.00000,0.15333,-0.01637,0.00000,-0.01533,-0.09724,0.00000,0.00000
1722031895.4937,404.000,340.000,64.000,406.000,340.000,65.000,404.000,340.000,64.000, 0.112, 0.099, 2.000, 0.000, 2.000, 0.000,17.809, 0.000,-20.142, 0.000,-382.202, 0.000,64.0000,319.931,240.278,107.157,62.669,472.079,-2.186, 2.184, 0.072, 0.058, 0.195, 0.054,0.00000,0.00000,0.05759,0.04693,0.01872,0.00000,0.05418,-0.01382,0.00000,-0.19455,-0.09724,0.00000,0.00000
1722031895.5804522,406.000,340.000,65.000,404.000,340.000,64.000,406.000,340.000,66.000, 0.099, 0.087,-2.000, 0.000,-2.000, 0.000,-20.142, 0.000,23.056, 0.000,497.977, 0.000,66.0000,319.759,240.242,107.154,62.635,471.388,-2.189, 2.188, 0.076, 0.016,-0.145, 0.187,0.00000,0.00000,0.01605,0.04746,0.01667,0.00000,0.18703,-0.01829,0.00000,0.14535,-0.09724,0.00000,0.00000
1722031895.69176,404.000,340.000,64.000,406.000,340.000,66.000,406.000,342.000,67.000, 0.087, 0.111, 2.000, 0.000, 2.000, 0.000,23.056, 0.000, 0.000,17.966,-207.109,161.387,67.0000,319.830,240.313,107.150,62.674,471.786,-2.188, 2.186, 0.076, 0.038,-0.035, 0.079,0.00000,0.00000,0.03850,0.04703,0.01796,0.00000,0.07886,-0.01658,0.00000,0.03525,-0.09724,0.00000,0.00000
1722031895.7891798,406.000,340.000,66.000,406.000,342.000,67.000,406.000,342.000,65.000, 0.111, 0.097, 0.000, 2.000, 0.000, 2.000, 0.000,17.966, 0.000, 0.000, 0.000,-184.381,65.0000,319.935,240.280,107.165,62.692,471.790,-2.188, 2.186, 0.072, 0.058, 0.048, 0.204,0.00000,0.00000,0.05831,0.04681,0.01595,0.00000,0.20419,-0.01569,0.00000,-0.04780,-0.09724,0.00000,0.00000
1722031895.8817332,406.000,342.000,67.000,406.000,342.000,65.000,406.000,340.000,65.000, 0.097, 0.092, 0.000, 0.000, 0.000, 0.000, 0.000, 0.000, 0.000,-21.631, 0.000,-233.955,65.0000,319.895,240.242,107.215,62.609,471.744,-2.187, 2.187, 0.072, 0.015, 0.056, 0.190,0.00000,0.00000,0.01474,0.04742,0.01592,0.00000,0.19035,-0.01562,0.00000,-0.05574,-0.09724,0.00000,0.00000
1722031895.978121,406.000,342.000,65.000,406.000,340.000,65.000,406.000,340.000,66.000, 0.092, 0.096, 0.000,-2.000, 0.000,-2.000, 0.000,-21.631, 0.000, 0.000, 0.000,224.390,66.0000,319.838,240.299,107.149,62.674,471.742,-2.188, 2.186, 0.074, 0.041,-0.002, 0.131,0.00000,0.00000,0.04064,0.04694,0.01631,0.00000,0.13148,-0.01630,0.00000,0.00196,-0.09724,0.00000,0.00000
1722031896.074804,406.000,340.000,65.000,406.000,340.000,66.000,406.000,340.000,65.000, 0.096, 0.097, 0.000, 0.000, 0.000, 0.000, 0.000, 0.000, 0.000, 0.000, 0.000, 0.000,65.0000,319.927,240.293,107.165,62.691,471.833,-2.188, 2.186, 0.073, 0.056, 0.015, 0.153,0.00000,0.00000,0.05623,0.04678,0.01566,0.00000,0.15333,-0.01598,0.00000,-0.01533,-0.09724,0.00000,0.00000
1722031896.178568,406.000,340.000,66.000,406.000,340.000,65.000,406.000,342.000,65.000, 0.097, 0.104, 0.000, 0.000, 0.000, 0.000, 0.000, 0.000, 0.000,19.294, 0.000,186.122,65.0000,319.894,240.335,107.200,62.639,472.085,-2.186, 2.185, 0.075, 0.024, 0.053,-0.008,0.00000,0.00000,0.02408,0.04724,0.01756,0.00000,-0.00754,-0.01547,0.00000,-0.05280,-0.09724,0.00000,0.00000
1722031896.269262,406.000,340.000,65.000,406.000,342.000,65.000,406.000,342.000,66.000, 0.104, 0.091, 0.000, 2.000, 0.000, 2.000, 0.000,19.294, 0.000, 0.000, 0.000,-212.464,66.0000,319.813,240.198,107.181,62.578,471.821,-2.186, 2.186, 0.074, 0.011, 0.062, 0.038,0.00000,0.00000,0.01098,0.04731,0.01672,0.00000,0.03782,-0.01530,0.00000,-0.06164,-0.09724,0.00000,0.00000
1722031896.342732,406.000,342.000,65.000,406.000,342.000,66.000,404.000,340.000,66.000, 0.091, 0.073, 0.000, 0.000, 0.000, 0.000, 0.000, 0.000,-27.260,-27.260,-371.561,-371.561,66.0000,319.830,240.313,107.150,62.674,471.786,-2.188, 2.186, 0.076, 0.038,-0.035, 0.079,0.00000,0.00000,0.03850,0.04689,0.01616,0.00000,0.07886,-0.01650,0.00000,0.03525,-0.09724,0.00000,0.00000
1722031896.436682,406.000,342.000,66.000,404.000,340.000,66.000,406.000,340.000,66.000, 0.073, 0.094,-2.000,-2.000,-2.000,-2.000,-27.260,-27.260,21.266, 0.000,515.963,289.852,66.0000,319.927,240.293,107.165,62.691,471.833,-2.188, 2.186, 0.073, 0.056, 0.015, 0.153,0.00000,0.00000,0.05623,0.04671,0.01506,0.00000,0.15333,-0.01574,0.00000,-0.01533,-0.09724,0.00000,0.00000
1722031896.542851,404.000,340.000,66.000,406.000,340.000,66.000,406.000,342.000,66.000, 0.094, 0.106, 2.000, 0.000, 2.000, 0.000,21.266, 0.000, 0.000,18.858,-200.510,177.807,66.0000,319.894,240.335,107.200,62.639,472.085,-2.186, 2.185, 0.075, 0.024, 0.053,-0.008,0.00000,0.00000,0.02408,0.04717,0.01704,0.00000,-0.00754,-0.01528,0.00000,-0.05280,-0.09724,0.00000,0.00000
1722031896.632864,406.000,340.000,66.000,406.000,342.000,66.000,406.000,342.000,66.000, 0.106, 0.090, 0.000, 2.000, 0.000, 2.000, 0.000,18.858, 0.000, 0.000, 0.000,-209.226,66.0000,319.830,240.220,107.164,62.642,471.444,-2.189, 2.188, 0.072, 0.029,-0.034, 0.276,0.00000,0.00000,0.02930,0.04699,0.01299,0.00000,0.27567,-0.01640,0.00000,0.03376,-0.09724,0.00000,0.00000
1722031896.7057338,406.000,342.000,66.000,406.000,342.000,66.000,404.000,340.000,66.000, 0.090, 0.073, 0.000, 0.000, 0.000, 0.000, 0.000, 0.000,-27.487,-27.487,-377.764,-377.764,66.0000,320.016,240.302,107.217,62.677,471.807,-2.187, 2.186, 0.067, 0.044, 0.196, 0.283,0.00000,0.00000,0.04412,0.04679,0.01276,0.00000,0.28320,-0.01324,0.00000,-0.19580,-0.09724,0.00000,0.00000
1722031896.801274,406.000,342.000,66.000,404.000,340.000,66.000,406.000,342.000,65.000, 0.073, 0.096,-2.000,-2.000,-2.000,-2.000,-27.487,-27.487,20.926,20.926,506.528,506.528,65.0000,319.935,240.280,107.165,62.692,471.790,-2.188, 2.186, 0.072, 0.058, 0.048, 0.204,0.00000,0.00000,0.05831,0.04662,0.01327,0.00000,0.20419,-0.01519,0.00000,-0.04780,-0.09724,0.00000,0.00000
1722031896.900993,404.000,340.000,66.000,406.000,342.000,65.000,406.000,340.000,65.000, 0.096, 0.100, 2.000, 2.000, 2.000, 2.000,20.926,20.926, 0.000,-20.043,-209.707,-410.570,65.0000,319.830,240.220,107.164,62.642,471.444,-2.189, 2.188, 0.072, 0.029,-0.034, 0.276,0.00000,0.00000,0.02930,0.04703,0.01178,0.00000,0.27567,-0.01597,0.00000,0.03376,-0.09724,0.00000,0.00000
1722031896.99475,406.000,342.000,65.000,406.000,340.000,65.000,406.000,340.000,65.000, 0.100, 0.094, 0.000,-2.000, 0.000,-2.000, 0.000,-20.043, 0.000, 0.000, 0.000,213.761,65.0000,319.830,240.313,107.150,62.674,471.786,-2.188, 2.186, 0.076, 0.038,-0.035, 0.079,0.00000,0.00000,0.03850,0.04680,0.01399,0.00000,0.07886,-0.01594,0.00000,0.03525,-0.09724,0.00000,0.00000
1722031897.070146,406.000,340.000,65.000,406.000,340.000,65.000,406.000,340.000,66.000, 0.094, 0.075, 0.000, 0.000, 0.000, 0.000, 0.000, 0.000, 0.000, 0.000, 0.000, 0.000,66.0000,319.923,240.291,107.158,62.668,472.125,-2.185, 2.184, 0.073, 0.056, 0.163, 0.002,0.00000,0.00000,0.05553,0.04658,0.01457,0.00000,0.00228,-0.01333,0.00000,-0.16325,-0.09724,0.00000,0.00000
1722031897.163765,406.000,340.000,65.000,406.000,340.000,66.000,404.000,340.000,66.000, 0.075, 0.094, 0.000, 0.000, 0.000, 0.000, 0.000, 0.000,-21.331, 0.000,-227.501, 0.000,66.0000,319.903,240.321,107.200,62.640,472.040,-2.186, 2.185, 0.074, 0.026, 0.086, 0.045,0.00000,0.00000,0.02621,0.04700,0.01387,0.00000,0.04544,-0.01435,0.00000,-0.08562,-0.09724,0.00000,0.00000
1722031897.275847,406.000,340.000,66.000,404.000,340.000,66.000,406.000,340.000,65.000, 0.094, 0.112,-2.000, 0.000,-2.000, 0.000,-21.331, 0.000,17.852, 0.000,349.738, 0.000,65.0000,319.894,240.335,107.200,62.639,472.085,-2.186, 2.185, 0.075, 0.024, 0.053,-0.008,0.00000,0.00000,0.02408,0.04693,0.01456,0.00000,-0.00754,0.05300,-5.00000,-5.05280,-0.09724,0.00000,0.00000
1722031897.3738172,404.000,340.000,66.000,406.000,340.000,65.000,406.000,340.000,66.000, 0.112, 0.098, 2.000, 0.000, 2.000, 0.000,17.852, 0.000, 0.000, 0.000,-182.187, 0.000,66.0000,319.923,240.291,107.158,62.668,472.125,-2.185, 2.184, 0.073, 0.056, 0.163, 0.002,0.00000,0.00000,0.05553,0.04649,0.01436,0.00000,0.00228,0.05712,-5.00000,-5.16325,-0.09724,0.00000,0.00000
1722031897.4649,406.000,340.000,65.000,406.000,340.000,66.000,404.000,342.000,66.000, 0.098, 0.091, 0.000, 0.000, 0.000, 0.000, 0.000, 0.000,-21.968,21.968,-241.305,241.305,66.0000,318.182,239.882,106.104,62.975,469.528,-2.205, 2.193, 0.123, 0.228,-2.021,-0.381,0.00000,0.00000,0.22839,0.04422,0.01955,0.00000,-0.38146,0.03778,-5.00000,-2.97857,-0.08857,-1.00000,0.00000
1722031897.562902,406.000,340.000,66.000,404.000,342.000,66.000,398.000,340.000,67.000, 0.091, 0.098,-2.000, 2.000,-2.000, 2.000,-21.968,21.968,-61.295,-20.432,-401.756,-433.153,67.0000,315.821,240.168,105.202,63.058,468.153,-2.209, 2.199, 0.161, 0.107,-3.352,-1.018,0.00000,0.00000,0.10712,0.04626,0.02834,0.00000,-1.01840,0.02906,-5.00000,-1.64842,-0.06490,-4.00000,0.00000
1722031897.6717849,404.000,342.000,66.000,398.000,340.000,67.000,388.000,340.000,66.000, 0.098, 0.109,-6.000,-2.000,-6.000,-2.000,-61.295,-20.432,-91.694, 0.000,-278.742,187.347,66.0000,315.582,240.448,105.585,62.666,468.954,-2.199, 2.200, 0.168,-0.191,-3.302,-1.458,0.00000,0.00000,-0.19145,0.04988,0.03535,0.00000,-1.45769,0.03501,-5.00000,-1.69776,-0.07124,-4.00000,0.00000
1722031897.761423,398.000,340.000,67.000,388.000,340.000,66.000,376.000,342.000,66.000, 0.109, 0.090,-10.000, 0.000,-10.000, 0.000,-91.694, 0.000,-134.056,22.343,-473.235,249.597,66.0000,315.341,240.196,105.504,62.604,466.483, 2.223,-2.226,-0.179,-0.269,-4.224,-0.975,0.00000,0.00000,-0.26899,0.05012,0.03109,0.00000,-0.97540,0.02589,-5.00000,-0.77624,-0.06858,-4.00000,0.00000
1722031897.857286,388.000,340.000,66.000,376.000,342.000,66.000,362.000,346.000,66.000, 0.090, 0.096,-12.000, 2.000,-12.000, 2.000,-134.056,22.343,-145.856,41.673,-122.940,201.392,66.0000,317.950,240.389,106.413,62.866,466.835,-2.209, 2.208, 0.166,-0.126,-3.720,-0.888,0.00000,0.00000,-0.12588,0.04809,0.03259,0.00000,-0.88835,0.03563,-5.00000,-1.27987,-0.08325,-2.00000,0.00000
1722031897.953674,376.000,342.000,66.000,362.000,346.000,66.000,342.000,350.000,67.000, 0.096, 0.096,-14.000, 4.000,-14.000, 4.000,-145.856,41.673,-207.473,41.495,-639.197,-1.852,67.0000,318.882,240.104,106.429,63.133,466.062, 2.230,-2.220,-0.158, 0.108,-3.683,-0.431,0.00000,0.00000,0.10768,0.04543,0.02831,0.00000,-0.43056,0.03793,-5.00000,-1.31690,-0.08458,-1.00000,0.00000
1722031898.029846,362.000,346.000,66.000,342.000,350.000,67.000,324.000,354.000,67.000, 0.096, 0.076,-20.000, 4.000,-20.000, 4.000,-207.473,41.495,-236.478,52.551,-381.051,145.250,67.0000,318.589,239.626,105.709,63.507,461.944, 2.215,-2.195,-0.148, 0.402,-4.666, 0.976,0.00000,0.00000,0.40246,0.04210,0.01087,0.00000,0.97608,0.02724,-5.00000,-0.33416,-0.08091,-1.00000,0.00000
1722031898.124521,342.000,350.000,67.000,324.000,354.000,67.000,294.000,358.000,66.000, 0.076, 0.095,-18.000, 4.000,-18.000, 4.000,-236.478,52.551,-317.060,42.275,-851.647,-108.603,66.0000,316.974,239.315,104.736,63.676,462.685, 2.221,-2.193,-0.170, 0.558,-5.074, 0.260,0.00000,0.00000,0.55833,0.04068,0.02069,0.00000,0.26047,0.02387,-5.00000,0.07408,-0.06291,-3.00000,0.00000
1722031898.229426,324.000,354.000,67.000,294.000,358.000,66.000,262.000,362.000,67.000, 0.095, 0.105,-30.000, 4.000,-30.000, 4.000,-317.060,42.275,-304.768,38.096,117.070,-39.798,67.0000,316.744,239.880,105.097,63.466,464.412,-2.231, 2.213, 0.193, 0.267,-5.264,-0.697,0.00000,0.00000,0.26696,0.04480,0.03203,0.00000,-0.69746,0.02176,-5.00000,0.26437,-0.06692,-3.00000,0.00000
1722031898.315506,294.000,358.000,66.000,262.000,362.000,67.000,236.000,338.000,65.000, 0.105, 0.086,-32.000, 4.000,-32.000, 4.000,-304.768,38.096,-302.013,-278.782,31.998,-3680.819,65.0000,319.153,240.741,107.339,62.487,470.189, 2.236,-2.243,-0.163,-0.318,-2.926,-1.388,0.00000,0.00000,-0.31779,0.05169,0.04130,0.00000,-1.38761,0.05309,-5.00000,-2.07425,-0.09093,0.00000,0.00000
1722031898.3888252,262.000,362.000,67.000,236.000,338.000,65.000,218.000,322.000,65.000, 0.086, 0.073,-26.000,-24.000,-26.000,-24.000,-302.013,-278.782,-245.456,-218.183,771.246,826.352,65.0000,319.632,240.955,107.246,62.945,467.866, 2.229,-2.230,-0.165,-0.182,-3.614,-0.882,0.00000,0.00000,-0.18232,0.04826,0.03621,0.00000,-0.88163,0.04443,-5.00000,-1.38597,-0.08192,0.00000,0.00000
1722031898.4861,236.000,338.000,65.000,218.000,322.000,65.000,204.000,300.000,65.000, 0.073, 0.097,-18.000,-16.000,-18.000,-16.000,-245.456,-218.183,-144.118,-226.470,1043.185,-85.314,65.0000,319.760,240.593,107.019,63.077,467.784, 2.233,-2.227,-0.164,-0.006,-3.542,-0.874,0.00000,0.00000,-0.00588,0.04638,0.03863,0.00000,-0.87446,0.04921,-5.00000,-1.45785,-0.08192,0.00000,0.00000
1722031898.581569,218.000,322.000,65.000,204.000,300.000,65.000,192.000,260.000,64.000, 0.097, 0.096,-14.000,-22.000,-14.000,-22.000,-144.118,-226.470,-125.528,-418.427,194.457,-2007.999,64.0000,317.462,238.684,105.550,62.814,465.144, 2.226,-2.210,-0.138, 0.298,-3.649, 0.510,0.00000,0.00000,0.29828,0.04280,0.02170,0.00000,0.50992,0.05057,-5.00000,-1.35109,-0.06458,-2.00000,1.00000
1722031898.691424,204.000,300.000,65.000,192.000,260.000,64.000,190.000,220.000,66.000, 0.096, 0.110,-12.000,-40.000,-12.000,-40.000,-125.528,-418.427,-18.215,-364.295,977.344,493.001,66.0000,317.374,238.946,105.662,62.776,464.944, 2.222,-2.210,-0.174, 0.134,-4.640,-0.353,0.00000,0.00000,0.13449,0.04578,0.03441,0.00000,-0.35257,0.04005,-5.00000,-0.36011,-0.06925,-2.00000,1.00000
1722031898.7893069,192.000,260.000,64.000,190.000,220.000,66.000,202.000,184.000,66.000, 0.110, 0.098,-2.000,-40.000,-2.000,-40.000,-18.215,-364.295,122.743,-368.230,1441.806,-40.248,66.0000,317.079,239.734,105.809,62.868,464.638,-2.220, 2.214, 0.166,-0.021,-4.216,-0.359,0.00000,0.00000,-0.02112,0.04732,0.03390,0.00000,-0.35860,0.04798,-5.00000,-0.78357,-0.06792,-2.00000,0.00000
1722031898.883637,190.000,220.000,66.000,202.000,184.000,66.000,224.000,158.000,67.000, 0.098, 0.094,12.000,-36.000,12.000,-36.000,122.743,-368.230,233.102,-275.484,1169.314,982.691,67.0000,317.884,240.987,106.015,63.503,466.199,-2.213, 2.203, 0.172, 0.082,-3.884,-1.038,0.00000,0.00000,0.08181,0.04547,0.04378,0.00000,-1.03818,0.05339,-5.00000,-1.11586,-0.06659,-2.00000,0.00000
1722031898.98777,202.000,184.000,66.000,224.000,158.000,67.000,248.000,134.000,67.000, 0.094, 0.104,22.000,-26.000,22.000,-26.000,233.102,-275.484,230.366,-230.366,-26.263,433.073,67.0000,319.693,239.784,106.597,63.139,467.389,-2.216, 2.202, 0.059, 0.333,-0.864, 1.786,0.00000,0.00000,0.33317,0.04235,0.00670,0.00000,1.78614,0.09589,-5.00000,-4.13550,-0.08260,0.00000,0.00000
1722031899.084838,224.000,158.000,67.000,248.000,134.000,67.000,266.000,126.000,67.000, 0.104, 0.097,24.000,-24.000,24.000,-24.000,230.366,-230.366,185.451,-82.423,-462.753,1524.236,67.0000,319.549,239.413,106.280,63.204,468.515,-2.213, 2.193, 0.091, 0.484,-1.355, 0.614,0.00000,0.00000,0.48385,0.04090,0.02320,0.00000,0.61370,0.09299,-5.00000,-3.64462,-0.07659,0.00000,0.00000
1722031899.176886,248.000,134.000,67.000,266.000,126.000,67.000,280.000,118.000,66.000, 0.097, 0.092,18.000,-8.000,18.000,-8.000,185.451,-82.423,151.957,-86.833,-363.544,-47.867,66.0000,318.447,238.996,105.252,63.603,462.716, 2.220,-2.189,-0.143, 0.676,-4.564, 1.167,0.00000,0.00000,0.67605,0.03852,0.01275,0.00000,1.16660,0.05770,-5.00000,-0.43649,-0.06792,-1.00000,1.00000
1722031899.273226,266.000,126.000,67.000,280.000,118.000,66.000,282.000,118.000,67.000, 0.092, 0.096,14.000,-8.000,14.000,-8.000,151.957,-86.833,20.770, 0.000,-1362.392,901.767,67.0000,314.755,240.626,104.542,63.484,464.295, 2.216,-2.204,-0.175, 0.127,-4.978,-0.075,0.00000,0.00000,0.12745,0.04616,0.02801,0.00000,-0.07475,0.05779,-5.00000,-0.02186,-0.03558,-5.00000,0.00000
1722031899.346544,280.000,118.000,66.000,282.000,118.000,67.000,276.000,118.000,68.000, 0.096, 0.073, 2.000, 0.000, 2.000, 0.000,20.770, 0.000,-81.914, 0.000,-1401.883, 0.000,68.0000,315.148,240.252,105.107,62.935,463.712, 2.209,-2.207,-0.194,-0.182,-5.531,-0.506,0.00000,0.00000,-0.18152,0.04862,0.03211,0.00000,-0.50558,0.05099,-5.00000,0.53144,-0.05293,-4.00000,0.00000
1722031899.4456031,282.000,118.000,67.000,276.000,118.000,68.000,268.000,124.000,67.000, 0.073, 0.099,-6.000, 0.000,-6.000, 0.000,-81.914, 0.000,-80.664,60.498,12.606,610.001,67.0000,316.851,241.828,106.138,63.264,467.611,-2.202, 2.206, 0.144,-0.196,-2.881,-0.619,0.00000,0.00000,-0.19610,0.04798,0.03400,0.00000,-0.61854,0.08653,-5.00000,-2.11873,-0.05594,-3.00000,-1.00000
1722031899.544211,276.000,118.000,68.000,268.000,124.000,67.000,250.000,134.000,67.000, 0.099, 0.099,-8.000, 6.000,-8.000, 6.000,-80.664,60.498,-182.617,101.454,-1034.358,415.516,67.0000,320.831,240.119,106.995,63.387,465.886,-2.222, 2.207, 0.093, 0.343,-2.090, 1.288,0.00000,0.00000,0.34299,0.04076,0.00934,0.00000,1.28755,0.09747,-5.00000,-2.91011,-0.07694,0.00000,0.00000
1722031899.636093,268.000,124.000,67.000,250.000,134.000,67.000,224.000,154.000,68.000, 0.099, 0.092,-18.000,10.000,-18.000,10.000,-182.617,101.454,-282.864,217.588,-1090.619,1263.459,68.0000,318.753,241.173,105.983,63.993,464.267,-2.225, 2.208, 0.211, 0.199,-5.458,-1.428,0.00000,0.00000,0.19929,0.04415,0.04628,0.00000,-1.42764,0.05663,-5.00000,0.45760,-0.05926,-1.00000,-1.00000
1722031899.715231,250.000,134.000,67.000,224.000,154.000,68.000,212.000,170.000,67.000, 0.092, 0.079,-26.000,20.000,-26.000,20.000,-282.864,217.588,-151.622,202.163,1658.261,-194.890,67.0000,318.793,239.499,105.506,63.726,462.548, 2.216,-2.189,-0.223, 0.404,-6.600,-1.008,0.00000,0.00000,0.40385,0.04085,0.03938,0.00000,-1.00764,0.04536,-5.00000,1.59987,-0.06160,-1.00000,0.00000
1722031899.812258,224.000,154.000,68.000,212.000,170.000,67.000,192.000,206.000,67.000, 0.079, 0.097,-12.000,16.000,-12.000,16.000,-151.622,202.163,-206.194,371.149,-562.616,1742.193,67.0000,316.055,240.526,105.095,63.417,461.600, 2.203,-2.195,-0.210,-0.045,-6.478,-0.464,0.00000,0.00000,-0.04517,0.04733,0.03469,0.00000,-0.46402,0.04552,-5.00000,1.47783,-0.04360,-3.00000,0.00000
1722031899.901251,212.000,170.000,67.000,192.000,206.000,67.000,190.000,250.000,66.000, 0.097, 0.089,-20.000,36.000,-20.000,36.000,-206.194,371.149,-22.464,494.215,2063.681,1382.300,66.0000,317.596,240.119,106.604,62.416,462.180, 2.197,-2.209,-0.231,-0.625,-6.695,-1.341,0.00000,0.00000,-0.62537,0.05384,0.04828,0.00000,-1.34139,0.03945,-5.00000,1.69528,-0.05627,-2.00000,0.00000
1722031899.999061,192.000,206.000,67.000,190.000,250.000,66.000,198.000,288.000,66.000, 0.089, 0.098,-2.000,44.000,-2.000,44.000,-22.464,494.215,81.798,388.540,1066.056,-1080.499,66.0000,318.365,240.149,106.189,63.126,462.017, 2.201,-2.196,-0.227,-0.166,-6.861,-0.950,0.00000,0.00000,-0.16632,0.04621,0.04436,0.00000,-0.95030,0.03415,-5.00000,1.86147,-0.06061,-1.00000,0.00000
1722031900.106156,190.000,250.000,66.000,198.000,288.000,66.000,218.000,316.000,66.000, 0.098, 0.107, 8.000,38.000, 8.000,38.000,81.798,388.540,186.872,261.621,981.769,-1185.886,66.0000,321.238,239.654,106.696,63.641,465.023, 2.227,-2.201,-0.198, 0.443,-5.317,-0.943,0.00000,0.00000,0.44315,0.03944,0.04674,0.00000,-0.94279,0.05153,-5.00000,0.31690,-0.07428,1.00000,0.00000
1722031900.198698,198.000,288.000,66.000,218.000,316.000,66.000,234.000,334.000,65.000, 0.107, 0.093,20.000,28.000,20.000,28.000,186.872,261.621,172.754,194.349,-152.430,-726.347,65.0000,321.476,239.305,107.156,63.130,466.454, 2.231,-2.213,-0.156, 0.342,-3.845,-0.188,0.00000,0.00000,0.34230,0.04241,0.03845,0.00000,-0.18823,0.06844,-5.00000,-1.15463,-0.06894,1.00000,0.00000
1722031900.273351,218.000,316.000,66.000,234.000,334.000,65.000,246.000,344.000,66.000, 0.093, 0.075,16.000,18.000,16.000,18.000,172.754,194.349,160.755,133.962,-160.751,-808.951,66.0000,320.699,238.590,106.338,63.239,460.893, 2.207,-2.183,-0.164, 0.488,-5.644, 1.092,0.00000,0.00000,0.48793,0.03997,0.02268,0.00000,1.09166,0.04425,-5.00000,0.64431,-0.06093,0.00000,1.00000
1722031900.370361,234.000,334.000,65.000,246.000,344.000,66.000,252.000,352.000,68.000, 0.075, 0.097,12.000,10.000,12.000,10.000,160.755,133.962,61.920,82.560,-1019.976,-530.470,68.0000,319.026,238.141,105.244,63.442,461.758, 2.214,-2.179,-0.177, 0.720,-5.861, 0.624,0.00000,0.00000,0.71999,0.03703,0.02874,0.00000,0.62357,0.04274,-5.00000,0.86119,-0.06394,0.00000,1.00000
1722031900.465164,246.000,344.000,66.000,252.000,352.000,68.000,256.000,354.000,67.000, 0.097, 0.095, 6.000, 8.000, 6.000, 8.000,61.920,82.560,42.185,21.093,-208.133,-648.256,67.0000,318.168,238.905,106.042,62.638,464.766, 2.205,-2.196,-0.277,-0.221,-7.887,-2.538,0.00000,0.00000,-0.22113,0.05008,0.06947,0.00000,-2.53752,0.01399,-5.00000,2.88735,-0.05527,-1.00000,1.00000
1722031900.5717928,252.000,352.000,68.000,256.000,354.000,67.000,252.000,354.000,66.000, 0.095, 0.107, 4.000, 2.000, 4.000, 2.000,42.185,21.093,-37.498, 0.000,-746.985,-197.731,66.0000,317.697,240.448,106.302,62.896,461.465,-2.231, 2.235, 0.176,-0.271,-5.372, 0.319,0.00000,0.00000,-0.27086,0.04803,0.03123,0.00000,0.31894,0.04522,-5.00000,0.37201,-0.04893,-2.00000,0.00000
1722031900.6654458,256.000,354.000,67.000,252.000,354.000,66.000,246.000,344.000,64.000, 0.107, 0.094,-4.000, 0.000,-4.000, 0.000,-37.498, 0.000,-64.036,-106.726,-283.225,-1139.040,64.0000,319.085,240.148,106.617,63.027,459.451, 2.201,-2.199,-0.098, 0.007,-3.733, 2.633,0.00000,0.00000,0.00683,0.04427,0.00365,0.00000,2.63287,0.06282,-5.00000,-1.26685,-0.06794,0.00000,0.00000
1722031900.756875,252.000,354.000,66.000,246.000,344.000,64.000,234.000,330.000,66.000, 0.094, 0.091,-6.000,-10.000,-6.000,-10.000,-64.036,-106.726,-131.232,-153.104,-734.866,-507.196,66.0000,322.219,240.090,107.894,63.039,466.464, 2.227,-2.219,-0.154, 0.080,-3.723,-0.188,0.00000,0.00000,0.08040,0.04411,0.03994,0.00000,-0.18787,0.06303,-5.00000,-1.27680,-0.07928,2.00000,0.00000
1722031900.831599,246.000,344.000,64.000,234.000,330.000,66.000,218.000,318.000,66.000, 0.091, 0.075,-12.000,-14.000,-12.000,-14.000,-131.232,-153.104,-214.425,-160.819,-1114.916,-103.387,66.0000,321.109,239.616,107.368,62.894,467.295, 2.235,-2.224,-0.158, 0.128,-3.423,-0.674,0.00000,0.00000,0.12804,0.04364,0.04264,0.00000,-0.67406,0.06961,-5.00000,-1.57656,-0.06593,1.00000,0.00000
1722031900.931403,234.000,330.000,66.000,218.000,318.000,66.000,204.000,298.000,65.000, 0.075, 0.100,-16.000,-12.000,-16.000,-12.000,-214.425,-160.819,-140.280,-200.401,742.933,-396.610,65.0000,318.390,241.077,106.593,63.149,466.911, 2.225,-2.224,-0.195,-0.176,-4.588,-1.452,0.00000,0.00000,-0.17564,0.04782,0.05376,0.00000,-1.45190,0.05660,-5.00000,-0.41245,-0.05226,-1.00000,-1.00000
1722031901.0238369,218.000,318.000,66.000,204.000,298.000,65.000,194.000,270.000,64.000, 0.100, 0.093,-14.000,-20.000,-14.000,-20.000,-140.280,-200.401,-108.053,-302.549,348.225,-1103.749,64.0000,317.717,239.885,106.202,62.751,462.729, 2.203,-2.203,-0.211,-0.272,-6.236,-0.755,0.00000,0.00000,-0.27204,0.04830,0.04609,0.00000,-0.75514,0.03692,-5.00000,1.23591,-0.04893,-2.00000,0.00000
1722031901.098624,204.000,298.000,65.000,194.000,270.000,64.000,190.000,252.000,65.000, 0.093, 0.075,-10.000,-28.000,-10.000,-28.000,-108.053,-302.549,-53.531,-240.890,729.658,825.174,65.0000,317.662,239.603,106.066,62.719,461.519, 2.198,-2.197,-0.206,-0.226,-6.439,-0.303,0.00000,0.00000,-0.22642,0.04753,0.04254,0.00000,-0.30289,0.03418,-5.00000,1.43921,-0.05061,-2.00000,0.00000
1722031901.192349,194.000,270.000,64.000,190.000,252.000,65.000,192.000,222.000,65.000, 0.075, 0.094,-4.000,-18.000,-4.000,-18.000,-53.531,-240.890,21.356,-320.341,799.648,-848.389,65.0000,319.625,238.655,106.235,62.966,460.648, 2.204,-2.188,-0.189, 0.206,-6.143, 0.298,0.00000,0.00000,0.20626,0.04194,0.03571,0.00000,0.29775,0.03560,-5.00000,1.14331,-0.06661,0.00000,1.00000
1722031901.295073,190.000,252.000,65.000,192.000,222.000,65.000,202.000,194.000,66.000, 0.094, 0.103, 2.000,-30.000, 2.000,-30.000,21.356,-320.341,97.238,-272.268,737.869,467.460,66.0000,321.526,239.203,107.059,63.220,464.846, 2.226,-2.206,-0.156, 0.380,-4.181, 0.124,0.00000,0.00000,0.37963,0.04079,0.03836,0.00000,0.12416,0.05937,-5.00000,-0.81919,-0.06928,1.00000,0.00000
1722031901.3887239,192.000,222.000,65.000,202.000,194.000,66.000,218.000,166.000,67.000, 0.103, 0.094,10.000,-28.000,10.000,-28.000,97.238,-272.268,170.904,-299.082,786.858,-286.416,67.0000,321.328,239.754,106.999,63.441,465.031,-2.228, 2.208, 0.150, 0.380,-3.831, 0.082,0.00000,0.00000,0.37993,0.04112,0.03842,0.00000,0.08185,0.06277,-5.00000,-1.16867,-0.06694,1.00000,0.00000
1722031901.492405,202.000,194.000,66.000,218.000,166.000,67.000,232.000,150.000,66.000, 0.094, 0.104,16.000,-28.000,16.000,-28.000,170.904,-299.082,135.136,-154.442,-345.250,1396.156,66.0000,319.508,240.078,106.275,63.547,463.944,-2.231, 2.213, 0.177, 0.281,-4.793,-0.346,0.00000,0.00000,0.28051,0.04228,0.04398,0.00000,-0.34631,0.05160,-5.00000,-0.20688,-0.05893,0.00000,0.00000
1722031901.5867908,218.000,166.000,67.000,232.000,150.000,66.000,244.000,136.000,66.000, 0.104, 0.095,14.000,-16.000,14.000,-16.000,135.136,-154.442,126.967,-148.128,-86.439,66.802,66.0000,319.750,238.591,106.622,62.664,465.665,-2.225, 2.211, 0.104, 0.284,-2.567, 1.197,0.00000,0.00000,0.28362,0.04179,0.02319,0.00000,1.19746,0.08352,-5.00000,-2.43348,-0.06194,0.00000,1.00000
1722031901.682509,232.000,150.000,66.000,244.000,136.000,66.000,252.000,128.000,66.000, 0.095, 0.096,12.000,-14.000,12.000,-14.000,126.967,-148.128,83.573,-83.573,-453.320,674.381,66.0000,319.541,238.293,106.385,62.684,466.692,-2.217, 2.200, 0.095, 0.390,-1.782, 0.849,0.00000,0.00000,0.38979,0.04023,0.02781,0.00000,0.84941,0.09563,-5.00000,-3.21818,-0.06194,0.00000,1.00000
1722031901.787869,244.000,136.000,66.000,252.000,128.000,66.000,256.000,128.000,66.000, 0.096, 0.105, 8.000,-8.000, 8.000,-8.000,83.573,-83.573,37.994, 0.000,-432.930,793.821,66.0000,319.727,238.420,106.664,62.544,466.103,-2.220, 2.207, 0.117, 0.240,-2.669, 0.622,0.00000,0.00000,0.24005,0.04237,0.02866,0.00000,0.62215,0.08891,-5.00000,-2.33149,-0.06194,0.00000,1.00000
1722031901.888845,252.000,128.000,66.000,256.000,128.000,66.000,252.000,130.000,66.000, 0.105, 0.101, 4.000, 0.000, 4.000, 0.000,37.994, 0.000,-39.624,19.812,-768.885,196.257,66.0000,317.413,239.637,105.778,62.963,466.848,-2.207, 2.196, 0.157, 0.142,-3.097,-1.078,0.00000,0.00000,0.14178,0.04313,0.05003,0.00000,-1.07841,0.08912,-5.00000,-1.90314,-0.04460,-2.00000,0.00000
1722031901.991049,256.000,128.000,66.000,252.000,130.000,66.000,240.000,138.000,67.000, 0.101, 0.102,-4.000, 2.000,-4.000, 2.000,-39.624,19.812,-117.482,78.322,-762.248,572.820,67.0000,316.849,240.387,105.534,63.331,465.214,-2.212, 2.202, 0.204, 0.030,-4.747,-1.837,0.00000,0.00000,0.03045,0.04427,0.05988,0.00000,-1.83718,0.07128,-5.00000,-0.25264,-0.04060,-3.00000,0.00000
1722031902.086966,252.000,130.000,66.000,240.000,138.000,67.000,224.000,154.000,67.000, 0.102, 0.096,-12.000, 8.000,-12.000, 8.000,-117.482,78.322,-166.661,166.661,-512.266,920.177,67.0000,316.086,241.051,105.239,63.558,463.245, 2.211,-2.204,-0.231,-0.126,-6.426,-1.576,0.00000,0.00000,-0.12608,0.04603,0.05888,0.00000,-1.57584,0.05160,-5.00000,1.42618,-0.04161,-3.00000,-1.00000
1722031902.179662,240.000,138.000,67.000,224.000,154.000,67.000,204.000,178.000,68.000, 0.096, 0.093,-16.000,16.000,-16.000,16.000,-166.661,166.661,-215.568,258.682,-527.141,991.838,68.0000,317.473,240.156,105.655,63.276,460.015, 2.195,-2.189,-0.240,-0.173,-7.567,-0.980,0.00000,0.00000,-0.17254,0.04625,0.05438,0.00000,-0.97993,0.03587,-5.00000,2.56684,-0.04828,-2.00000,0.00000
1722031902.2892082,224.000,154.000,67.000,204.000,178.000,68.000,194.000,210.000,66.000, 0.093, 0.109,-20.000,24.000,-20.000,24.000,-215.568,258.682,-91.451,292.644,1135.067,310.581,66.0000,319.754,238.787,106.070,63.120,458.972, 2.194,-2.176,-0.188, 0.278,-6.786, 0.931,0.00000,0.00000,0.27819,0.04011,0.03143,0.00000,0.93102,0.04300,-5.00000,1.78607,-0.06128,0.00000,1.00000
1722031902.3795872,204.000,178.000,68.000,194.000,210.000,66.000,194.000,244.000,67.000, 0.109, 0.091,-10.000,32.000,-10.000,32.000,-91.451,292.644, 0.000,375.376,1009.662,913.401,67.0000,321.565,238.328,106.628,63.234,460.462, 2.209,-2.183,-0.173, 0.502,-5.787, 0.760,0.00000,0.00000,0.50192,0.03831,0.03475,0.00000,0.75954,0.05175,-5.00000,0.78670,-0.06395,1.00000,1.00000
1722031902.4791732,194.000,210.000,66.000,194.000,244.000,67.000,198.000,272.000,67.000, 0.091, 0.100, 0.000,34.000, 0.000,34.000, 0.000,375.376,40.166,281.161,403.325,-946.051,67.0000,322.341,238.512,107.508,62.803,462.771, 2.215,-2.199,-0.124, 0.324,-3.947, 1.510,0.00000,0.00000,0.32427,0.04113,0.02284,0.00000,1.51049,0.07351,-5.00000,-1.05269,-0.07028,2.00000,1.00000
1722031902.581837,194.000,244.000,67.000,198.000,272.000,67.000,204.000,292.000,65.000, 0.100, 0.103, 4.000,28.000, 4.000,28.000,40.166,281.161,58.489,194.962,178.611,-840.280,65.0000,321.169,239.841,106.826,63.542,463.740, 2.218,-2.197,-0.178, 0.355,-5.227, 0.017,0.00000,0.00000,0.35547,0.04001,0.04111,0.00000,0.01702,0.05557,-5.00000,0.22699,-0.05994,1.00000,0.00000
1722031902.676605,198.000,272.000,67.000,204.000,292.000,65.000,210.000,308.000,66.000, 0.103, 0.095, 6.000,20.000, 6.000,20.000,58.489,194.962,63.267,168.712,50.387,-276.790,66.0000,319.452,240.349,107.054,62.831,465.167, 2.214,-2.214,-0.198,-0.243,-5.278,-0.959,0.00000,0.00000,-0.24270,0.04800,0.05201,0.00000,-0.95885,0.05635,-5.00000,0.27836,-0.05494,0.00000,0.00000
1722031902.769184,204.000,292.000,65.000,210.000,308.000,66.000,212.000,316.000,65.000, 0.095, 0.093, 6.000,16.000, 6.000,16.000,63.267,168.712,21.612,86.446,-450.121,-888.949,65.0000,317.878,240.884,106.754,62.692,465.281, 2.209,-2.218,-0.218,-0.515,-5.767,-1.490,0.00000,0.00000,-0.51542,0.05001,0.05963,0.00000,-1.48982,0.04928,-5.00000,0.76656,-0.04060,-2.00000,0.00000
1722031902.8424509,210.000,308.000,66.000,212.000,316.000,65.000,216.000,318.000,66.000, 0.093, 0.073, 2.000, 8.000, 2.000, 8.000,21.612,86.446,54.560,27.280,449.410,-807.027,66.0000,318.796,240.600,106.777,62.939,464.010, 2.207,-2.209,-0.217,-0.325,-6.061,-1.206,0.00000,0.00000,-0.32491,0.04688,0.05797,0.00000,-1.20576,0.04451,-5.00000,1.06060,-0.05395,-1.00000,0.00000
1722031902.943179,212.000,316.000,65.000,216.000,318.000,66.000,216.000,316.000,65.000, 0.073, 0.101, 4.000, 2.000, 4.000, 2.000,54.560,27.280, 0.000,-19.866,-541.945,-468.304,65.0000,320.077,239.205,106.710,62.896,461.928, 2.201,-2.192,-0.220,-0.034,-6.852,-0.621,0.00000,0.00000,-0.03367,0.04368,0.05292,0.00000,-0.62118,0.03215,-5.00000,1.85161,-0.05895,0.00000,0.00000
1722031903.034181,216.000,318.000,66.000,216.000,316.000,65.000,214.000,310.000,67.000, 0.101, 0.091, 0.000,-2.000, 0.000,-2.000, 0.000,-19.866,-21.965,-65.896,-241.237,-505.528,67.0000,321.767,238.883,107.356,62.864,463.438, 2.213,-2.199,-0.181, 0.165,-5.372,-0.040,0.00000,0.00000,0.16452,0.04189,0.04718,0.00000,-0.03956,0.04961,-5.00000,0.37235,-0.06461,1.00000,1.00000
1722031903.110996,216.000,316.000,65.000,214.000,310.000,67.000,206.000,300.000,66.000, 0.091, 0.077,-2.000,-6.000,-2.000,-6.000,-21.965,-65.896,-104.229,-130.286,-1071.775,-838.910,66.0000,320.988,238.324,107.245,62.410,462.990, 2.208,-2.200,-0.182, 0.015,-5.516, 0.039,0.00000,0.00000,0.01454,0.04443,0.04707,0.00000,0.03940,0.04471,-5.00000,0.51573,-0.05361,0.00000,1.00000
1722031903.2075222,214.000,310.000,67.000,206.000,300.000,66.000,200.000,284.000,65.000, 0.077, 0.097,-8.000,-10.000,-8.000,-10.000,-104.229,-130.286,-62.174,-165.797,435.785,-367.974,65.0000,321.313,237.868,107.118,62.457,461.471, 2.207,-2.194,-0.124, 0.270,-4.340, 1.891,0.00000,0.00000,0.27008,0.04052,0.02211,0.00000,1.89132,0.05976,-5.00000,-0.65971,-0.06528,1.00000,2.00000
1722031903.3002071,206.000,300.000,66.000,200.000,284.000,65.000,192.000,262.000,66.000, 0.097, 0.093,-6.000,-16.000,-6.000,-16.000,-62.174,-165.797,-86.229,-237.130,-259.281,-768.869,66.0000,320.382,239.199,107.274,62.538,464.458, 2.218,-2.215,-0.137,-0.027,-3.725, 0.635,0.00000,0.00000,-0.02746,0.04517,0.03808,0.00000,0.63469,0.06762,-5.00000,-1.27483,-0.05427,0.00000,0.00000
1722031903.409364,200.000,284.000,65.000,192.000,262.000,66.000,194.000,238.000,65.000, 0.093, 0.109,-8.000,-22.000,-8.000,-22.000,-86.229,-237.130,18.328,-219.932,958.139,157.596,65.0000,319.707,239.850,106.691,63.080,462.478, 2.209,-2.201,-0.163, 0.060,-5.027, 0.547,0.00000,0.00000,0.06034,0.04311,0.03611,0.00000,0.54672,0.05167,-5.00000,0.02714,-0.05728,0.00000,0.00000
1722031903.503696,192.000,262.000,66.000,194.000,238.000,65.000,194.000,212.000,65.000, 0.109, 0.094, 2.000,-24.000, 2.000,-24.000,18.328,-219.932, 0.000,-275.885,-194.474,-593.718,65.0000,318.185,240.743,106.158,63.320,462.483, 2.204,-2.198,-0.184,-0.060,-5.729, 0.169,0.00000,0.00000,-0.05954,0.04496,0.03998,0.00000,0.16937,0.04409,-5.00000,0.72914,-0.04861,-1.00000,0.00000
1722031903.598811,194.000,238.000,65.000,194.000,212.000,65.000,204.000,184.000,68.000, 0.094, 0.095, 0.000,-26.000, 0.000,-26.000, 0.000,-275.885,105.008,-294.022,1102.663,-190.448,68.0000,318.947,240.545,106.503,63.294,463.044, 2.214,-2.208,-0.198,-0.078,-5.455,-0.783,0.00000,0.00000,-0.07815,0.04488,0.05193,0.00000,-0.78292,0.04739,-5.00000,0.45537,-0.05094,-1.00000,0.00000
1722031903.704489,194.000,212.000,65.000,204.000,184.000,68.000,214.000,172.000,65.000, 0.095, 0.106,10.000,-28.000,10.000,-28.000,105.008,-294.022,94.683,-113.620,-97.755,1708.104,65.0000,319.338,240.782,107.433,62.610,463.932, 2.207,-2.219,-0.201,-0.545,-5.413,-0.975,0.00000,0.00000,-0.54537,0.05117,0.05466,0.00000,-0.97503,0.04664,-5.00000,0.41266,-0.05895,0.00000,0.00000
1722031903.801547,204.000,184.000,68.000,214.000,172.000,65.000,222.000,160.000,67.000, 0.106, 0.097,10.000,-12.000,10.000,-12.000,94.683,-113.620,82.468,-123.703,-125.918,-103.937,67.0000,320.475,240.718,107.390,63.098,462.878, 2.209,-2.209,-0.179,-0.198,-5.147,-0.147,0.00000,0.00000,-0.19840,0.04536,0.04513,0.00000,-0.14667,0.04934,-5.00000,0.14675,-0.05594,0.00000,0.00000
1722031903.8929431,214.000,172.000,65.000,222.000,160.000,67.000,230.000,150.000,65.000, 0.097, 0.092, 8.000,-12.000, 8.000,-12.000,82.468,-123.703,87.424,-109.280,54.156,157.609,65.0000,320.940,239.854,106.976,63.318,461.706, 2.210,-2.197,-0.155, 0.204,-4.903, 0.825,0.00000,0.00000,0.20353,0.04107,0.03356,0.00000,0.82488,0.05194,-5.00000,-0.09661,-0.05594,0.00000,0.00000
1722031903.9686542,222.000,160.000,67.000,230.000,150.000,65.000,232.000,148.000,67.000, 0.092, 0.076, 8.000,-10.000, 8.000,-10.000,87.424,-109.280,26.418,-26.418,-805.823,1094.514,67.0000,319.952,239.870,106.674,63.218,462.933, 2.213,-2.201,-0.173, 0.125,-5.130, 0.157,0.00000,0.00000,0.12545,0.04323,0.04239,0.00000,0.15667,0.04870,-5.00000,0.13013,-0.05594,0.00000,0.00000
1722031904.0642638,230.000,150.000,65.000,232.000,148.000,67.000,234.000,146.000,67.000, 0.076, 0.096, 2.000,-2.000, 2.000,-2.000,26.418,-26.418,20.932,-20.932,-57.411,57.411,67.0000,320.466,240.139,107.033,63.221,463.507, 2.218,-2.209,-0.161, 0.081,-4.445, 0.127,0.00000,0.00000,0.08053,0.04354,0.04147,0.00000,0.12717,0.05803,-5.00000,-0.55497,-0.05594,0.00000,0.00000
1722031904.159626,232.000,148.000,67.000,234.000,146.000,67.000,234.000,146.000,67.000, 0.096, 0.095, 2.000,-2.000, 2.000,-2.000,20.932,-20.932, 0.000, 0.000,-219.345,219.345,67.0000,319.527,240.478,106.842,63.150,465.250,-2.219, 2.213, 0.187,-0.057,-4.738,-0.904,0.00000,0.00000,-0.05699,0.04522,0.05509,0.00000,-0.90383,0.05416,-5.00000,-0.26226,-0.05594,0.00000,0.00000
1722031904.268961,234.000,146.000,67.000,234.000,146.000,67.000,228.000,152.000,68.000, 0.095, 0.109, 0.000, 0.000, 0.000, 0.000, 0.000, 0.000,-54.885,54.885,-502.067,502.067,68.0000,319.565,240.236,106.667,63.242,463.571, 2.216,-2.207,-0.179, 0.036,-4.973,-0.275,0.00000,0.00000,0.03639,0.04358,0.04686,0.00000,-0.27517,0.05195,-5.00000,-0.02684,-0.05594,0.00000,0.00000
1722031904.360102,234.000,146.000,67.000,228.000,152.000,68.000,222.000,156.000,66.000, 0.109, 0.091,-6.000, 6.000,-6.000, 6.000,-54.885,54.885,-65.815,43.877,-119.891,-120.755,66.0000,319.911,240.368,106.915,63.171,463.351, 2.211,-2.206,-0.173,-0.026,-5.048, 0.059,0.00000,0.00000,-0.02595,0.04468,0.04384,0.00000,0.05909,0.05134,-5.00000,0.04842,-0.05594,0.00000,0.00000
1722031904.458116,228.000,152.000,68.000,222.000,156.000,66.000,212.000,170.000,68.000, 0.091, 0.098,-6.000, 4.000,-6.000, 4.000,-65.815,43.877,-102.077,142.907,-370.143,1010.867,68.0000,320.021,240.323,106.797,63.328,463.051,-2.232, 2.222, 0.183, 0.052,-5.242,-0.175,0.00000,0.00000,0.05185,0.04346,0.04739,0.00000,-0.17518,0.04874,-5.00000,0.24172,-0.05594,0.00000,0.00000
1722031904.554945,222.000,156.000,66.000,212.000,170.000,68.000,206.000,184.000,66.000, 0.098, 0.097,-10.000,14.000,-10.000,14.000,-102.077,142.907,-61.942,144.531,414.336,16.766,66.0000,319.502,240.384,106.718,63.221,463.869,-2.226, 2.220, 0.194,-0.038,-5.325,-0.663,0.00000,0.00000,-0.03838,0.04488,0.05398,0.00000,-0.66332,0.04743,-5.00000,0.32491,-0.05594,0.00000,0.00000
1722031904.6305,212.000,170.000,68.000,206.000,184.000,66.000,202.000,194.000,66.000, 0.097, 0.075,-6.000,14.000,-6.000,14.000,-61.942,144.531,-52.988,132.470,118.615,-159.779,66.0000,320.049,239.898,106.561,63.318,461.675, 2.205,-2.191,-0.160, 0.212,-5.333, 1.012,0.00000,0.00000,0.21230,0.04125,0.03195,0.00000,1.01228,0.04679,-5.00000,0.33296,-0.05594,0.00000,0.00000
1722031904.72172,206.000,184.000,66.000,202.000,194.000,66.000,194.000,214.000,67.000, 0.075, 0.091,-4.000,10.000,-4.000,10.000,-52.988,132.470,-87.668,219.171,-380.047,950.119,67.0000,319.720,240.079,106.500,63.333,461.506, 2.203,-2.192,-0.185, 0.097,-5.953, 0.304,0.00000,0.00000,0.09721,0.04345,0.04200,0.00000,0.30417,0.03777,-5.00000,0.95334,-0.05594,0.00000,0.00000
1722031904.8177888,202.000,194.000,66.000,194.000,214.000,67.000,192.000,232.000,66.000, 0.091, 0.096,-8.000,20.000,-8.000,20.000,-87.668,219.171,-20.810,187.293,695.669,-331.693,66.0000,320.500,239.790,106.782,63.310,462.571, 2.214,-2.200,-0.150, 0.244,-4.561, 0.792,0.00000,0.00000,0.24362,0.04108,0.03374,0.00000,0.79203,0.05559,-5.00000,-0.43906,-0.05594,0.00000,0.00000
1722031904.8905332,194.000,214.000,67.000,192.000,232.000,66.000,192.000,244.000,66.000, 0.096, 0.073,-2.000,18.000,-2.000,18.000,-20.810,187.293, 0.000,165.198,286.486,-304.168,66.0000,320.424,240.342,107.046,63.250,463.895, 2.216,-2.208,-0.147, 0.095,-4.214, 0.596,0.00000,0.00000,0.09544,0.04340,0.03554,0.00000,0.59577,0.05905,-5.00000,-0.78559,-0.05594,0.00000,0.00000
1722031904.9858391,192.000,232.000,66.000,192.000,244.000,66.000,192.000,258.000,66.000, 0.073, 0.095, 0.000,12.000, 0.000,12.000, 0.000,165.198, 0.000,146.851, 0.000,-192.456,66.0000,320.530,240.522,106.771,63.618,461.920, 2.209,-2.196,-0.174, 0.185,-5.415, 0.385,0.00000,0.00000,0.18523,0.04169,0.03690,0.00000,0.38540,0.04389,-5.00000,0.41532,-0.05594,0.00000,0.00000
1722031905.0825589,192.000,244.000,66.000,192.000,258.000,66.000,192.000,266.000,66.000, 0.095, 0.097, 0.000,14.000, 0.000,14.000, 0.000,146.851, 0.000,82.649, 0.000,-663.275,66.0000,319.934,240.714,106.388,63.842,463.216, 2.217,-2.198,-0.161, 0.332,-4.806, 0.453,0.00000,0.00000,0.33180,0.03989,0.03490,0.00000,0.45285,0.05309,-5.00000,-0.19431,-0.05594,0.00000,0.00000
1722031905.186497,192.000,258.000,66.000,192.000,266.000,66.000,196.000,276.000,65.000, 0.097, 0.104, 0.000, 8.000, 0.000, 8.000, 0.000,82.649,38.498,96.244,370.515,130.843,65.0000,319.775,240.540,106.581,63.501,462.766, 2.210,-2.198,-0.185, 0.101,-5.581,-0.025,0.00000,0.00000,0.10091,0.04328,0.04055,0.00000,-0.02503,0.04210,-5.00000,0.58087,-0.05594,0.00000,0.00000
1722031905.2863119,192.000,266.000,66.000,196.000,276.000,65.000,196.000,282.000,65.000, 0.104, 0.100, 4.000,10.000, 4.000,10.000,38.498,96.244, 0.000,60.169,-386.060,-361.764,65.0000,319.655,240.812,106.725,63.412,462.845, 2.207,-2.200,-0.183,-0.015,-5.564, 0.062,0.00000,0.00000,-0.01471,0.04410,0.03871,0.00000,0.06171,0.04233,-5.00000,0.56409,-0.05594,0.00000,0.00000
1722031905.379833,196.000,276.000,65.000,196.000,282.000,65.000,196.000,282.000,66.000, 0.100, 0.094, 0.000, 6.000, 0.000, 6.000, 0.000,60.169, 0.000, 0.000, 0.000,-642.480,66.0000,320.066,240.571,106.832,63.401,462.923, 2.211,-2.202,-0.172, 0.059,-5.104, 0.194,0.00000,0.00000,0.05905,0.04276,0.03693,0.00000,0.19430,0.04739,-5.00000,0.10444,-0.05594,0.00000,0.00000
1722031905.4881139,196.000,282.000,65.000,196.000,282.000,66.000,196.000,276.000,66.000, 0.094, 0.108, 0.000, 0.000, 0.000, 0.000, 0.000, 0.000, 0.000,-55.463, 0.000,-512.686,66.0000,320.481,240.616,107.071,63.374,463.101, 2.213,-2.206,-0.172, 0.024,-4.959, 0.024,0.00000,0.00000,0.02409,0.04343,0.03904,0.00000,0.02352,0.04845,-5.00000,-0.04132,-0.05594,0.00000,0.00000
1722031905.5832489,196.000,282.000,66.000,196.000,276.000,66.000,194.000,270.000,66.000, 0.108, 0.095, 0.000,-6.000, 0.000,-6.000, 0.000,-55.463,-21.030,-63.090,-221.131,-80.202,66.0000,320.957,240.610,106.891,63.733,463.245, 2.218,-2.201,-0.155, 0.299,-4.587, 0.537,0.00000,0.00000,0.29884,0.03960,0.03181,0.00000,0.53679,0.05334,-5.00000,-0.41333,-0.05594,0.00000,0.00000
1722031905.67664,196.000,276.000,66.000,194.000,270.000,66.000,194.000,260.000,65.000, 0.095, 0.094,-2.000,-6.000,-2.000,-6.000,-21.030,-63.090, 0.000,-106.922,224.857,-468.659,65.0000,320.718,240.695,106.942,63.623,462.866, 2.214,-2.201,-0.176, 0.150,-5.178, 0.038,0.00000,0.00000,0.14967,0.04229,0.03824,0.00000,0.03800,0.04562,-5.00000,0.17822,-0.05594,0.00000,0.00000
1722031905.752577,194.000,270.000,66.000,194.000,260.000,65.000,192.000,252.000,66.000, 0.094, 0.076, 0.000,-10.000, 0.000,-10.000, 0.000,-106.922,-26.357,-105.429,-347.349,19.681,66.0000,320.683,240.737,106.807,63.756,463.102, 2.216,-2.200,-0.170, 0.246,-4.993, 0.201,0.00000,0.00000,0.24563,0.04047,0.03522,0.00000,0.20080,0.04865,-5.00000,-0.00697,-0.05594,0.00000,0.00000
1722031905.8486242,194.000,260.000,65.000,192.000,252.000,66.000,194.000,240.000,66.000, 0.076, 0.096,-2.000,-8.000,-2.000,-8.000,-26.357,-105.429,20.836,-125.014,491.649,-204.042,66.0000,320.232,240.461,106.626,63.612,463.266, 2.214,-2.198,-0.164, 0.255,-4.954, 0.450,0.00000,0.00000,0.25503,0.04051,0.03170,0.00000,0.44974,0.04891,-5.00000,-0.04557,-0.05594,0.00000,0.00000
1722031905.9446511,192.000,252.000,66.000,194.000,240.000,66.000,192.000,226.000,66.000, 0.096, 0.096, 2.000,-12.000, 2.000,-12.000,20.836,-125.014,-20.828,-145.794,-433.875,-216.391,66.0000,320.449,240.559,106.777,63.610,463.320, 2.216,-2.201,-0.161, 0.226,-4.764, 0.400,0.00000,0.00000,0.22621,0.04080,0.03184,0.00000,0.40046,0.05151,-5.00000,-0.23582,-0.05594,0.00000,0.00000
1722031906.043227,194.000,240.000,66.000,192.000,226.000,66.000,194.000,214.000,66.000, 0.096, 0.099,-2.000,-14.000,-2.000,-14.000,-20.828,-145.794,20.289,-121.731,417.093,244.096,66.0000,320.490,240.829,106.878,63.639,463.967, 2.217,-2.204,-0.160, 0.193,-4.611, 0.330,0.00000,0.00000,0.19309,0.04105,0.03192,0.00000,0.33024,0.05377,-5.00000,-0.38943,-0.05594,0.00000,0.00000
1722031906.137434,192.000,226.000,66.000,194.000,214.000,66.000,198.000,204.000,66.000, 0.099, 0.094, 2.000,-12.000, 2.000,-12.000,20.289,-121.731,42.422,-106.056,234.743,166.243,66.0000,319.857,240.761,106.537,63.685,462.800, 2.212,-2.199,-0.189, 0.143,-5.590,-0.227,0.00000,0.00000,0.14264,0.04153,0.03867,0.00000,-0.22665,0.04110,-5.00000,0.58990,-0.05594,0.00000,0.00000
1722031906.212279,194.000,214.000,66.000,198.000,204.000,66.000,200.000,198.000,66.000, 0.094, 0.075, 4.000,-10.000, 4.000,-10.000,42.422,-106.056,26.737,-80.212,-209.689,345.502,66.0000,319.941,240.635,106.685,63.529,463.402, 2.215,-2.203,-0.171, 0.134,-4.942, 0.103,0.00000,0.00000,0.13400,0.04143,0.03383,0.00000,0.10320,0.05014,-5.00000,-0.05795,-0.05594,0.00000,0.00000
1722031906.306585,198.000,204.000,66.000,200.000,198.000,66.000,202.000,192.000,66.000, 0.075, 0.094, 2.000,-6.000, 2.000,-6.000,26.737,-80.212,21.191,-63.573,-58.766,176.299,66.0000,319.602,241.135,106.874,63.438,464.995,-2.217, 2.212, 0.188,-0.064,-4.686,-1.018,0.00000,0.00000,-0.06398,0.04401,0.04925,0.00000,-1.01758,0.05274,-5.00000,-0.31415,-0.05594,0.00000,-1.00000
1722031906.406378,200.000,198.000,66.000,202.000,192.000,66.000,204.000,188.000,66.000, 0.094, 0.100, 2.000,-6.000, 2.000,-6.000,21.191,-63.573,20.051,-40.101,-11.431,235.308,66.0000,319.660,241.075,106.939,63.372,464.972,-2.217, 2.213, 0.185,-0.085,-4.632,-0.940,0.00000,0.00000,-0.08453,0.04372,0.04856,0.00000,-0.94005,0.05370,-5.00000,-0.36758,-0.05594,0.00000,-1.00000
1722031906.5113149,202.000,192.000,66.000,204.000,188.000,66.000,204.000,186.000,66.000, 0.100, 0.105, 2.000,-4.000, 2.000,-4.000,20.051,-40.101, 0.000,-19.056,-191.048,200.522,66.0000,319.918,240.614,106.965,63.254,464.169, 2.217,-2.212,-0.186,-0.057,-4.974,-0.631,0.00000,0.00000,-0.05705,0.04333,0.04638,0.00000,-0.63116,0.04975,-5.00000,-0.02607,-0.05594,0.00000,0.00000
1722031906.606484,204.000,188.000,66.000,204.000,186.000,66.000,202.000,188.000,66.000, 0.105, 0.095, 0.000,-2.000, 0.000,-2.000, 0.000,-19.056,-21.024,21.024,-220.997,421.316,66.0000,320.303,239.724,106.964,63.044,464.204, 2.219,-2.210,-0.194, 0.027,-5.169,-0.859,0.00000,0.00000,0.02650,0.04231,0.05118,0.00000,-0.85876,0.04768,-5.00000,0.16905,-0.05594,0.00000,0.00000
1722031906.702671,204.000,186.000,66.000,202.000,188.000,66.000,202.000,192.000,66.000, 0.095, 0.096,-2.000, 2.000,-2.000, 2.000,-21.024,21.024, 0.000,41.607,218.682,214.101,66.0000,320.084,239.592,106.727,63.129,463.395,-2.230, 2.218, 0.194, 0.096,-5.385,-0.617,0.00000,0.00000,0.09569,0.04162,0.04928,0.00000,-0.61667,0.04472,-5.00000,0.38506,-0.05594,0.00000,0.00000
1722031906.795258,202.000,188.000,66.000,202.000,192.000,66.000,200.000,196.000,66.000, 0.096, 0.093, 0.000, 4.000, 0.000, 4.000, 0.000,41.607,-21.576,43.152,-232.760,16.667,66.0000,320.542,239.262,106.788,63.063,462.097, 2.209,-2.195,-0.163, 0.205,-5.212, 0.712,0.00000,0.00000,0.20484,0.04030,0.03295,0.00000,0.71155,0.04661,-5.00000,0.21158,-0.05594,0.00000,0.00000
1722031906.870142,202.000,192.000,66.000,200.000,196.000,66.000,198.000,200.000,66.000, 0.093, 0.075,-2.000, 4.000,-2.000, 4.000,-21.576,43.152,-26.743,53.486,-69.090,138.180,66.0000,320.502,239.258,106.665,63.158,461.830, 2.208,-2.192,-0.172, 0.242,-5.526, 0.560,0.00000,0.00000,0.24162,0.04003,0.03557,0.00000,0.56002,0.04168,-5.00000,0.52634,-0.05594,0.00000,0.00000
1722031906.968042,200.000,196.000,66.000,198.000,200.000,66.000,196.000,208.000,66.000, 0.075, 0.098,-2.000, 4.000,-2.000, 4.000,-26.743,53.486,-20.422,81.688,64.543,287.968,66.0000,320.523,239.489,106.778,63.155,461.690, 2.207,-2.194,-0.163, 0.197,-5.280, 0.810,0.00000,0.00000,0.19748,0.04062,0.03085,0.00000,0.80962,0.04443,-5.00000,0.28013,-0.05594,0.00000,0.00000
1722031907.062811,198.000,200.000,66.000,196.000,208.000,66.000,192.000,216.000,68.000, 0.098, 0.095,-2.000, 8.000,-2.000, 8.000,-20.422,81.688,-42.210,84.420,-229.921,28.836,68.0000,320.608,240.298,107.051,63.305,463.147, 2.214,-2.205,-0.146, 0.126,-4.313, 0.770,0.00000,0.00000,0.12601,0.04135,0.03014,0.00000,0.77048,0.05655,-5.00000,-0.68711,-0.05594,0.00000,0.00000
1722031907.171052,196.000,208.000,66.000,192.000,216.000,68.000,194.000,222.000,66.000, 0.095, 0.108,-4.000, 8.000,-4.000, 8.000,-42.210,84.420,18.465,55.394,560.170,-267.980,66.0000,320.704,240.645,107.153,63.396,463.889, 2.217,-2.208,-0.158, 0.080,-4.428, 0.239,0.00000,0.00000,0.08015,0.04169,0.03572,0.00000,0.23861,0.05492,-5.00000,-0.57190,-0.05594,0.00000,0.00000
1722031907.269378,192.000,216.000,68.000,194.000,222.000,66.000,192.000,230.000,66.000, 0.108, 0.098, 2.000, 6.000, 2.000, 6.000,18.465,55.394,-20.355,81.422,-395.099,264.902,66.0000,320.244,240.582,107.035,63.286,463.692, 2.214,-2.207,-0.166, 0.012,-4.744, 0.150,0.00000,0.00000,0.01233,0.04243,0.03564,0.00000,0.15035,0.05197,-5.00000,-0.25581,-0.05594,0.00000,0.00000
1722031907.3784618,194.000,222.000,66.000,192.000,230.000,66.000,192.000,234.000,66.000, 0.098, 0.109,-2.000, 8.000,-2.000, 8.000,-20.355,81.422, 0.000,36.659,186.550,-410.238,66.0000,320.018,240.651,106.990,63.278,464.456, 2.218,-2.212,-0.160, 0.013,-4.323, 0.048,0.00000,0.00000,0.01334,0.04221,0.03658,0.00000,0.04800,-0.07636,5.00000,9.32334,-0.05594,0.00000,0.00000
1722031907.472322,192.000,230.000,66.000,192.000,234.000,66.000,192.000,238.000,66.000, 0.109, 0.094, 0.000, 4.000, 0.000, 4.000, 0.000,36.659, 0.000,42.603, 0.000,63.312,66.0000,320.139,240.615,106.872,63.425,463.574, 2.216,-2.206,-0.164, 0.090,-4.659, 0.188,0.00000,0.00000,0.08951,0.04118,0.03444,0.00000,0.18824,-0.08513,5.00000,9.65882,-0.05594,0.00000,0.00000
1722031907.564522,192.000,234.000,66.000,192.000,238.000,66.000,196.000,242.000,66.000, 0.094, 0.092, 0.000, 4.000, 0.000, 4.000, 0.000,42.603,43.430,43.430,471.546, 8.982,66.0000,323.316,240.907,108.852,62.853,467.976, 2.235,-2.239,-0.122,-0.171,-2.140,-0.109,0.00000,0.00000,-0.17082,0.04487,0.03829,0.00000,-0.10883,-0.06993,5.00000,7.14021,-0.08195,3.00000,0.00000
1722031907.657713,192.000,238.000,66.000,196.000,242.000,66.000,210.000,242.000,66.000, 0.092, 0.093, 4.000, 4.000, 4.000, 4.000,43.430,43.430,150.177, 0.000,1145.072,-465.874,66.0000,328.500,240.263,110.345,63.192,469.715,-2.202, 2.192, 0.015, 0.294, 1.002, 2.223,0.00000,0.00000,0.29375,0.03791,0.00658,0.00000,2.22263,-0.04556,5.00000,3.99814,-0.11829,8.00000,0.00000
1722031907.764949,196.000,242.000,66.000,210.000,242.000,66.000,218.000,242.000,65.000, 0.093, 0.107,14.000, 0.000,14.000, 0.000,150.177, 0.000,74.557, 0.000,-704.754, 0.000,65.0000,329.726,240.605,110.882,63.127,472.406,-2.184, 2.178,-0.014, 0.219, 2.669, 2.051,0.00000,0.00000,0.21913,0.04016,0.00797,0.00000,2.05065,-0.03576,5.00000,2.33069,-0.11727,9.00000,0.00000
1722031907.855072,210.000,242.000,66.000,218.000,242.000,65.000,224.000,240.000,68.000, 0.107, 0.090, 8.000, 0.000, 8.000, 0.000,74.557, 0.000,66.631,-22.210,-88.013,-246.651,68.0000,327.493,240.427,110.210,62.900,470.772,-2.189, 2.188,-0.029, 0.051, 2.634, 2.898,0.00000,0.00000,0.05144,0.04209,-0.00783,0.00000,2.89827,-0.04340,5.00000,2.36612,-0.10292,7.00000,0.00000
1722031907.968021,218.000,242.000,65.000,224.000,240.000,68.000,232.000,236.000,66.000, 0.090, 0.113, 6.000,-2.000, 6.000,-2.000,66.631,-22.210,70.781,-35.390,36.712,-116.611,66.0000,322.870,241.177,108.174,63.048,474.566,-2.173, 2.171, 0.007, 0.132, 2.641, 0.974,0.00000,0.00000,0.13161,0.04048,0.01362,0.00000,0.97424,-0.04797,5.00000,2.35891,-0.07024,2.00000,-1.00000
1722031908.056895,224.000,240.000,68.000,232.000,236.000,66.000,240.000,232.000,66.000, 0.113, 0.089, 8.000,-4.000, 8.000,-4.000,70.781,-35.390,90.125,-45.063,217.932,-108.966,66.0000,321.847,242.015,108.108,63.114,473.952,-2.175, 2.178, 0.043,-0.046, 1.438, 0.325,0.00000,0.00000,-0.04629,0.04306,0.01756,0.00000,0.32462,-0.06893,5.00000,3.56157,-0.07792,1.00000,-2.00000
1722031908.156922,232.000,236.000,66.000,240.000,232.000,66.000,250.000,230.000,66.000, 0.089, 0.100, 8.000,-4.000, 8.000,-4.000,90.125,-45.063,99.887,-19.977,97.507,250.570,66.0000,322.172,242.210,107.889,63.422,475.084,-2.171, 2.167, 0.048, 0.162, 1.721,-0.256,0.00000,0.00000,0.16225,0.03973,0.02377,0.00000,-0.25612,-0.07042,5.00000,3.27864,-0.09026,2.00000,-2.00000
1722031908.257777,240.000,232.000,66.000,250.000,230.000,66.000,258.000,228.000,67.000, 0.100, 0.101,10.000,-2.000,10.000,-2.000,99.887,-19.977,79.409,-19.852,-203.267, 1.242,67.0000,325.431,241.876,109.968,62.588,474.481,-2.163, 2.176, 0.050,-0.294, 1.643,-0.256,0.00000,0.00000,-0.29407,0.04644,0.02341,0.00000,-0.25556,-0.07845,5.00000,3.35651,-0.11460,5.00000,-1.00000
1722031908.388809,250.000,230.000,66.000,258.000,228.000,67.000,268.000,224.000,67.000, 0.101, 0.131, 8.000,-2.000, 8.000,-2.000,79.409,-19.852,76.303,-30.521,-23.706,-81.405,67.0000,326.041,240.750,109.649,62.850,473.334,-2.181, 2.179, 0.030, 0.085, 1.575, 0.838,0.00000,0.00000,0.08493,0.04010,0.00916,0.00000,0.83763,-0.08597,5.00000,3.42514,-0.11759,6.00000,0.00000
1722031908.4848158,258.000,228.000,67.000,268.000,224.000,67.000,274.000,218.000,65.000, 0.131, 0.096,10.000,-4.000,10.000,-4.000,76.303,-30.521,62.510,-62.510,-143.697,-333.269,65.0000,324.920,239.978,109.283,62.275,474.403,-2.168, 2.173,-0.000,-0.050, 2.931, 1.075,0.00000,0.00000,-0.05002,0.04301,0.00592,0.00000,1.07540,-0.07440,5.00000,2.06930,-0.10124,4.00000,0.00000
1722031908.5920799,268.000,224.000,67.000,274.000,218.000,65.000,278.000,212.000,67.000, 0.096, 0.107, 6.000,-6.000, 6.000,-6.000,62.510,-62.510,37.244,-55.866,-235.250,61.861,67.0000,323.584,240.022,108.885,62.136,473.964,-2.165, 2.175,-0.019,-0.192, 3.449, 1.554,0.00000,0.00000,-0.19244,0.04456,-0.00234,0.00000,1.55420,-0.07357,5.00000,1.55081,-0.10124,3.00000,0.00000
1722031908.68197,274.000,218.000,65.000,278.000,212.000,67.000,282.000,206.000,67.000, 0.107, 0.090, 4.000,-6.000, 4.000,-6.000,37.244,-55.866,44.576,-66.864,81.704,-122.556,67.0000,322.914,240.860,108.796,62.198,475.175,-2.158, 2.173,-0.016,-0.315, 3.635, 1.238,0.00000,0.00000,-0.31467,0.04588,-0.00045,0.00000,1.23757,-0.07495,5.00000,1.36521,-0.09757,2.00000,0.00000
1722031908.7765288,278.000,212.000,67.000,282.000,206.000,67.000,288.000,194.000,66.000, 0.090, 0.095, 4.000,-6.000, 4.000,-6.000,44.576,-66.864,63.347,-126.694,198.188,-631.687,66.0000,323.258,240.490,108.774,62.393,473.265,-2.170, 2.180,-0.019,-0.186, 3.164, 1.847,0.00000,0.00000,-0.18631,0.04393,-0.01163,0.00000,1.84733,-0.08431,5.00000,1.83636,-0.11058,3.00000,0.00000
1722031908.850177,282.000,206.000,67.000,288.000,194.000,66.000,294.000,188.000,67.000, 0.095, 0.074, 6.000,-12.000, 6.000,-12.000,63.347,-126.694,81.540,-81.540,247.247,613.646,67.0000,323.448,241.059,108.591,62.841,473.914,-2.171, 2.174, 0.002, 0.002, 2.756, 1.115,0.00000,0.00000,0.00239,0.04186,-0.00453,0.00000,1.11549,-0.09278,5.00000,2.24439,-0.10957,3.00000,-1.00000
1722031908.948076,288.000,194.000,66.000,294.000,188.000,67.000,304.000,178.000,66.000, 0.074, 0.098, 6.000,-6.000, 6.000,-6.000,81.540,-81.540,102.193,-102.193,211.057,-211.057,66.0000,324.807,241.459,109.244,62.704,475.770,-2.157, 2.165,-0.001,-0.094, 3.477, 0.557,0.00000,0.00000,-0.09404,0.04373,-0.00032,0.00000,0.55716,-0.08692,5.00000,1.52320,-0.12024,4.00000,-1.00000
1722031909.045215,294.000,188.000,67.000,304.000,178.000,66.000,320.000,172.000,68.000, 0.098, 0.097,10.000,-10.000,10.000,-10.000,102.193,-102.193,164.531,-61.699,641.036,416.407,68.0000,324.137,241.628,109.285,62.390,477.007,-2.152, 2.166, 0.009,-0.266, 3.338, 0.215,0.00000,0.00000,-0.26649,0.04582,0.00235,0.00000,0.21524,-0.09291,5.00000,1.66175,-0.11990,4.00000,-1.00000
1722031909.15122,304.000,178.000,66.000,320.000,172.000,68.000,342.000,166.000,67.000, 0.097, 0.106,16.000,-6.000,16.000,-6.000,164.531,-61.699,207.649,-56.632,406.971,47.832,67.0000,324.528,241.728,109.450,62.205,478.500,-2.142, 2.158, 0.015,-0.296, 3.717,-0.483,0.00000,0.00000,-0.29558,0.04582,0.01083,0.00000,-0.48308,-0.09091,5.00000,1.28274,-0.12256,4.00000,-1.00000
1722031909.2462552,320.000,172.000,68.000,342.000,166.000,67.000,368.000,164.000,68.000, 0.106, 0.095,22.000,-6.000,22.000,-6.000,207.649,-56.632,273.748,-21.058,695.940,374.551,68.0000,323.564,241.088,108.691,62.195,479.027,-2.141, 2.150, 0.023,-0.077, 3.724,-0.930,0.00000,0.00000,-0.07693,0.04293,0.01679,0.00000,-0.93028,-0.09394,5.00000,1.27551,-0.11656,3.00000,-1.00000
1722031909.34127,342.000,166.000,67.000,368.000,164.000,68.000,402.000,162.000,67.000, 0.095, 0.095,26.000,-2.000,26.000,-2.000,273.748,-21.058,357.593,-21.035,881.836, 0.238,67.0000,323.449,240.639,108.702,62.047,478.155,-2.144, 2.155, 0.008,-0.133, 3.927,-0.324,0.00000,0.00000,-0.13317,0.04439,0.00979,0.00000,-0.32423,-0.09377,5.00000,1.07296,-0.12156,3.00000,0.00000
1722031909.4527638,368.000,164.000,68.000,402.000,162.000,67.000,436.000,166.000,68.000, 0.095, 0.111,34.000,-2.000,34.000,-2.000,357.593,-21.035,305.072,35.891,-471.254,510.778,68.0000,322.998,239.972,108.725,61.838,476.085,-2.154, 2.168,-0.019,-0.266, 3.947, 1.052,0.00000,0.00000,-0.26607,0.04608,-0.00723,0.00000,1.05195,-0.09595,5.00000,1.05306,-0.11489,2.00000,0.00000
1722031909.5495958,402.000,162.000,67.000,436.000,166.000,68.000,436.000,198.000,66.000, 0.111, 0.097,34.000, 4.000,34.000, 4.000,305.072,35.891, 0.000,330.210,-3148.058,3037.093,66.0000,323.401,239.386,109.450,61.137,474.821,-2.151, 2.180,-0.067,-0.708, 4.956, 2.641,0.00000,0.00000,-0.70769,0.05178,-0.02872,0.00000,2.64138,-0.08446,5.00000,0.04405,-0.12789,3.00000,0.00000
1722031909.6413598,436.000,166.000,68.000,436.000,198.000,66.000,446.000,230.000,66.000, 0.097, 0.092, 0.000,32.000, 0.000,32.000, 0.000,330.210,108.954,348.653,1187.097,200.944,66.0000,323.274,239.395,109.126,61.117,477.260,-2.141, 2.165,-0.029,-0.512, 4.697, 0.858,0.00000,0.00000,-0.51203,0.04816,-0.00754,0.00000,0.85843,-0.08956,5.00000,0.30271,-0.12689,3.00000,0.00000
1722031909.734318,436.000,198.000,66.000,446.000,230.000,66.000,454.000,262.000,67.000, 0.092, 0.093,10.000,32.000,10.000,32.000,108.954,348.653,86.050,344.201,-246.359,-47.885,67.0000,323.266,240.507,109.131,61.743,476.031,-2.149, 2.171,-0.037,-0.500, 4.500, 1.477,0.00000,0.00000,-0.49953,0.04884,-0.02028,0.00000,1.47658,-0.09244,5.00000,0.50022,-0.12889,3.00000,0.00000
1722031909.812474,446.000,230.000,66.000,454.000,262.000,67.000,450.000,282.000,67.000, 0.093, 0.078, 8.000,32.000, 8.000,32.000,86.050,344.201,-51.226,256.131,-1758.033,-1127.876,67.0000,321.465,241.631,108.175,62.175,478.624,-2.143, 2.159, 0.019,-0.284, 3.564,-0.530,0.00000,0.00000,-0.28375,0.04621,0.00478,0.00000,-0.52955,-0.10578,5.00000,1.43639,-0.11355,1.00000,-1.00000
1722031909.9091,454.000,262.000,67.000,450.000,282.000,67.000,436.000,312.000,67.000, 0.078, 0.097,-4.000,20.000,-4.000,20.000,-51.226,256.131,-144.899,310.498,-969.511,562.703,67.0000,321.805,241.712,107.909,62.429,479.242,-2.138, 2.148, 0.017,-0.077, 4.052,-0.934,0.00000,0.00000,-0.07749,0.04421,0.00829,0.00000,-0.93418,-0.10066,5.00000,0.94846,-0.12022,1.00000,-1.00000
1722031910.000308,450.000,282.000,67.000,436.000,312.000,67.000,416.000,338.000,66.000, 0.097, 0.091,-14.000,30.000,-14.000,30.000,-144.899,310.498,-219.104,284.835,-812.925,-281.147,66.0000,321.624,242.602,107.783,62.663,479.932,-2.131, 2.142, 0.014,-0.092, 4.512,-1.245,0.00000,0.00000,-0.09218,0.04507,0.01374,0.00000,-1.24494,-0.09707,5.00000,0.48802,-0.12088,1.00000,-2.00000
1722031910.106155,436.000,312.000,67.000,416.000,338.000,66.000,398.000,354.000,66.000, 0.091, 0.106,-20.000,26.000,-20.000,26.000,-219.104,284.835,-170.201,151.290,462.405,-1262.751,66.0000,323.820,242.015,108.984,62.302,479.841,-2.136, 2.150, 0.029,-0.189, 3.744,-1.265,0.00000,0.00000,-0.18920,0.04638,0.01603,0.00000,-1.26489,-0.10910,5.00000,1.25608,-0.13889,3.00000,-2.00000
1722031910.200331,416.000,338.000,66.000,398.000,354.000,66.000,380.000,362.000,66.000, 0.106, 0.094,-18.000,16.000,-18.000,16.000,-170.201,151.290,-191.203,84.979,-223.090,-704.379,66.0000,323.505,239.623,108.536,61.905,477.709,-2.150, 2.156,-0.009,-0.024, 4.158, 0.345,0.00000,0.00000,-0.02417,0.04396,-0.00320,0.00000,0.34505,-0.10487,5.00000,0.84233,-0.13488,3.00000,0.00000
1722031910.297364,398.000,354.000,66.000,380.000,362.000,66.000,368.000,364.000,64.000, 0.094, 0.097,-18.000, 8.000,-18.000, 8.000,-191.203,84.979,-123.510,20.585,696.729,-662.777,64.0000,323.583,238.383,108.203,61.717,477.633,-2.152, 2.151,-0.030, 0.147, 4.792, 0.770,0.00000,0.00000,0.14677,0.04216,-0.00722,0.00000,0.77042,-0.09861,5.00000,0.20764,-0.13688,3.00000,1.00000
1722031910.395135,380.000,362.000,66.000,368.000,364.000,64.000,366.000,364.000,65.000, 0.097, 0.098,-12.000, 2.000,-12.000, 2.000,-123.510,20.585,-20.459, 0.000,1054.157,-210.573,65.0000,322.780,237.993,108.157,61.323,476.832,-2.149, 2.157,-0.051,-0.087, 5.262, 1.457,0.00000,0.00000,-0.08731,0.04576,-0.01738,0.00000,1.45654,-0.09363,5.00000,-0.26236,-0.13021,2.00000,2.00000
1722031910.497088,368.000,364.000,64.000,366.000,364.000,65.000,368.000,364.000,64.000, 0.098, 0.102,-2.000, 0.000,-2.000, 0.000,-20.459, 0.000,19.624, 0.000,393.287, 0.000,64.0000,321.686,239.584,108.125,61.307,478.453,-2.134, 2.154,-0.030,-0.357, 5.251, 0.356,0.00000,0.00000,-0.35733,0.04874,-0.00441,0.00000,0.35632,-0.09398,5.00000,-0.25054,-0.12587,1.00000,0.00000
1722031910.592264,366.000,364.000,65.000,368.000,364.000,64.000,378.000,362.000,65.000, 0.102, 0.095, 2.000, 0.000, 2.000, 0.000,19.624, 0.000,105.022,-21.004,896.873,-220.593,65.0000,321.281,240.858,108.374,61.246,479.854,-2.124, 2.153,-0.002,-0.574, 4.821,-0.678,0.00000,0.00000,-0.57446,0.05104,0.00720,0.00000,-0.67840,-0.09926,5.00000,0.17908,-0.12954,1.00000,0.00000
1722031910.699616,368.000,364.000,64.000,378.000,362.000,65.000,390.000,352.000,63.000, 0.095, 0.107,10.000,-2.000,10.000,-2.000,105.022,-21.004,111.930,-93.275,64.432,-674.103,63.0000,320.852,241.607,108.034,61.877,479.794,-2.134, 2.155, 0.011,-0.395, 4.141,-0.673,0.00000,0.00000,-0.39531,0.04826,0.00693,0.00000,-0.67340,-0.10815,5.00000,0.85908,-0.12154,0.00000,-1.00000
1722031910.792019,378.000,362.000,65.000,390.000,352.000,63.000,410.000,342.000,67.000, 0.107, 0.093,12.000,-10.000,12.000,-10.000,111.930,-93.275,216.093,-108.046,1125.440,-159.599,67.0000,321.065,241.331,107.871,61.947,479.445,-2.133, 2.150, 0.005,-0.281, 4.465,-0.724,0.00000,0.00000,-0.28141,0.04746,0.00897,0.00000,-0.72416,-0.10446,5.00000,0.53460,-0.13321,1.00000,-1.00000
1722031910.903148,390.000,352.000,63.000,410.000,342.000,67.000,430.000,320.000,65.000, 0.093, 0.111,20.000,-10.000,20.000,-10.000,216.093,-108.046,180.001,-198.002,-324.823,-809.604,65.0000,322.667,239.956,107.944,62.059,479.512,-2.144, 2.146,-0.005, 0.106, 4.521,-0.248,0.00000,0.00000,0.10596,0.04271,0.00391,0.00000,-0.24814,-0.10527,5.00000,0.47888,-0.13954,2.00000,0.00000
1722031910.993448,410.000,342.000,67.000,430.000,320.000,65.000,446.000,294.000,65.000, 0.111, 0.090,20.000,-22.000,20.000,-22.000,180.001,-198.002,177.293,-288.102,-30.009,-998.382,65.0000,323.474,239.328,108.149,61.888,478.854,-2.142, 2.143,-0.018, 0.125, 4.995,-0.050,0.00000,0.00000,0.12474,0.04357,0.00244,0.00000,-0.04960,-0.09992,5.00000,0.00540,-0.14654,3.00000,0.00000
1722031911.0886312,430.000,320.000,65.000,446.000,294.000,65.000,456.000,264.000,65.000, 0.090, 0.095,16.000,-26.000,16.000,-26.000,177.293,-288.102,104.969,-314.907,-759.180,-281.379,65.0000,322.604,239.224,107.931,61.766,478.486,-2.142, 2.147,-0.026, 0.027, 5.083, 0.314,0.00000,0.00000,0.02742,0.04487,-0.00207,0.00000,0.31381,-0.09945,5.00000,-0.08286,-0.13687,2.00000,0.00000
1722031911.2008698,446.000,294.000,65.000,456.000,264.000,65.000,450.000,236.000,64.000, 0.095, 0.112,10.000,-30.000,10.000,-30.000,104.969,-314.907,-53.471,-249.533,-1412.001,582.612,64.0000,320.124,239.180,107.233,60.881,482.827,-2.118, 2.140,-0.075,-0.397, 7.310, 0.779,0.00000,0.00000,-0.39718,0.05030,-0.00842,0.00000,0.77853,-0.06935,5.00000,-2.30974,-0.12386,0.00000,0.00000
1722031911.2938519,456.000,264.000,65.000,450.000,236.000,64.000,450.000,210.000,65.000, 0.112, 0.093,-6.000,-28.000,-6.000,-28.000,-53.471,-249.533, 0.000,-279.922,575.683,-327.176,65.0000,320.823,239.337,107.836,61.363,477.385,-2.144, 2.162,-0.036,-0.357, 4.897, 1.064,0.00000,0.00000,-0.35744,0.04869,-0.01313,0.00000,1.06402,-0.10066,5.00000,0.10338,-0.12987,0.00000,0.00000
1722031911.38528,450.000,236.000,64.000,450.000,210.000,65.000,440.000,190.000,64.000, 0.093, 0.092, 0.000,-26.000, 0.000,-26.000, 0.000,-279.922,-109.237,-218.474,-1193.276,671.233,64.0000,320.325,239.612,107.744,61.281,477.805,-2.140, 2.160,-0.005,-0.383, 4.263, 0.044,0.00000,0.00000,-0.38309,0.04933,-0.00106,0.00000,0.04429,-0.10580,5.00000,0.73733,-0.12987,0.00000,0.00000
1722031911.495499,450.000,210.000,65.000,440.000,190.000,64.000,436.000,178.000,68.000, 0.092, 0.110,-10.000,-20.000,-10.000,-20.000,-109.237,-218.474,-36.312,-108.935,662.013,994.389,68.0000,320.329,240.088,107.413,61.815,477.970,-2.143, 2.156,-0.020,-0.199, 4.638, 0.433,0.00000,0.00000,-0.19864,0.04696,-0.00793,0.00000,0.43312,-0.10125,5.00000,0.36220,-0.12987,0.00000,0.00000
1722031911.585383,440.000,190.000,64.000,436.000,178.000,68.000,430.000,168.000,66.000, 0.110, 0.090,-4.000,-12.000,-4.000,-12.000,-36.312,-108.935,-66.701,-111.168,-337.826,-24.816,66.0000,321.129,240.498,108.892,60.906,477.381,-2.133, 2.174,-0.040,-0.954, 4.980, 1.227,0.00000,0.00000,-0.95359,0.05780,-0.01893,0.00000,1.22701,-0.09792,5.00000,0.02011,-0.13854,1.00000,0.00000
1722031911.6822321,436.000,178.000,68.000,430.000,168.000,66.000,430.000,166.000,67.000, 0.090, 0.097,-6.000,-10.000,-6.000,-10.000,-66.701,-111.168, 0.000,-20.652,688.757,934.672,67.0000,320.904,240.650,108.794,61.099,476.656,-2.140, 2.177,-0.018,-0.871, 4.075, 0.919,0.00000,0.00000,-0.87124,0.05490,-0.01604,0.00000,0.91948,-0.11069,5.00000,0.92452,-0.12753,0.00000,0.00000
1722031911.759134,430.000,168.000,66.000,430.000,166.000,67.000,430.000,168.000,67.000, 0.097, 0.077, 0.000,-2.000, 0.000,-2.000, 0.000,-20.652, 0.000,26.050, 0.000,608.292,67.0000,320.880,240.285,108.348,61.170,478.176,-2.135, 2.164,-0.012,-0.625, 4.438, 0.220,0.00000,0.00000,-0.62483,0.05226,-0.00889,0.00000,0.21954,-0.10628,5.00000,0.56170,-0.13054,0.00000,0.00000
1722031911.8533812,430.000,166.000,67.000,430.000,168.000,67.000,436.000,178.000,67.000, 0.077, 0.094, 0.000, 2.000, 0.000, 2.000, 0.000,26.050,63.658,106.097,675.399,849.282,67.0000,320.209,240.574,107.631,61.707,478.246,-2.139, 2.158,-0.017,-0.370, 4.660, 0.294,0.00000,0.00000,-0.37008,0.04987,-0.01139,0.00000,0.29448,-0.10495,5.00000,0.33964,-0.13054,0.00000,0.00000
1722031911.950473,430.000,168.000,67.000,436.000,178.000,67.000,444.000,192.000,67.000, 0.094, 0.097, 6.000,10.000, 6.000,10.000,63.658,106.097,82.338,144.091,192.249,391.034,67.0000,321.152,240.798,108.260,61.474,478.721,-2.132, 2.159,-0.027,-0.561, 5.118, 0.383,0.00000,0.00000,-0.56122,0.05340,-0.01305,0.00000,0.38255,-0.09978,5.00000,-0.11837,-0.13921,1.00000,0.00000
1722031912.051426,436.000,178.000,67.000,444.000,192.000,67.000,450.000,214.000,66.000, 0.097, 0.101, 8.000,14.000, 8.000,14.000,82.338,144.091,59.412,217.845,-227.006,730.323,66.0000,321.387,240.926,108.521,61.506,478.079,-2.136, 2.166,-0.041,-0.658, 5.142, 1.072,0.00000,0.00000,-0.65792,0.05441,-0.02300,0.00000,1.07229,-0.09991,5.00000,-0.14212,-0.13687,1.00000,0.00000
1722031912.143183,444.000,192.000,67.000,450.000,214.000,66.000,456.000,238.000,67.000, 0.101, 0.092, 6.000,22.000, 6.000,22.000,59.412,217.845,65.376,261.504,64.980,475.704,67.0000,321.237,240.613,108.059,61.566,479.721,-2.132, 2.154,-0.042,-0.445, 5.623, 0.669,0.00000,0.00000,-0.44485,0.05157,-0.01867,0.00000,0.66946,-0.09317,5.00000,-0.62293,-0.13753,1.00000,0.00000
1722031912.252856,450.000,214.000,66.000,456.000,238.000,67.000,454.000,268.000,67.000, 0.092, 0.110, 6.000,24.000, 6.000,24.000,65.376,261.504,-18.251,273.760,-763.121,111.841,67.0000,321.309,241.380,108.049,61.426,482.538,-2.116, 2.139, 0.018,-0.356, 4.926,-1.876,0.00000,0.00000,-0.35564,0.05123,0.01375,0.00000,-1.87604,-0.10206,5.00000,0.07419,-0.13820,1.00000,-1.00000
1722031912.3439639,456.000,238.000,67.000,454.000,268.000,67.000,444.000,296.000,66.000, 0.110, 0.091,-2.000,30.000,-2.000,30.000,-18.251,273.760,-109.657,307.040,-1002.340,364.945,66.0000,320.574,241.170,107.517,61.740,481.614,-2.124, 2.140, 0.013,-0.201, 4.777,-1.432,0.00000,0.00000,-0.20118,0.04959,0.00768,0.00000,-1.43190,-0.10316,5.00000,0.22274,-0.13020,0.00000,-1.00000
1722031912.441189,454.000,268.000,67.000,444.000,296.000,66.000,428.000,322.000,66.000, 0.091, 0.097,-10.000,28.000,-10.000,28.000,-109.657,307.040,-164.723,267.675,-566.914,-405.274,66.0000,321.008,241.437,107.576,61.893,481.824,-2.123, 2.136, 0.022,-0.121, 4.665,-1.859,0.00000,0.00000,-0.12090,0.04907,0.01697,0.00000,-1.85861,-0.10490,5.00000,0.33476,-0.14187,1.00000,-1.00000
1722031912.549751,444.000,296.000,66.000,428.000,322.000,66.000,408.000,338.000,66.000, 0.097, 0.109,-16.000,26.000,-16.000,26.000,-164.723,267.675,-184.184,147.347,-179.220,-1108.124,66.0000,320.613,238.985,107.106,61.744,478.616,-2.148, 2.150,-0.020, 0.076, 4.690, 0.375,0.00000,0.00000,0.07553,0.04672,-0.01011,0.00000,0.37517,-0.10506,5.00000,0.30991,-0.13086,0.00000,1.00000
1722031912.645337,428.000,322.000,66.000,408.000,338.000,66.000,394.000,350.000,66.000, 0.109, 0.096,-20.000,16.000,-20.000,16.000,-184.184,147.347,-146.365,125.456,395.383,-228.867,66.0000,321.215,238.488,107.650,61.147,479.305,-2.141, 2.150,-0.008,-0.097, 4.576,-0.130,0.00000,0.00000,-0.09746,0.04961,-0.00068,0.00000,-0.13048,-0.10726,5.00000,0.42428,-0.14254,1.00000,1.00000
1722031912.742433,408.000,338.000,66.000,394.000,350.000,66.000,384.000,356.000,65.000, 0.096, 0.097,-14.000,12.000,-14.000,12.000,-146.365,125.456,-103.009,61.805,446.609,-655.657,65.0000,320.913,238.421,107.595,61.021,478.834,-2.137, 2.151,-0.021,-0.198, 5.029, 0.134,0.00000,0.00000,-0.19790,0.05049,-0.00474,0.00000,0.13365,-0.10182,5.00000,-0.02873,-0.13153,0.00000,1.00000
1722031912.849471,394.000,350.000,66.000,384.000,356.000,65.000,382.000,356.000,65.000, 0.097, 0.107,-10.000, 6.000,-10.000, 6.000,-103.009,61.805,-18.694, 0.000,788.104,-577.707,65.0000,321.123,239.945,107.504,61.792,478.951,-2.136, 2.148,-0.036,-0.136, 5.521, 0.418,0.00000,0.00000,-0.13599,0.04945,-0.00845,0.00000,0.41814,-0.09580,5.00000,-0.52070,-0.14320,1.00000,0.00000
1722031912.942409,384.000,356.000,65.000,382.000,356.000,65.000,390.000,354.000,64.000, 0.107, 0.093,-2.000, 0.000,-2.000, 0.000,-18.694, 0.000,86.020,-21.505,1125.932,-231.230,64.0000,320.895,240.468,107.672,61.666,479.360,-2.131, 2.148,-0.015,-0.266, 5.116,-0.299,0.00000,0.00000,-0.26593,0.05146,0.00082,0.00000,-0.29886,-0.10097,5.00000,-0.11604,-0.13219,0.00000,0.00000
1722031913.0476449,382.000,356.000,65.000,390.000,354.000,64.000,402.000,346.000,64.000, 0.093, 0.105, 8.000,-2.000, 8.000,-2.000,86.020,-21.505,114.098,-76.065,266.973,-518.768,64.0000,320.500,240.921,107.081,62.314,480.189,-2.139, 2.144,-0.006, 0.060, 4.745,-0.448,0.00000,0.00000,0.06046,0.04680,0.00235,0.00000,-0.44790,-0.10513,5.00000,0.25473,-0.13520,0.00000,0.00000
1722031913.1440609,390.000,354.000,64.000,402.000,346.000,64.000,416.000,332.000,64.000, 0.105, 0.096,12.000,-8.000,12.000,-8.000,114.098,-76.065,145.121,-145.121,321.582,-715.821,64.0000,320.167,240.445,107.021,61.922,479.807,-2.132, 2.141,-0.001,-0.029, 4.891,-0.857,0.00000,0.00000,-0.02918,0.04896,0.00854,0.00000,-0.85655,-0.10311,5.00000,0.10883,-0.13520,0.00000,0.00000
1722031913.242358,402.000,346.000,64.000,416.000,332.000,64.000,432.000,314.000,66.000, 0.096, 0.098,14.000,-14.000,14.000,-14.000,145.121,-145.121,162.911,-183.275,181.133,-388.477,66.0000,320.394,240.656,107.217,62.159,479.197,-2.142, 2.150,-0.006,-0.036, 4.501,-0.152,0.00000,0.00000,-0.03609,0.04880,0.00013,0.00000,-0.15245,-0.10882,5.00000,0.49926,-0.13520,0.00000,0.00000
1722031913.335718,416.000,332.000,64.000,432.000,314.000,66.000,444.000,290.000,64.000, 0.098, 0.093,16.000,-18.000,16.000,-18.000,162.911,-183.275,128.523,-257.045,-368.306,-790.098,64.0000,320.711,240.250,107.335,62.074,478.423,-2.144, 2.152,-0.028,-0.072, 4.945, 0.551,0.00000,0.00000,-0.07156,0.04927,-0.00801,0.00000,0.55135,-0.10323,5.00000,0.05468,-0.13520,0.00000,0.00000
1722031913.441377,432.000,314.000,66.000,444.000,290.000,64.000,452.000,266.000,65.000, 0.093, 0.106,12.000,-24.000,12.000,-24.000,128.523,-257.045,75.659,-226.976,-499.952,284.373,65.0000,321.009,240.172,107.320,62.062,478.616,-2.140, 2.147,-0.021,-0.009, 5.044, 0.076,0.00000,0.00000,-0.00850,0.04835,-0.00164,0.00000,0.07609,-0.10267,5.00000,-0.04442,-0.14387,1.00000,0.00000
1722031913.535427,444.000,290.000,64.000,452.000,266.000,65.000,452.000,244.000,65.000, 0.106, 0.094, 8.000,-24.000, 8.000,-24.000,75.659,-226.976, 0.000,-234.149,-805.247,-76.343,65.0000,321.017,239.990,107.561,61.772,478.813,-2.139, 2.150,-0.022,-0.144, 5.002, 0.183,0.00000,0.00000,-0.14436,0.05038,-0.00395,0.00000,0.18330,-0.10330,5.00000,-0.00250,-0.14153,1.00000,0.00000
1722031913.631148,452.000,266.000,65.000,452.000,244.000,65.000,448.000,224.000,63.000, 0.094, 0.096, 0.000,-22.000, 0.000,-22.000, 0.000,-234.149,-41.788,-208.938,-436.553,263.375,63.0000,320.818,240.131,107.379,61.881,479.902,-2.138, 2.149,-0.039,-0.109, 5.513, 0.595,0.00000,0.00000,-0.10928,0.04957,-0.00972,0.00000,0.59546,-0.09633,5.00000,-0.51321,-0.13353,0.00000,0.00000
1722031913.7383082,452.000,244.000,65.000,448.000,224.000,63.000,450.000,210.000,67.000, 0.096, 0.107,-4.000,-20.000,-4.000,-20.000,-41.788,-208.938,18.656,-130.592,563.818,730.816,67.0000,320.755,240.007,107.614,61.800,477.758,-2.145, 2.158,-0.020,-0.203, 4.542, 0.544,0.00000,0.00000,-0.20323,0.05100,-0.00959,0.00000,0.54358,-0.10919,5.00000,0.45805,-0.13653,0.00000,0.00000
1722031913.831872,448.000,224.000,63.000,450.000,210.000,67.000,446.000,200.000,67.000, 0.107, 0.094, 2.000,-14.000, 2.000,-14.000,18.656,-130.592,-42.761,-106.903,-656.567,253.242,67.0000,320.988,240.125,107.594,61.870,478.509,-2.142, 2.153,-0.018,-0.139, 4.685, 0.261,0.00000,0.00000,-0.13871,0.04995,-0.00694,0.00000,0.26109,-0.10671,5.00000,0.31460,-0.13653,0.00000,0.00000
1722031913.933831,450.000,210.000,67.000,446.000,200.000,67.000,444.000,194.000,67.000, 0.094, 0.102,-4.000,-10.000,-4.000,-10.000,-42.761,-106.903,-19.622,-58.865,227.018,471.292,67.0000,321.231,240.026,107.761,61.874,477.915,-2.146, 2.159,-0.041,-0.206, 5.043, 1.141,0.00000,0.00000,-0.20588,0.05112,-0.01976,0.00000,1.14075,-0.10272,5.00000,-0.04294,-0.14520,1.00000,0.00000
1722031914.03009,446.000,200.000,67.000,444.000,194.000,67.000,442.000,190.000,66.000, 0.102, 0.096,-2.000,-6.000,-2.000,-6.000,-19.622,-58.865,-20.754,-41.508,-11.747,180.117,66.0000,321.390,240.030,108.111,61.565,477.788,-2.141, 2.161,-0.040,-0.397, 5.089, 1.047,0.00000,0.00000,-0.39733,0.05360,-0.01945,0.00000,1.04657,-0.10255,5.00000,-0.08919,-0.14286,1.00000,0.00000
1722031914.1372979,444.000,194.000,67.000,442.000,190.000,66.000,444.000,196.000,66.000, 0.096, 0.107,-2.000,-4.000,-2.000,-4.000,-20.754,-41.508,18.656,55.969,367.626,909.282,66.0000,320.380,240.524,107.378,61.797,479.661,-2.133, 2.148,-0.027,-0.227, 5.367, 0.117,0.00000,0.00000,-0.22727,0.05093,-0.00913,0.00000,0.11682,-0.09869,5.00000,-0.36705,-0.13486,0.00000,0.00000
1722031914.230307,442.000,190.000,66.000,444.000,196.000,66.000,448.000,204.000,67.000, 0.107, 0.093, 2.000, 6.000, 2.000, 6.000,18.656,55.969,43.056,86.112,262.638,324.458,67.0000,319.736,240.567,107.080,61.917,479.591,-2.138, 2.150,-0.013,-0.150, 4.822,-0.100,0.00000,0.00000,-0.15008,0.05051,-0.00783,0.00000,-0.10041,-0.10574,5.00000,0.17818,-0.13786,0.00000,0.00000
1722031914.327782,444.000,196.000,66.000,448.000,204.000,67.000,452.000,222.000,68.000, 0.093, 0.098, 4.000, 8.000, 4.000, 8.000,43.056,86.112,41.020,184.591,-20.878,1009.904,68.0000,320.022,241.283,107.275,61.823,481.151,-2.125, 2.140, 0.020,-0.183, 4.544,-1.617,0.00000,0.00000,-0.18297,0.05126,0.01251,0.00000,-1.61657,-0.10903,5.00000,0.45621,-0.13786,0.00000,-1.00000
1722031914.4244668,448.000,204.000,67.000,452.000,222.000,68.000,454.000,240.000,67.000, 0.098, 0.097, 4.000,18.000, 4.000,18.000,41.020,184.591,20.670,186.031,-210.319,14.888,67.0000,319.984,240.251,107.099,61.686,481.266,-2.131, 2.145,-0.043,-0.187, 5.924, 0.366,0.00000,0.00000,-0.18738,0.05131,-0.01330,0.00000,0.36634,-0.09088,5.00000,-0.92421,-0.13786,0.00000,0.00000
1722031914.522254,452.000,222.000,68.000,454.000,240.000,67.000,452.000,258.000,66.000, 0.097, 0.098, 2.000,18.000, 2.000,18.000,20.670,186.031,-20.452,184.068,-420.515,-20.078,66.0000,320.759,239.772,107.746,61.570,478.131,-2.144, 2.160,-0.038,-0.314, 4.998, 1.060,0.00000,0.00000,-0.31365,0.05310,-0.02042,0.00000,1.06030,-0.10361,5.00000,0.00174,-0.13786,0.00000,0.00000
1722031914.629449,454.000,240.000,67.000,452.000,258.000,66.000,448.000,282.000,66.000, 0.098, 0.107,-2.000,18.000,-2.000,18.000,-20.452,184.068,-37.338,224.027,-157.620,372.994,66.0000,320.555,239.372,107.146,61.657,479.340,-2.138, 2.145,-0.015,-0.002, 4.978,-0.163,0.00000,0.00000,-0.00223,0.04867,-0.00499,0.00000,-0.16269,-0.10249,5.00000,0.02161,-0.13786,0.00000,0.00000
1722031914.720296,452.000,258.000,66.000,448.000,282.000,66.000,438.000,304.000,66.000, 0.107, 0.091,-4.000,24.000,-4.000,24.000,-37.338,224.027,-109.996,241.992,-799.218,197.611,66.0000,320.216,240.660,107.034,62.094,479.926,-2.136, 2.143,-0.007,-0.010, 4.886,-0.513,0.00000,0.00000,-0.00957,0.04971,-0.00178,0.00000,-0.51271,-0.10375,5.00000,0.11372,-0.13786,0.00000,0.00000
1722031914.817504,448.000,282.000,66.000,438.000,304.000,66.000,426.000,322.000,66.000, 0.091, 0.097,-10.000,22.000,-10.000,22.000,-109.996,241.992,-123.543,185.315,-139.469,-583.506,66.0000,320.034,240.762,107.233,61.728,480.933,-2.128, 2.142, 0.007,-0.166, 4.756,-1.103,0.00000,0.00000,-0.16566,0.05180,0.00670,0.00000,-1.10343,-0.10560,5.00000,0.24448,-0.13786,0.00000,0.00000
1722031914.9226408,438.000,304.000,66.000,426.000,322.000,66.000,412.000,336.000,64.000, 0.097, 0.105,-12.000,18.000,-12.000,18.000,-123.543,185.315,-133.065,133.065,-90.498,-496.618,64.0000,320.258,240.661,107.090,61.949,480.447,-2.131, 2.140, 0.005,-0.026, 4.764,-1.051,0.00000,0.00000,-0.02630,0.04953,0.00731,0.00000,-1.05136,-0.10578,5.00000,0.23607,-0.13786,0.00000,0.00000
1722031915.016763,426.000,322.000,66.000,412.000,336.000,64.000,406.000,342.000,64.000, 0.105, 0.094,-14.000,14.000,-14.000,14.000,-133.065,133.065,-63.747,63.747,736.466,-736.466,64.0000,320.293,240.628,106.933,62.231,479.779,-2.138, 2.142,-0.003, 0.086, 4.737,-0.606,0.00000,0.00000,0.08554,0.04845,0.00348,0.00000,-0.60602,-0.10663,5.00000,0.26280,-0.13786,0.00000,0.00000
1722031915.1153579,412.000,336.000,64.000,406.000,342.000,64.000,398.000,346.000,64.000, 0.094, 0.099,-6.000, 6.000,-6.000, 6.000,-63.747,63.747,-81.138,40.569,-176.387,-235.077,64.0000,320.689,239.903,107.022,62.098,479.660,-2.143, 2.145,-0.020, 0.124, 4.992, 0.080,0.00000,0.00000,0.12411,0.04822,-0.00390,0.00000,0.07953,-0.10367,5.00000,0.00820,-0.13786,0.00000,0.00000
1722031915.193542,406.000,342.000,64.000,398.000,346.000,64.000,398.000,348.000,65.000, 0.099, 0.078,-8.000, 4.000,-8.000, 4.000,-81.138,40.569, 0.000,25.606,1038.812,-191.574,65.0000,320.576,239.780,107.041,61.935,479.711,-2.140, 2.144,-0.012, 0.087, 4.874,-0.253,0.00000,0.00000,0.08678,0.04878,0.00146,0.00000,-0.25269,-0.10566,5.00000,0.12592,-0.13786,0.00000,0.00000
1722031915.2898428,398.000,346.000,64.000,398.000,348.000,65.000,398.000,346.000,65.000, 0.078, 0.096, 0.000, 2.000, 0.000, 2.000, 0.000,25.606, 0.000,-20.770, 0.000,-481.618,65.0000,320.462,239.881,107.102,61.913,479.633,-2.141, 2.146,-0.011, 0.034, 4.757,-0.164,0.00000,0.00000,0.03361,0.04934,0.00027,0.00000,-0.16394,-0.10732,5.00000,0.24325,-0.13786,0.00000,0.00000
1722031915.3799539,398.000,348.000,65.000,398.000,346.000,65.000,406.000,342.000,64.000, 0.096, 0.090, 0.000,-2.000, 0.000,-2.000, 0.000,-20.770,88.703,-44.351,983.525,-261.466,64.0000,320.785,239.756,107.148,61.963,479.478,-2.142, 2.146,-0.023, 0.064, 5.038, 0.161,0.00000,0.00000,0.06351,0.04876,-0.00366,0.00000,0.16083,-0.10383,5.00000,-0.03827,-0.13786,0.00000,0.00000
1722031915.488884,398.000,346.000,65.000,406.000,342.000,64.000,416.000,332.000,66.000, 0.090, 0.109, 8.000,-4.000, 8.000,-4.000,88.703,-44.351,91.808,-91.808,28.506,-435.687,66.0000,320.589,239.626,107.131,61.913,479.063,-2.144, 2.149,-0.018, 0.048, 4.756, 0.175,0.00000,0.00000,0.04787,0.04903,-0.00367,0.00000,0.17451,-0.10799,5.00000,0.24430,-0.13786,0.00000,0.00000
1722031915.585881,406.000,342.000,64.000,416.000,332.000,66.000,426.000,318.000,64.000, 0.109, 0.097,10.000,-10.000,10.000,-10.000,91.808,-91.808,103.086,-144.320,116.257,-541.323,64.0000,320.564,239.891,107.268,61.627,480.674,-2.133, 2.143,-0.000,-0.046, 4.790,-0.773,0.00000,0.00000,-0.04614,0.05023,0.00878,0.00000,-0.77263,-0.10760,5.00000,0.21031,-0.13786,0.00000,0.00000
1722031915.679935,416.000,332.000,66.000,426.000,318.000,64.000,438.000,302.000,64.000, 0.097, 0.094,10.000,-14.000,10.000,-14.000,103.086,-144.320,127.590,-170.120,260.546,-274.324,64.0000,320.603,239.895,107.231,61.846,479.495,-2.140, 2.147,-0.013,-0.021, 4.832,-0.117,0.00000,0.00000,-0.02103,0.04963,0.00005,0.00000,-0.11675,-0.10749,5.00000,0.16784,-0.13786,0.00000,0.00000
1722031915.774723,426.000,318.000,64.000,438.000,302.000,64.000,448.000,280.000,66.000, 0.094, 0.095,12.000,-16.000,12.000,-16.000,127.590,-170.120,105.514,-232.131,-232.933,-654.303,66.0000,320.606,239.803,107.276,61.806,479.190,-2.141, 2.149,-0.015,-0.045, 4.782, 0.004,0.00000,0.00000,-0.04469,0.05004,-0.00036,0.00000,0.00375,-0.10858,5.00000,0.21843,-0.13786,0.00000,0.00000
1722031915.873342,438.000,302.000,64.000,448.000,280.000,66.000,450.000,258.000,63.000, 0.095, 0.099,10.000,-22.000,10.000,-22.000,105.514,-232.131,20.277,-223.042,-864.164,92.144,63.0000,320.694,239.163,107.568,61.629,476.453,-2.152, 2.164,-0.038,-0.202, 4.649, 1.393,0.00000,0.00000,-0.20168,0.05211,-0.01893,0.00000,1.39269,-0.11072,5.00000,0.35085,-0.13786,0.00000,0.00000
1722031915.980315,448.000,280.000,66.000,450.000,258.000,63.000,452.000,240.000,65.000, 0.099, 0.107, 2.000,-22.000, 2.000,-22.000,20.277,-223.042,18.698,-168.284,-14.756,511.943,65.0000,320.325,239.255,107.223,61.266,481.460,-2.130, 2.144,-0.051,-0.200, 6.179, 0.551,0.00000,0.00000,-0.20045,0.05172,-0.00827,0.00000,0.55079,-0.09057,5.00000,-1.17904,-0.13786,0.00000,0.00000
1722031916.073431,450.000,258.000,63.000,452.000,240.000,65.000,450.000,224.000,64.000, 0.107, 0.093, 2.000,-18.000, 2.000,-18.000,18.698,-168.284,-21.477,-171.814,-431.413,-37.901,64.0000,320.774,239.477,107.419,61.331,480.757,-2.127, 2.144,-0.070,-0.295, 6.772, 0.981,0.00000,0.00000,-0.29463,0.05310,-0.01645,0.00000,0.98149,-0.08251,5.00000,-1.77190,-0.13786,0.00000,0.00000
1722031916.1729448,452.000,240.000,65.000,450.000,224.000,64.000,446.000,212.000,64.000, 0.093, 0.099,-2.000,-16.000,-2.000,-16.000,-21.477,-171.814,-40.237,-120.711,-188.716,514.053,64.0000,320.354,240.208,107.638,61.628,478.222,-2.139, 2.159,-0.042,-0.385, 5.250, 0.990,0.00000,0.00000,-0.38452,0.05418,-0.01787,0.00000,0.98973,-0.10041,5.00000,-0.25011,-0.13786,0.00000,0.00000
1722031916.2785048,450.000,224.000,64.000,446.000,212.000,64.000,446.000,204.000,66.000, 0.099, 0.106,-4.000,-12.000,-4.000,-12.000,-40.237,-120.711, 0.000,-75.729,380.889,425.808,66.0000,319.410,239.842,106.634,62.018,478.878,-2.145, 2.148, 0.000, 0.086, 4.269,-0.289,0.00000,0.00000,0.08564,0.04775,-0.00257,0.00000,-0.28916,-0.11086,5.00000,0.73056,-0.13786,0.00000,0.00000
1722031916.372221,446.000,212.000,64.000,446.000,204.000,66.000,446.000,204.000,66.000, 0.106, 0.094, 0.000,-8.000, 0.000,-8.000, 0.000,-75.729, 0.000, 0.000, 0.000,808.929,66.0000,319.525,240.727,106.748,62.141,480.002,-2.137, 2.144,-0.003, 0.007, 4.731,-0.560,0.00000,0.00000,0.00700,0.05018,-0.00026,0.00000,-0.56012,-0.10461,5.00000,0.26886,-0.13786,0.00000,0.00000
1722031916.4805279,446.000,204.000,66.000,446.000,204.000,66.000,448.000,208.000,66.000, 0.094, 0.108, 0.000, 0.000, 0.000, 0.000, 0.000, 0.000,18.445,36.890,170.110,340.220,66.0000,319.915,241.082,107.755,61.564,479.103,-2.131, 2.158,-0.024,-0.555, 5.047, 0.277,0.00000,0.00000,-0.55533,0.05753,-0.01084,0.00000,0.27658,-0.10157,5.00000,-0.04748,-0.13786,0.00000,-1.00000
1722031916.575626,446.000,204.000,66.000,448.000,208.000,66.000,452.000,216.000,66.000, 0.108, 0.095, 2.000, 4.000, 2.000, 4.000,18.445,36.890,42.108,84.215,249.093,498.186,66.0000,320.312,240.550,107.520,61.482,481.655,-2.126, 2.147,-0.049,-0.389, 6.170, 0.481,0.00000,0.00000,-0.38928,0.05388,-0.01290,0.00000,0.48150,-0.08680,5.00000,-1.16969,-0.13786,0.00000,0.00000
1722031916.670708,448.000,208.000,66.000,452.000,216.000,66.000,452.000,230.000,66.000, 0.095, 0.095, 4.000, 8.000, 4.000, 8.000,42.108,84.215, 0.000,147.265,-442.925,663.210,66.0000,320.599,239.955,107.589,61.534,479.719,-2.135, 2.154,-0.060,-0.348, 5.993, 1.220,0.00000,0.00000,-0.34816,0.05402,-0.02353,0.00000,1.22034,-0.08854,5.00000,-0.99253,-0.13786,0.00000,0.00000
1722031916.765623,452.000,216.000,66.000,452.000,230.000,66.000,452.000,244.000,66.000, 0.095, 0.095, 0.000,14.000, 0.000,14.000, 0.000,147.265, 0.000,147.345, 0.000, 0.848,66.0000,319.909,239.848,107.272,61.687,478.519,-2.144, 2.158,-0.044,-0.254, 5.206, 1.132,0.00000,0.00000,-0.25394,0.05304,-0.02366,0.00000,1.13152,-0.09691,5.00000,-0.20640,-0.13786,0.00000,0.00000
1722031916.8630788,452.000,230.000,66.000,452.000,244.000,66.000,452.000,262.000,67.000, 0.095, 0.097, 0.000,14.000, 0.000,14.000, 0.000,147.345, 0.000,184.665, 0.000,382.870,67.0000,318.909,239.800,106.411,62.076,478.598,-2.149, 2.150, 0.001, 0.109, 4.113,-0.157,0.00000,0.00000,0.10893,0.04855,-0.00866,0.00000,-0.15731,-0.11007,5.00000,0.88693,-0.12919,-1.00000,0.00000
1722031916.9694378,452.000,244.000,66.000,452.000,262.000,67.000,446.000,284.000,66.000, 0.097, 0.106, 0.000,18.000, 0.000,18.000, 0.000,184.665,-56.459,207.016,-531.268,210.320,66.0000,319.085,240.864,106.648,62.042,480.293,-2.134, 2.142, 0.012,-0.028, 4.469,-1.116,0.00000,0.00000,-0.02811,0.05144,0.00266,0.00000,-1.11571,-0.10539,5.00000,0.53058,-0.14020,0.00000,0.00000
1722031917.061725,452.000,262.000,67.000,446.000,284.000,66.000,438.000,306.000,66.000, 0.106, 0.092,-6.000,22.000,-6.000,22.000,-56.459,207.016,-86.657,238.306,-327.105,338.936,66.0000,319.674,241.565,107.096,62.039,481.067,-2.128, 2.142, 0.018,-0.149, 4.475,-1.426,0.00000,0.00000,-0.14949,0.05268,0.00764,0.00000,-1.42631,-0.10692,5.00000,0.52534,-0.13720,0.00000,-1.00000
1722031917.170439,446.000,284.000,66.000,438.000,306.000,66.000,426.000,326.000,66.000, 0.092, 0.109,-8.000,22.000,-8.000,22.000,-86.657,238.306,-110.387,183.978,-218.288,-499.760,66.0000,321.418,240.978,107.682,62.347,478.798,-2.146, 2.153, 0.003,-0.020, 4.054,-0.189,0.00000,0.00000,-0.02012,0.05064,-0.00667,0.00000,-0.18901,-0.11365,5.00000,0.94573,-0.14587,1.00000,0.00000
1722031917.266001,438.000,306.000,66.000,426.000,326.000,66.000,412.000,336.000,64.000, 0.109, 0.096,-12.000,20.000,-12.000,20.000,-110.387,183.978,-146.595,104.711,-379.146,-830.009,64.0000,321.406,240.020,107.497,61.940,479.828,-2.140, 2.145, 0.001, 0.054, 4.506,-0.540,0.00000,0.00000,0.05370,0.05005,0.00030,0.00000,-0.53992,-0.10881,5.00000,0.49385,-0.14353,1.00000,0.00000
1722031917.365298,426.000,326.000,66.000,412.000,336.000,64.000,404.000,344.000,66.000, 0.096, 0.099,-14.000,10.000,-14.000,10.000,-146.595,104.711,-80.576,80.576,664.947,-243.088,66.0000,321.658,239.154,107.529,61.659,479.177,-2.139, 2.145,-0.029, 0.014, 5.317, 0.229,0.00000,0.00000,0.01439,0.05077,-0.00953,0.00000,0.22926,-0.03203,0.00000,-5.31731,-0.14419,1.00000,0.00000
1722031917.472064,412.000,336.000,64.000,404.000,344.000,66.000,398.000,348.000,65.000, 0.099, 0.107,-8.000, 8.000,-8.000, 8.000,-80.576,80.576,-56.131,37.421,228.688,-403.725,65.0000,321.420,239.387,107.481,61.579,480.088,-2.135, 2.142,-0.010, 0.010, 5.046,-0.511,0.00000,0.00000,0.01047,0.05070,0.00116,0.00000,-0.51096,-0.03379,0.00000,-5.04583,-0.14486,1.00000,0.00000
1722031917.564411,404.000,344.000,66.000,398.000,348.000,65.000,400.000,346.000,65.000, 0.107, 0.092,-6.000, 4.000,-6.000, 4.000,-56.131,37.421,21.682,-21.682,843.566,-640.728,65.0000,320.695,239.243,107.045,61.780,478.988,-2.140, 2.144,-0.023, 0.076, 5.156, 0.049,0.00000,0.00000,0.07564,0.04980,-0.00650,0.00000,0.04920,-0.02181,0.00000,-5.15615,-0.13686,0.00000,0.00000
1722031917.6607518,398.000,348.000,65.000,400.000,346.000,65.000,400.000,340.000,64.000, 0.092, 0.096, 2.000,-2.000, 2.000,-2.000,21.682,-21.682, 0.000,-62.224,-224.856,-420.446,64.0000,316.496,239.918,105.049,62.319,479.484,-2.147, 2.138, 0.054, 0.393, 3.021,-1.934,0.00000,0.00000,0.39271,0.04568,0.02102,0.00000,-1.93424,-0.04050,0.00000,-3.02109,-0.11385,-3.00000,0.00000
1722031917.770368,400.000,346.000,65.000,400.000,340.000,64.000,408.000,336.000,65.000, 0.096, 0.110, 0.000,-6.000, 0.000,-6.000, 0.000,-62.224,72.967,-36.484,665.531,234.774,65.0000,315.858,239.925,105.776,61.662,477.255,-2.151, 2.161, 0.072,-0.176, 1.833,-1.647,0.00000,0.00000,-0.17629,0.05412,0.01803,0.00000,-1.64699,-0.04730,0.00000,-1.83275,-0.11219,-4.00000,0.00000
1722031917.866997,400.000,340.000,64.000,408.000,336.000,65.000,414.000,330.000,65.000, 0.110, 0.097, 8.000,-4.000, 8.000,-4.000,72.967,-36.484,62.111,-62.111,-112.383,-265.292,65.0000,315.579,239.812,105.817,61.755,474.900,-2.165, 2.175, 0.088,-0.243, 0.590,-1.232,0.00000,0.00000,-0.24309,0.05340,0.01615,0.00000,-1.23181,-0.05863,0.00000,-0.58973,-0.11253,-4.00000,0.00000
1722031917.960355,408.000,336.000,65.000,414.000,330.000,65.000,422.000,326.000,67.000, 0.097, 0.093, 6.000,-6.000, 6.000,-6.000,62.111,-62.111,85.750,-42.875,253.383,206.187,67.0000,318.311,239.744,106.813,61.969,473.309,-2.170, 2.178, 0.068,-0.173, 0.911,-0.463,0.00000,0.00000,-0.17307,0.05237,0.00886,0.00000,-0.46322,-0.05125,0.00000,-0.91144,-0.13588,-1.00000,0.00000
1722031918.05342,414.000,330.000,65.000,422.000,326.000,67.000,428.000,316.000,66.000, 0.093, 0.093, 8.000,-4.000, 8.000,-4.000,85.750,-42.875,64.408,-107.346,-229.106,-692.067,66.0000,319.759,239.078,106.877,62.281,473.207,-2.181, 2.177, 0.017, 0.152, 1.991, 1.097,0.00000,0.00000,0.15209,0.04828,-0.01013,0.00000,1.09749,-0.03533,0.00000,-1.99121,-0.13487,0.00000,0.00000
1722031918.160012,422.000,326.000,67.000,428.000,316.000,66.000,432.000,306.000,64.000, 0.093, 0.107, 6.000,-10.000, 6.000,-10.000,64.408,-107.346,37.528,-93.820,-252.184,126.900,64.0000,319.488,238.976,106.522,62.464,473.344,-2.183, 2.173, 0.028, 0.309, 1.768, 0.756,0.00000,0.00000,0.30930,0.04706,-0.00538,0.00000,0.75638,-0.03598,0.00000,-1.76840,-0.13187,0.00000,1.00000
1722031918.289309,428.000,316.000,66.000,432.000,306.000,64.000,436.000,296.000,63.000, 0.107, 0.129, 4.000,-10.000, 4.000,-10.000,37.528,-93.820,30.963,-77.407,-50.820,127.049,63.0000,317.938,239.462,106.137,62.135,476.047,-2.164, 2.162, 0.044, 0.132, 2.178,-0.492,0.00000,0.00000,0.13220,0.04977,0.00946,0.00000,-0.49230,-0.02659,0.00000,-2.17760,-0.11453,-2.00000,0.00000
1722031918.3943639,432.000,306.000,64.000,436.000,296.000,63.000,440.000,288.000,67.000, 0.129, 0.105, 4.000,-10.000, 4.000,-10.000,30.963,-77.407,38.040,-76.080,67.303,12.621,67.0000,316.424,240.154,105.753,62.127,476.160,-2.158, 2.162, 0.060,-0.023, 1.914,-1.078,0.00000,0.00000,-0.02259,0.05126,0.01646,0.00000,-1.07753,-0.02641,0.00000,-1.91403,-0.11053,-3.00000,0.00000
1722031918.4936562,436.000,296.000,63.000,440.000,288.000,67.000,444.000,280.000,66.000, 0.105, 0.099, 4.000,-8.000, 4.000,-8.000,38.040,-76.080,40.280,-80.559,22.555,-45.109,66.0000,316.094,240.907,105.957,62.146,476.407,-2.158, 2.168, 0.081,-0.200, 1.179,-1.428,0.00000,0.00000,-0.20012,0.05320,0.02247,0.00000,-1.42769,-0.03212,0.00000,-1.17870,-0.11154,-3.00000,0.00000
1722031918.58615,440.000,288.000,67.000,444.000,280.000,66.000,444.000,278.000,66.000, 0.099, 0.092, 4.000,-8.000, 4.000,-8.000,40.280,-80.559, 0.000,-21.652,-436.077,637.738,66.0000,316.763,240.174,106.129,62.093,474.858,-2.167, 2.173, 0.077,-0.132, 0.866,-0.943,0.00000,0.00000,-0.13246,0.05186,0.01825,0.00000,-0.94321,-0.03288,0.00000,-0.86636,-0.10954,-3.00000,0.00000
1722031918.681781,444.000,280.000,66.000,444.000,278.000,66.000,446.000,280.000,66.000, 0.092, 0.096, 0.000,-2.000, 0.000,-2.000, 0.000,-21.652,20.893,20.893,218.267,444.463,66.0000,317.443,239.416,106.305,61.980,473.918,-2.174, 2.177, 0.087,-0.057, 0.288,-0.881,0.00000,0.00000,-0.05653,0.05110,0.02002,0.00000,-0.88061,-0.03849,0.00000,-0.28769,-0.11621,-2.00000,0.00000
1722031918.790037,444.000,278.000,66.000,446.000,280.000,66.000,444.000,284.000,66.000, 0.096, 0.108, 2.000, 2.000, 2.000, 2.000,20.893,20.893,-18.480,36.960,-363.805,148.451,66.0000,318.951,239.405,107.043,61.987,472.011,-2.179, 2.186, 0.055,-0.144, 0.782, 0.344,0.00000,0.00000,-0.14377,0.05254,0.00534,0.00000,0.34442,-0.03038,0.00000,-0.78156,-0.12055,-1.00000,0.00000
1722031918.88338,446.000,280.000,66.000,444.000,284.000,66.000,440.000,290.000,66.000, 0.108, 0.093,-2.000, 4.000,-2.000, 4.000,-18.480,36.960,-42.884,64.327,-261.645,293.405,66.0000,318.722,238.986,106.605,62.126,472.779,-2.183, 2.181, 0.055, 0.083, 0.824, 0.304,0.00000,0.00000,0.08311,0.04928,0.00704,0.00000,0.30355,-0.02898,0.00000,-0.82412,-0.11688,-1.00000,1.00000
1722031918.9766212,444.000,284.000,66.000,440.000,290.000,66.000,438.000,294.000,64.000, 0.093, 0.093,-4.000, 6.000,-4.000, 6.000,-42.884,64.327,-21.420,42.839,229.884,-230.128,64.0000,318.884,239.018,106.628,62.218,472.299,-2.186, 2.182, 0.066, 0.115, 0.385, 0.136,0.00000,0.00000,0.11483,0.04949,0.00863,0.00000,0.13604,-0.03333,0.00000,-0.38505,-0.11621,-1.00000,0.00000
1722031919.0884411,440.000,290.000,66.000,438.000,294.000,64.000,436.000,300.000,66.000, 0.093, 0.112,-2.000, 4.000,-2.000, 4.000,-21.420,42.839,-17.886,53.657,31.602,96.744,66.0000,317.957,238.879,106.312,61.936,474.052,-2.174, 2.173, 0.071, 0.063, 0.834,-0.565,0.00000,0.00000,0.06320,0.05023,0.01757,0.00000,-0.56473,-0.02584,0.00000,-0.83402,-0.10688,-2.00000,1.00000
1722031919.1801789,438.000,294.000,64.000,436.000,300.000,66.000,432.000,306.000,66.000, 0.112, 0.092,-2.000, 6.000,-2.000, 6.000,-17.886,53.657,-43.665,65.497,-281.409,129.248,66.0000,317.496,240.118,106.164,62.341,474.969,-2.170, 2.171, 0.065, 0.035, 1.174,-0.617,0.00000,0.00000,0.03543,0.05042,0.01835,0.00000,-0.61686,-0.02026,0.00000,-1.17412,-0.10855,-2.00000,0.00000
1722031919.274511,436.000,300.000,66.000,432.000,306.000,66.000,430.000,310.000,65.000, 0.092, 0.094,-4.000, 6.000,-4.000, 6.000,-43.665,65.497,-21.173,42.347,238.109,-245.085,65.0000,317.315,239.794,106.168,62.136,474.399,-2.168, 2.171, 0.065,-0.029, 1.223,-0.627,0.00000,0.00000,-0.02867,0.05118,0.01964,0.00000,-0.62699,-0.01776,0.00000,-1.22314,-0.10722,-2.00000,0.00000
1722031919.383871,432.000,306.000,66.000,430.000,310.000,65.000,428.000,314.000,66.000, 0.094, 0.109,-2.000, 4.000,-2.000, 4.000,-21.173,42.347,-18.304,36.607,26.264,-52.527,66.0000,317.512,239.914,106.284,62.061,475.597,-2.164, 2.168, 0.074,-0.040, 1.193,-1.107,0.00000,0.00000,-0.03980,0.05115,0.02736,0.00000,-1.10749,-0.01579,0.00000,-1.19307,-0.10588,-2.00000,0.00000
1722031919.47722,430.000,310.000,65.000,428.000,314.000,66.000,424.000,318.000,67.000, 0.109, 0.093,-2.000, 4.000,-2.000, 4.000,-18.304,36.607,-42.874,42.874,-263.357,67.169,67.0000,317.349,239.261,106.188,62.059,473.197,-2.180, 2.180, 0.085,-0.006, 0.087,-0.577,0.00000,0.00000,-0.00618,0.05069,0.02170,0.00000,-0.57738,-0.02830,0.00000,-0.08677,-0.10455,-2.00000,0.00000
1722031919.5732071,428.000,314.000,66.000,424.000,318.000,67.000,420.000,320.000,65.000, 0.093, 0.096,-4.000, 4.000,-4.000, 4.000,-42.874,42.874,-41.671,20.836,12.527,-229.591,65.0000,317.621,238.702,106.163,62.038,472.015,-2.186, 2.183, 0.069, 0.073, 0.270, 0.115,0.00000,0.00000,0.07303,0.04972,0.01430,0.00000,0.11538,-0.02400,0.00000,-0.26955,-0.10322,-2.00000,1.00000
1722031919.6701288,424.000,318.000,67.000,420.000,320.000,65.000,420.000,324.000,66.000, 0.096, 0.097,-4.000, 2.000,-4.000, 2.000,-41.671,20.836, 0.000,41.212,429.346,209.944,66.0000,318.538,238.479,106.549,61.960,471.454,-2.186, 2.184, 0.072, 0.061, 0.170, 0.032,0.00000,0.00000,0.06129,0.05008,0.01623,0.00000,0.03240,-0.02508,0.00000,-0.16977,-0.11056,-1.00000,1.00000
1722031919.7831008,420.000,320.000,65.000,420.000,324.000,66.000,420.000,326.000,66.000, 0.097, 0.113, 0.000, 4.000, 0.000, 4.000, 0.000,41.212, 0.000,17.703, 0.000,-208.094,66.0000,319.307,238.884,107.089,61.871,472.427,-2.182, 2.185, 0.061,-0.063, 0.549, 0.249,0.00000,0.00000,-0.06291,0.05169,0.01312,0.00000,0.24877,-0.01947,0.00000,-0.54884,-0.11556,0.00000,1.00000
1722031919.876694,420.000,324.000,66.000,420.000,326.000,66.000,418.000,324.000,64.000, 0.113, 0.094, 0.000, 2.000, 0.000, 2.000, 0.000,17.703,-21.384,-21.384,-228.643,-417.925,64.0000,318.825,239.638,106.664,62.333,473.020,-2.178, 2.176, 0.078, 0.066, 0.460,-0.546,0.00000,0.00000,0.06584,0.04961,0.02368,0.00000,-0.54618,-0.02014,0.00000,-0.46011,-0.10388,-1.00000,0.00000
1722031919.9699671,420.000,326.000,66.000,418.000,324.000,64.000,420.000,328.000,67.000, 0.094, 0.093,-2.000,-2.000,-2.000,-2.000,-21.384,-21.384,21.428,42.855,458.681,688.255,67.0000,319.076,239.409,106.825,62.252,472.260,-2.182, 2.182, 0.061, 0.032, 0.620, 0.172,0.00000,0.00000,0.03236,0.05042,0.01387,0.00000,0.17226,-0.01693,0.00000,-0.62025,-0.11489,0.00000,0.00000
1722031920.079914,418.000,324.000,64.000,420.000,328.000,67.000,418.000,324.000,66.000, 0.093, 0.110, 2.000, 4.000, 2.000, 4.000,21.428,42.855,-18.192,-36.383,-360.369,-720.737,66.0000,317.341,239.831,105.989,62.489,473.108,-2.181, 2.178, 0.074, 0.110, 0.418,-0.330,0.00000,0.00000,0.11043,0.04925,0.02139,0.00000,-0.33025,-0.01866,0.00000,-0.41805,-0.09455,-2.00000,0.00000
1722031920.179768,420.000,328.000,67.000,418.000,324.000,66.000,418.000,324.000,65.000, 0.110, 0.100,-2.000,-4.000,-2.000,-4.000,-18.192,-36.383, 0.000, 0.000,182.209,364.418,65.0000,318.269,239.308,106.298,62.481,471.114,-2.191, 2.185, 0.079, 0.154,-0.223, 0.072,0.00000,0.00000,0.15413,0.04884,0.01587,0.00000,0.07181,-0.02618,0.00000,0.22318,-0.10789,-1.00000,0.00000
1722031920.273092,418.000,324.000,66.000,418.000,324.000,65.000,418.000,324.000,66.000, 0.100, 0.093, 0.000, 0.000, 0.000, 0.000, 0.000, 0.000, 0.000, 0.000, 0.000, 0.000,66.0000,316.976,239.882,105.693,62.610,473.415,-2.179, 2.173, 0.071, 0.191, 0.703,-0.424,0.00000,0.00000,0.19066,0.04840,0.02303,0.00000,-0.42441,-0.01315,0.00000,-0.70328,-0.08689,-3.00000,0.00000
1722031920.3687081,418.000,324.000,65.000,418.000,324.000,66.000,420.000,322.000,66.000, 0.093, 0.096, 0.000, 0.000, 0.000, 0.000, 0.000, 0.000,20.936,-20.936,219.150,-219.150,66.0000,318.570,240.255,107.012,62.159,472.892,-2.175, 2.184, 0.068,-0.216, 0.615,-0.179,0.00000,0.00000,-0.21561,0.05390,0.01982,0.00000,-0.17885,-0.01433,0.00000,-0.61531,-0.10823,-1.00000,0.00000
1722031920.46633,418.000,324.000,66.000,420.000,322.000,66.000,420.000,324.000,66.000, 0.096, 0.098, 2.000,-2.000, 2.000,-2.000,20.936,-20.936, 0.000,20.497,-214.555,424.612,66.0000,318.320,240.402,106.850,62.288,472.807,-2.176, 2.183, 0.091,-0.176,-0.025,-0.748,0.00000,0.00000,-0.17553,0.05224,0.02823,0.00000,-0.74845,-0.02161,0.00000,0.02480,-0.10156,-1.00000,0.00000
1722031920.571167,420.000,322.000,66.000,420.000,324.000,66.000,422.000,324.000,65.000, 0.098, 0.105, 0.000, 2.000, 0.000, 2.000, 0.000,20.497,19.054, 0.000,181.523,-195.269,65.0000,319.147,240.116,106.717,62.820,470.333,-2.196, 2.191, 0.074, 0.125,-0.401, 0.515,0.00000,0.00000,0.12494,0.04839,0.01181,0.00000,0.51522,-0.02577,0.00000,0.40071,-0.10956,0.00000,0.00000
1722031920.667861,420.000,324.000,66.000,422.000,324.000,65.000,420.000,322.000,65.000, 0.105, 0.097, 2.000, 0.000, 2.000, 0.000,19.054, 0.000,-20.693,-20.693,-411.246,-214.104,65.0000,318.614,239.833,106.423,62.712,471.171,-2.191, 2.184, 0.080, 0.164,-0.187,-0.011,0.00000,0.00000,0.16352,0.04871,0.01978,0.00000,-0.01065,-0.02312,0.00000,0.18675,-0.09789,-1.00000,0.00000
1722031920.765171,422.000,324.000,65.000,420.000,322.000,65.000,422.000,322.000,66.000, 0.097, 0.097,-2.000,-2.000,-2.000,-2.000,-20.693,-20.693,20.546, 0.000,423.648,212.580,66.0000,318.568,239.731,106.534,62.581,470.509,-2.193, 2.190, 0.054, 0.082, 0.286, 0.871,0.00000,0.00000,0.08172,0.04985,0.00711,0.00000,0.87136,-0.01743,0.00000,-0.28598,-0.10023,-1.00000,0.00000
1722031920.872256,420.000,322.000,65.000,422.000,322.000,66.000,422.000,322.000,66.000, 0.097, 0.107, 2.000, 0.000, 2.000, 0.000,20.546, 0.000, 0.000, 0.000,-191.853, 0.000,66.0000,318.959,239.953,106.704,62.548,472.734,-2.185, 2.182, 0.059, 0.092, 0.603, 0.282,0.00000,0.00000,0.09166,0.04943,0.01464,0.00000,0.28244,-0.01330,0.00000,-0.60258,-0.09956,-1.00000,0.00000
1722031920.969488,422.000,322.000,66.000,422.000,322.000,66.000,422.000,322.000,66.000, 0.107, 0.097, 0.000, 0.000, 0.000, 0.000, 0.000, 0.000, 0.000, 0.000, 0.000, 0.000,66.0000,318.510,240.057,106.543,62.606,471.766,-2.186, 2.184, 0.057, 0.061, 0.568, 0.435,0.00000,0.00000,0.06141,0.04982,0.01113,0.00000,0.43506,-0.01303,0.00000,-0.56831,-0.09890,-1.00000,0.00000
1722031921.0651689,422.000,322.000,66.000,422.000,322.000,66.000,422.000,324.000,66.000, 0.097, 0.096, 0.000, 0.000, 0.000, 0.000, 0.000, 0.000, 0.000,20.924, 0.000,218.907,66.0000,318.383,240.526,106.247,63.004,472.599,-2.187, 2.178, 0.080, 0.225, 0.074,-0.283,0.00000,0.00000,0.22496,0.04749,0.02018,0.00000,-0.28261,-0.01851,0.00000,-0.07413,-0.09823,-1.00000,0.00000
1722031921.1605408,422.000,322.000,66.000,422.000,324.000,66.000,422.000,324.000,67.000, 0.096, 0.095, 0.000, 2.000, 0.000, 2.000, 0.000,20.924, 0.000, 0.000, 0.000,-219.460,67.0000,318.414,240.631,106.456,62.881,472.115,-2.186, 2.183, 0.069, 0.099, 0.271, 0.110,0.00000,0.00000,0.09878,0.04958,0.01437,0.00000,0.10964,-0.01497,0.00000,-0.27055,-0.09756,-1.00000,0.00000
1722031921.269228,422.000,324.000,66.000,422.000,324.000,67.000,422.000,324.000,66.000, 0.095, 0.109, 0.000, 0.000, 0.000, 0.000, 0.000, 0.000, 0.000, 0.000, 0.000, 0.000,66.0000,318.465,240.481,106.438,62.780,473.056,-2.181, 2.177, 0.069, 0.120, 0.582,-0.212,0.00000,0.00000,0.11964,0.04887,0.01909,0.00000,-0.21238,-0.01052,0.00000,-0.58189,-0.09690,-1.00000,0.00000
1722031921.366327,422.000,324.000,67.000,422.000,324.000,66.000,420.000,324.000,65.000, 0.109, 0.097, 0.000, 0.000, 0.000, 0.000, 0.000, 0.000,-20.597, 0.000,-212.115, 0.000,65.0000,318.323,240.748,106.432,62.951,471.350,-2.188, 2.184, 0.095, 0.079,-0.500,-0.462,0.00000,0.00000,0.07937,0.04941,0.02240,0.00000,-0.46210,-0.02444,0.00000,0.50011,-0.09623,-1.00000,0.00000
1722031921.4615748,422.000,324.000,66.000,420.000,324.000,65.000,420.000,324.000,65.000, 0.097, 0.095,-2.000, 0.000,-2.000, 0.000,-20.597, 0.000, 0.000, 0.000,216.397, 0.000,65.0000,318.498,240.654,106.459,63.017,470.552,-2.194, 2.190, 0.075, 0.115,-0.309, 0.384,0.00000,0.00000,0.11460,0.04878,0.01153,0.00000,0.38369,-0.02123,0.00000,0.30912,-0.09557,-1.00000,0.00000
1722031921.58772,420.000,324.000,65.000,420.000,324.000,65.000,422.000,324.000,66.000, 0.095, 0.126, 0.000, 0.000, 0.000, 0.000, 0.000, 0.000,15.859, 0.000,125.747, 0.000,66.0000,319.075,240.773,106.689,63.018,471.546,-2.189, 2.184, 0.075, 0.124,-0.030, 0.088,0.00000,0.00000,0.12410,0.04870,0.01602,0.00000,0.08817,-0.01836,0.00000,0.02958,-0.10357,0.00000,0.00000
1722031921.6983922,420.000,324.000,65.000,422.000,324.000,66.000,422.000,324.000,65.000, 0.126, 0.111, 2.000, 0.000, 2.000, 0.000,15.859, 0.000, 0.000, 0.000,-143.165, 0.000,65.0000,320.065,240.906,106.600,63.565,471.546,-2.194, 2.177, 0.080, 0.433,-0.103,-0.097,0.00000,0.00000,0.43306,0.04449,0.01790,0.00000,-0.09705,-0.01984,0.00000,0.10323,-0.10057,0.00000,0.00000
1722031921.7936552,422.000,324.000,66.000,422.000,324.000,65.000,422.000,324.000,65.000, 0.111, 0.095, 0.000, 0.000, 0.000, 0.000, 0.000, 0.000, 0.000, 0.000, 0.000, 0.000,65.0000,319.983,241.040,106.787,63.288,473.317,-2.184, 2.173, 0.068, 0.302, 0.610,-0.213,0.00000,0.00000,0.30218,0.04697,0.01939,0.00000,-0.21337,-0.01030,0.00000,-0.61025,-0.10057,0.00000,-1.00000
1722031921.886893,422.000,324.000,65.000,422.000,324.000,65.000,422.000,322.000,65.000, 0.095, 0.093, 0.000, 0.000, 0.000, 0.000, 0.000, 0.000, 0.000,-21.460, 0.000,-230.265,65.0000,319.036,240.687,106.648,62.959,472.411,-2.187, 2.181, 0.089, 0.145,-0.217,-0.446,0.00000,0.00000,0.14537,0.04854,0.02278,0.00000,-0.44625,-0.02132,0.00000,0.21711,-0.10057,0.00000,0.00000
1722031921.993398,422.000,324.000,65.000,422.000,322.000,65.000,424.000,324.000,67.000, 0.093, 0.107, 0.000,-2.000, 0.000,-2.000, 0.000,-21.460,18.753,18.753,175.840,377.060,67.0000,319.659,241.006,106.584,63.224,474.717,-2.178, 2.165, 0.096, 0.350, 0.250,-1.336,0.00000,0.00000,0.34997,0.04524,0.03534,0.00000,-1.33601,-0.01421,0.00000,-0.24999,-0.10057,0.00000,-1.00000
1722031922.091118,422.000,322.000,65.000,424.000,324.000,67.000,420.000,322.000,65.000, 0.107, 0.098, 2.000, 2.000, 2.000, 2.000,18.753,18.753,-40.934,-20.467,-610.811,-401.361,65.0000,319.322,239.181,106.801,62.308,471.994,-2.186, 2.182, 0.082, 0.117,-0.051,-0.247,0.00000,0.00000,0.11748,0.04882,0.02197,0.00000,-0.24735,-0.01847,0.00000,0.05118,-0.10057,0.00000,0.00000
1722031922.186877,424.000,324.000,67.000,420.000,322.000,65.000,420.000,324.000,67.000, 0.098, 0.096,-4.000,-2.000,-4.000,-2.000,-40.934,-20.467, 0.000,20.904,427.836,432.399,67.0000,319.425,240.093,106.711,62.924,470.613,-2.198, 2.189, 0.096, 0.200,-0.952,-0.052,0.00000,0.00000,0.20012,0.04694,0.02146,0.00000,-0.05187,-0.03029,0.00000,0.95214,-0.10057,0.00000,0.00000
1722031922.286032,420.000,322.000,65.000,420.000,324.000,67.000,420.000,324.000,66.000, 0.096, 0.099, 0.000, 2.000, 0.000, 2.000, 0.000,20.904, 0.000, 0.000, 0.000,-210.646,66.0000,319.807,238.140,106.868,62.105,470.363,-2.195, 2.188, 0.062, 0.196, 0.039, 0.689,0.00000,0.00000,0.19643,0.04714,0.01187,0.00000,0.68861,-0.01745,0.00000,-0.03924,-0.10057,0.00000,1.00000
1722031922.380919,420.000,324.000,67.000,420.000,324.000,66.000,420.000,324.000,66.000, 0.099, 0.095, 0.000, 0.000, 0.000, 0.000, 0.000, 0.000, 0.000, 0.000, 0.000, 0.000,66.0000,319.567,238.963,106.815,62.330,471.670,-2.189, 2.183, 0.073, 0.173, 0.086, 0.105,0.00000,0.00000,0.17347,0.04734,0.01948,0.00000,0.10535,-0.01823,0.00000,-0.08592,-0.10057,0.00000,1.00000
1722031922.487915,420.000,324.000,66.000,420.000,324.000,66.000,420.000,324.000,65.000, 0.095, 0.107, 0.000, 0.000, 0.000, 0.000, 0.000, 0.000, 0.000, 0.000, 0.000, 0.000,65.0000,319.906,239.084,107.110,62.298,470.490,-2.193, 2.191, 0.054, 0.074, 0.257, 0.935,0.00000,0.00000,0.07445,0.04852,0.00719,0.00000,0.93487,-0.01582,0.00000,-0.25700,-0.10057,0.00000,0.00000
1722031922.587002,420.000,324.000,66.000,420.000,324.000,65.000,420.000,324.000,65.000, 0.107, 0.099, 0.000, 0.000, 0.000, 0.000, 0.000, 0.000, 0.000, 0.000, 0.000, 0.000,65.0000,318.595,239.371,106.504,62.416,471.443,-2.189, 2.185, 0.060, 0.110, 0.393, 0.476,0.00000,0.00000,0.10963,0.04771,0.01276,0.00000,0.47609,-0.01373,0.00000,-0.39268,-0.09190,-1.00000,0.00000
1722031922.684578,420.000,324.000,65.000,420.000,324.000,65.000,420.000,322.000,65.000, 0.099, 0.098, 0.000, 0.000, 0.000, 0.000, 0.000, 0.000, 0.000,-20.511, 0.000,-210.345,65.0000,318.522,240.370,106.432,62.908,470.978,-2.192, 2.186, 0.083, 0.136,-0.381, 0.024,0.00000,0.00000,0.13613,0.04741,0.01722,0.00000,0.02401,-0.02360,0.00000,0.38137,-0.09423,-1.00000,0.00000
1722031922.780975,420.000,324.000,65.000,420.000,322.000,65.000,422.000,322.000,66.000, 0.098, 0.096, 0.000,-2.000, 0.000,-2.000, 0.000,-20.511,20.742, 0.000,215.106,212.712,66.0000,318.591,239.877,106.638,62.399,472.803,-2.180, 2.180, 0.066, 0.027, 0.593,-0.065,0.00000,0.00000,0.02667,0.04890,0.01769,0.00000,-0.06467,-0.01004,0.00000,-0.59338,-0.09357,-1.00000,0.00000
1722031922.887105,420.000,322.000,65.000,422.000,322.000,66.000,422.000,322.000,66.000, 0.096, 0.106, 2.000, 0.000, 2.000, 0.000,20.742, 0.000, 0.000, 0.000,-195.262, 0.000,66.0000,318.859,240.192,106.799,62.472,473.004,-2.179, 2.180, 0.080, 0.001, 0.239,-0.468,0.00000,0.00000,0.00141,0.04890,0.02314,0.00000,-0.46832,-0.01511,0.00000,-0.23896,-0.09290,-1.00000,0.00000
1722031922.984996,422.000,322.000,66.000,422.000,322.000,66.000,424.000,324.000,67.000, 0.106, 0.098, 0.000, 0.000, 0.000, 0.000, 0.000, 0.000,20.431,20.431,208.711,208.711,67.0000,318.785,240.368,106.789,62.546,472.959,-2.182, 2.182, 0.077,-0.005, 0.212,-0.254,0.00000,0.00000,-0.00474,0.04890,0.02058,0.00000,-0.25406,-0.01446,0.00000,-0.21218,-0.09224,-1.00000,0.00000
1722031923.0807612,422.000,322.000,66.000,424.000,324.000,67.000,422.000,326.000,68.000, 0.098, 0.096, 2.000, 2.000, 2.000, 2.000,20.431,20.431,-20.886,20.886,-431.459, 4.748,68.0000,319.087,240.307,106.896,62.549,472.837,-2.182, 2.182, 0.076, 0.007, 0.209,-0.194,0.00000,0.00000,0.00744,0.04872,0.02059,0.00000,-0.19364,-0.01404,0.00000,-0.20880,-0.10024,0.00000,0.00000
1722031923.179111,424.000,324.000,67.000,422.000,326.000,68.000,422.000,322.000,66.000, 0.096, 0.098,-2.000, 2.000,-2.000, 2.000,-20.886,20.886, 0.000,-40.671,212.362,-625.903,66.0000,319.136,240.178,106.896,62.613,471.250,-2.190, 2.189, 0.067, 0.014, 0.047, 0.436,0.00000,0.00000,0.01365,0.04867,0.01257,0.00000,0.43592,-0.01581,0.00000,-0.04658,-0.09724,0.00000,0.00000
1722031923.279299,422.000,326.000,68.000,422.000,322.000,66.000,422.000,322.000,65.000, 0.098, 0.100, 0.000,-4.000, 0.000,-4.000, 0.000,-40.671, 0.000, 0.000, 0.000,406.382,65.0000,318.965,240.174,106.794,62.531,473.084,-2.182, 2.181, 0.069, 0.041, 0.419,-0.051,0.00000,0.00000,0.04060,0.04832,0.01921,0.00000,-0.05067,-0.01044,0.00000,-0.41918,-0.08857,-1.00000,0.00000
1722031923.381525,422.000,322.000,66.000,422.000,322.000,65.000,422.000,322.000,66.000, 0.100, 0.102, 0.000, 0.000, 0.000, 0.000, 0.000, 0.000, 0.000, 0.000, 0.000, 0.000,66.0000,319.117,240.509,106.833,62.614,473.979,-2.177, 2.175, 0.079, 0.053, 0.479,-0.641,0.00000,0.00000,0.05304,0.04821,0.02655,0.00000,-0.64103,-0.00936,0.00000,-0.47891,-0.09957,0.00000,0.00000
1722031923.478944,422.000,322.000,65.000,422.000,322.000,66.000,422.000,322.000,66.000, 0.102, 0.097, 0.000, 0.000, 0.000, 0.000, 0.000, 0.000, 0.000, 0.000, 0.000, 0.000,66.0000,319.001,240.481,106.738,62.692,473.412,-2.180, 2.177, 0.078, 0.081, 0.354,-0.464,0.00000,0.00000,0.08077,0.04785,0.02456,0.00000,-0.46416,-0.01017,0.00000,-0.35416,-0.09657,0.00000,0.00000
1722031923.576063,422.000,322.000,66.000,422.000,322.000,66.000,422.000,322.000,65.000, 0.097, 0.097, 0.000, 0.000, 0.000, 0.000, 0.000, 0.000, 0.000, 0.000, 0.000, 0.000,65.0000,319.338,240.211,106.780,62.786,471.772,-2.188, 2.183, 0.076, 0.136, 0.014,-0.007,0.00000,0.00000,0.13576,0.04715,0.01958,0.00000,-0.00713,-0.01387,0.00000,-0.01376,-0.09657,0.00000,0.00000
1722031923.672197,422.000,322.000,66.000,422.000,322.000,65.000,420.000,322.000,65.000, 0.097, 0.096, 0.000, 0.000, 0.000, 0.000, 0.000, 0.000,-20.807, 0.000,-216.473, 0.000,65.0000,318.760,240.143,106.562,62.683,472.759,-2.185, 2.180, 0.084, 0.131,-0.038,-0.377,0.00000,0.00000,0.13084,0.04731,0.02528,0.00000,-0.37740,-0.01403,0.00000,0.03790,-0.08790,-1.00000,0.00000
1722031923.766274,422.000,322.000,65.000,420.000,322.000,65.000,422.000,324.000,66.000, 0.096, 0.094,-2.000, 0.000,-2.000, 0.000,-20.807, 0.000,21.247,21.247,446.776,225.725,66.0000,318.962,240.104,106.730,62.603,472.512,-2.186, 2.183, 0.074, 0.080, 0.135,-0.037,0.00000,0.00000,0.07950,0.04793,0.02088,0.00000,-0.03672,-0.01169,0.00000,-0.13527,-0.09024,-1.00000,0.00000
1722031923.877395,420.000,322.000,65.000,422.000,324.000,66.000,422.000,324.000,66.000, 0.094, 0.111, 2.000, 2.000, 2.000, 2.000,21.247,21.247, 0.000, 0.000,-191.352,-191.352,66.0000,319.414,239.992,106.997,62.555,470.995,-2.189, 2.189, 0.076, 0.017,-0.179, 0.186,0.00000,0.00000,0.01661,0.04858,0.01846,0.00000,0.18570,-0.01593,0.00000,0.17915,-0.09824,0.00000,0.00000
1722031923.971843,422.000,324.000,66.000,422.000,324.000,66.000,422.000,326.000,68.000, 0.111, 0.094, 0.000, 0.000, 0.000, 0.000, 0.000, 0.000, 0.000,21.175, 0.000,224.196,68.0000,319.705,240.341,107.229,62.607,470.940,-2.191, 2.192, 0.090,-0.048,-0.680,-0.036,0.00000,0.00000,-0.04794,0.04925,0.02141,0.00000,-0.03559,-0.02257,0.00000,0.68009,-0.09524,0.00000,0.00000
1722031924.074039,422.000,324.000,66.000,422.000,326.000,68.000,422.000,322.000,66.000, 0.094, 0.102, 0.000, 2.000, 0.000, 2.000, 0.000,21.175, 0.000,-39.161, 0.000,-590.701,66.0000,319.516,240.121,106.817,62.811,471.679,-2.192, 2.185, 0.090, 0.167,-0.535,-0.182,0.00000,0.00000,0.16721,0.04618,0.02313,0.00000,-0.18181,-0.02122,0.00000,0.53480,-0.09524,0.00000,0.00000
1722031924.1724632,422.000,326.000,68.000,422.000,322.000,66.000,420.000,324.000,66.000, 0.102, 0.099, 0.000,-4.000, 0.000,-4.000, 0.000,-39.161,-20.302,20.302,-206.087,603.609,66.0000,319.243,240.079,107.012,62.456,471.972,-2.185, 2.186, 0.081,-0.028,-0.141,-0.125,0.00000,0.00000,-0.02843,0.04938,0.02251,0.00000,-0.12545,-0.01719,0.00000,0.14058,-0.09524,0.00000,0.00000
1722031924.269574,422.000,322.000,66.000,420.000,324.000,66.000,422.000,324.000,66.000, 0.099, 0.097,-2.000, 2.000,-2.000, 2.000,-20.302,20.302,20.579, 0.000,420.656,-208.901,66.0000,319.539,239.902,107.033,62.486,471.968,-2.187, 2.186, 0.063, 0.036, 0.338, 0.378,0.00000,0.00000,0.03551,0.04795,0.01605,0.00000,0.37810,-0.01160,0.00000,-0.33756,-0.09524,0.00000,0.00000
1722031924.372716,420.000,324.000,66.000,422.000,324.000,66.000,422.000,324.000,66.000, 0.097, 0.103, 2.000, 0.000, 2.000, 0.000,20.579, 0.000, 0.000, 0.000,-199.714, 0.000,66.0000,319.432,240.045,107.013,62.522,472.051,-2.187, 2.186, 0.087, 0.023,-0.325,-0.240,0.00000,0.00000,0.02337,0.04829,0.02439,0.00000,-0.23960,-0.02060,0.00000,0.32532,-0.09524,0.00000,0.00000
1722031924.4750679,422.000,324.000,66.000,422.000,324.000,66.000,422.000,324.000,65.000, 0.103, 0.102, 0.000, 0.000, 0.000, 0.000, 0.000, 0.000, 0.000, 0.000, 0.000, 0.000,65.0000,319.566,239.966,107.012,62.563,471.408,-2.187, 2.186, 0.072, 0.046, 0.082, 0.129,0.00000,0.00000,0.04578,0.04794,0.01896,0.00000,0.12927,-0.01474,0.00000,-0.08247,-0.09524,0.00000,0.00000
1722031924.571239,422.000,324.000,66.000,422.000,324.000,65.000,422.000,326.000,68.000, 0.102, 0.096, 0.000, 0.000, 0.000, 0.000, 0.000, 0.000, 0.000,20.804, 0.000,216.410,68.0000,319.516,239.931,106.981,62.586,471.096,-2.190, 2.188, 0.074, 0.056,-0.109, 0.260,0.00000,0.00000,0.05578,0.04784,0.01748,0.00000,0.26037,-0.01778,0.00000,0.10946,-0.09524,0.00000,0.00000
1722031924.662733,422.000,324.000,65.000,422.000,326.000,68.000,422.000,324.000,65.000, 0.096, 0.091, 0.000, 2.000, 0.000, 2.000, 0.000,20.804, 0.000,-21.876, 0.000,-466.824,65.0000,319.706,240.268,107.213,62.457,472.644,-2.179, 2.181, 0.084,-0.042, 0.132,-0.548,0.00000,0.00000,-0.04177,0.04916,0.02808,0.00000,-0.54817,-0.01445,0.00000,-0.13207,-0.09524,0.00000,0.00000
1722031924.758464,422.000,326.000,68.000,422.000,324.000,65.000,422.000,326.000,67.000, 0.091, 0.096, 0.000,-2.000, 0.000,-2.000, 0.000,-21.876, 0.000,20.886, 0.000,446.566,67.0000,319.763,240.296,107.203,62.536,472.358,-2.182, 2.183, 0.082,-0.016, 0.030,-0.338,0.00000,0.00000,-0.01612,0.04855,0.02512,0.00000,-0.33802,-0.01593,0.00000,-0.03004,-0.09524,0.00000,0.00000
1722031924.899601,422.000,324.000,65.000,422.000,326.000,67.000,422.000,324.000,66.000, 0.096, 0.141, 0.000, 2.000, 0.000, 2.000, 0.000,20.886, 0.000,-14.163, 0.000,-248.193,66.0000,319.648,240.339,107.136,62.580,472.000,-2.182, 2.182, 0.087,-0.013,-0.095,-0.496,0.00000,0.00000,-0.01317,0.04859,0.02824,0.00000,-0.49572,-0.01740,0.00000,0.09463,-0.09524,0.00000,0.00000
1722031924.9916532,422.000,326.000,67.000,422.000,324.000,66.000,422.000,322.000,67.000, 0.141, 0.092, 0.000,-2.000, 0.000,-2.000, 0.000,-14.163, 0.000,-21.727, 0.000,-82.180,67.0000,319.382,240.062,107.036,62.450,472.328,-2.183, 2.184, 0.072,-0.011, 0.256,-0.058,0.00000,0.00000,-0.01114,0.04858,0.02309,0.00000,-0.05812,-0.01267,0.00000,-0.25596,-0.09524,0.00000,0.00000
1722031925.0971131,422.000,324.000,66.000,422.000,322.000,67.000,422.000,324.000,66.000, 0.092, 0.105, 0.000,-2.000, 0.000,-2.000, 0.000,-21.727, 0.000,18.965, 0.000,385.857,66.0000,319.732,240.278,107.225,62.479,472.514,-2.181, 2.182, 0.083,-0.039, 0.072,-0.428,0.00000,0.00000,-0.03925,0.04897,0.02885,0.00000,-0.42797,-0.01516,0.00000,-0.07222,-0.09524,0.00000,0.00000
1722031925.19772,422.000,322.000,67.000,422.000,324.000,66.000,422.000,324.000,66.000, 0.105, 0.101, 0.000, 2.000, 0.000, 2.000, 0.000,18.965, 0.000, 0.000, 0.000,-188.700,66.0000,319.597,240.252,107.078,62.635,471.339,-2.187, 2.186, 0.085, 0.012,-0.287,-0.165,0.00000,0.00000,0.01248,0.04821,0.02560,0.00000,-0.16461,-0.01960,0.00000,0.28737,-0.09524,0.00000,0.00000
1722031925.291424,422.000,324.000,66.000,422.000,324.000,66.000,420.000,324.000,65.000, 0.101, 0.094, 0.000, 0.000, 0.000, 0.000, 0.000, 0.000,-21.340, 0.000,-227.696, 0.000,65.0000,319.655,240.161,107.168,62.493,472.218,-2.185, 2.185, 0.093,-0.018,-0.387,-0.475,0.00000,0.00000,-0.01783,0.04876,0.03051,0.00000,-0.47482,-0.02098,0.00000,0.38737,-0.09524,0.00000,0.00000
1722031925.4000828,422.000,324.000,66.000,420.000,324.000,65.000,422.000,322.000,65.000, 0.094, 0.109,-2.000, 0.000,-2.000, 0.000,-21.340, 0.000,18.408,-18.408,365.837,-169.425,65.0000,319.985,239.949,107.150,62.598,471.689,-2.190, 2.187, 0.062, 0.081, 0.244, 0.511,0.00000,0.00000,0.08149,0.04734,0.01768,0.00000,0.51124,-0.01308,0.00000,-0.24427,-0.09524,0.00000,0.00000
1722031925.493147,420.000,324.000,65.000,422.000,322.000,65.000,422.000,324.000,66.000, 0.109, 0.093, 2.000,-2.000, 2.000,-2.000,18.408,-18.408, 0.000,21.470,-197.605,428.077,66.0000,320.211,240.085,107.231,62.707,470.772,-2.192, 2.189, 0.068, 0.079,-0.021, 0.476,0.00000,0.00000,0.07899,0.04763,0.01862,0.00000,0.47572,-0.01712,0.00000,0.02096,-0.09524,0.00000,0.00000
1722031925.5921369,422.000,322.000,65.000,422.000,324.000,66.000,424.000,324.000,67.000, 0.093, 0.099, 0.000, 2.000, 0.000, 2.000, 0.000,21.470,20.205, 0.000,204.127,-216.900,67.0000,320.171,239.846,106.998,62.876,469.977,-2.201, 2.193, 0.059, 0.222,-0.174, 1.068,0.00000,0.00000,0.22167,0.04566,0.00962,0.00000,1.06824,-0.01883,0.00000,0.17434,-0.09524,0.00000,0.00000
1722031925.691139,422.000,324.000,66.000,424.000,324.000,67.000,424.000,322.000,66.000, 0.099, 0.099, 2.000, 0.000, 2.000, 0.000,20.205, 0.000, 0.000,-20.208,-204.150,-204.173,66.0000,320.384,240.131,107.210,62.854,470.268,-2.197, 2.191, 0.077, 0.140,-0.491, 0.458,0.00000,0.00000,0.13963,0.04708,0.01660,0.00000,0.45831,-0.02323,0.00000,0.49126,-0.09524,0.00000,0.00000
1722031925.794083,424.000,324.000,67.000,424.000,322.000,66.000,422.000,322.000,65.000, 0.099, 0.103, 0.000,-2.000, 0.000,-2.000, 0.000,-20.208,-19.427, 0.000,-188.709,196.289,65.0000,320.137,240.188,107.103,62.715,472.978,-2.184, 2.179, 0.067, 0.149, 0.505,-0.034,0.00000,0.00000,0.14900,0.04664,0.02141,0.00000,-0.03357,-0.01029,0.00000,-0.50464,-0.09524,0.00000,0.00000
1722031925.894089,424.000,322.000,66.000,422.000,322.000,65.000,424.000,324.000,67.000, 0.103, 0.100,-2.000, 0.000,-2.000, 0.000,-19.427, 0.000,19.995,19.995,394.130,199.904,67.0000,319.617,240.529,106.884,62.831,473.205,-2.181, 2.177, 0.067, 0.144, 0.626,-0.171,0.00000,0.00000,0.14430,0.04666,0.02260,0.00000,-0.17112,-0.00914,0.00000,-0.62632,-0.09524,0.00000,0.00000
1722031925.9874802,422.000,322.000,65.000,424.000,324.000,67.000,422.000,322.000,65.000, 0.100, 0.093, 2.000, 2.000, 2.000, 2.000,19.995,19.995,-21.413,-21.413,-443.332,-443.332,65.0000,319.733,240.515,106.893,62.955,471.924,-2.188, 2.182, 0.074, 0.169, 0.100,-0.006,0.00000,0.00000,0.16885,0.04624,0.02050,0.00000,-0.00592,-0.01518,0.00000,-0.09967,-0.09524,0.00000,0.00000
1722031926.084515,424.000,324.000,67.000,422.000,322.000,65.000,424.000,324.000,67.000, 0.093, 0.097,-2.000,-2.000,-2.000,-2.000,-21.413,-21.413,20.654,20.654,434.414,434.414,67.0000,319.779,240.561,106.940,62.918,472.375,-2.186, 2.180, 0.078, 0.153, 0.131,-0.204,0.00000,0.00000,0.15328,0.04644,0.02343,0.00000,-0.20355,-0.01376,0.00000,-0.13096,-0.09524,0.00000,0.00000
1722031926.189077,422.000,322.000,65.000,424.000,324.000,67.000,422.000,324.000,66.000, 0.097, 0.105, 2.000, 2.000, 2.000, 2.000,20.654,20.654,-19.097, 0.000,-379.567,-197.214,66.0000,319.818,240.382,106.881,62.924,472.135,-2.186, 2.180, 0.065, 0.193, 0.476, 0.128,0.00000,0.00000,0.19295,0.04578,0.01907,0.00000,0.12775,-0.00889,0.00000,-0.47639,-0.09524,0.00000,0.00000
1722031926.285373,424.000,324.000,67.000,422.000,324.000,66.000,422.000,322.000,65.000, 0.105, 0.096,-2.000, 0.000,-2.000, 0.000,-19.097, 0.000, 0.000,-20.761,198.241,-215.513,65.0000,319.751,240.366,106.859,62.946,471.762,-2.190, 2.182, 0.069, 0.195, 0.193, 0.197,0.00000,0.00000,0.19478,0.04578,0.01837,0.00000,0.19739,-0.01227,0.00000,-0.19343,-0.09524,0.00000,0.00000
1722031926.3821802,422.000,324.000,66.000,422.000,322.000,65.000,422.000,322.000,65.000, 0.096, 0.097, 0.000,-2.000, 0.000,-2.000, 0.000,-20.761, 0.000, 0.000, 0.000,214.470,65.0000,319.795,240.347,106.877,62.947,471.678,-2.190, 2.183, 0.068, 0.196, 0.170, 0.259,0.00000,0.00000,0.19623,0.04567,0.01725,0.00000,0.25864,-0.01178,0.00000,-0.16958,-0.09524,0.00000,0.00000
1722031926.478152,422.000,322.000,65.000,422.000,322.000,65.000,424.000,322.000,66.000, 0.097, 0.096, 0.000, 0.000, 0.000, 0.000, 0.000, 0.000,20.855, 0.000,217.466, 0.000,66.0000,319.795,240.347,106.877,62.947,471.678,-2.190, 2.183, 0.068, 0.196, 0.170, 0.259,0.00000,0.00000,0.19623,0.04558,0.01683,0.00000,0.25864,-0.01141,0.00000,-0.16958,-0.09524,0.00000,0.00000
1722031926.584137,422.000,322.000,65.000,424.000,322.000,66.000,424.000,324.000,67.000, 0.096, 0.106, 2.000, 0.000, 2.000, 0.000,20.855, 0.000, 0.000,18.857,-196.635,177.799,67.0000,319.751,240.366,106.859,62.946,471.762,-2.190, 2.182, 0.069, 0.195, 0.193, 0.197,0.00000,0.00000,0.19478,0.04550,0.01714,0.00000,0.19739,-0.01075,0.00000,-0.19343,-0.09524,0.00000,0.00000
1722031926.682935,424.000,322.000,66.000,424.000,324.000,67.000,424.000,324.000,67.000, 0.106, 0.099, 0.000, 2.000, 0.000, 2.000, 0.000,18.857, 0.000, 0.000, 0.000,-190.971,67.0000,319.870,240.457,106.864,63.112,470.213,-2.196, 2.188, 0.077, 0.213,-0.369, 0.339,0.00000,0.00000,0.21290,0.04515,0.01474,0.00000,0.33919,-0.01799,0.00000,0.36915,-0.09524,0.00000,0.00000
1722031926.780475,424.000,324.000,67.000,424.000,324.000,67.000,422.000,322.000,65.000, 0.099, 0.097, 0.000, 0.000, 0.000, 0.000, 0.000, 0.000,-20.513,-20.513,-210.397,-210.397,65.0000,319.679,240.475,106.769,63.106,470.659,-2.194, 2.184, 0.092, 0.219,-0.620,-0.217,0.00000,0.00000,0.21882,0.04502,0.02178,0.00000,-0.21661,-0.02127,0.00000,0.62010,-0.09524,0.00000,0.00000
1722031926.883577,424.000,324.000,67.000,422.000,322.000,65.000,422.000,322.000,65.000, 0.097, 0.103,-2.000,-2.000,-2.000,-2.000,-20.513,-20.513, 0.000, 0.000,198.770,198.770,65.0000,319.631,240.491,106.795,63.058,470.924,-2.193, 2.184, 0.094, 0.195,-0.643,-0.279,0.00000,0.00000,0.19457,0.04525,0.02222,0.00000,-0.27900,-0.02244,0.00000,0.64253,-0.09524,0.00000,0.00000
1722031926.980711,422.000,322.000,65.000,422.000,322.000,65.000,424.000,322.000,66.000, 0.103, 0.097, 0.000, 0.000, 0.000, 0.000, 0.000, 0.000,20.590, 0.000,211.969, 0.000,66.0000,319.463,240.476,106.725,62.956,472.708,-2.187, 2.178, 0.099, 0.211,-0.444,-0.770,0.00000,0.00000,0.21055,0.04487,0.02931,0.00000,-0.76968,-0.02101,0.00000,0.44413,-0.09524,0.00000,0.00000
1722031927.078112,422.000,322.000,65.000,424.000,322.000,66.000,424.000,324.000,66.000, 0.097, 0.097, 2.000, 0.000, 2.000, 0.000,20.590, 0.000, 0.000,20.539,-211.443,210.919,66.0000,319.660,240.218,106.865,62.895,470.855,-2.193, 2.187, 0.081, 0.164,-0.367, 0.125,0.00000,0.00000,0.16370,0.04544,0.01802,0.00000,0.12533,-0.02115,0.00000,0.36670,-0.09524,0.00000,0.00000
1722031927.174578,424.000,322.000,66.000,424.000,324.000,66.000,422.000,322.000,65.000, 0.097, 0.096, 0.000, 2.000, 0.000, 2.000, 0.000,20.539,-20.728,-20.728,-214.834,-427.702,65.0000,319.788,240.357,106.785,63.124,469.975,-2.197, 2.188, 0.076, 0.238,-0.360, 0.404,0.00000,0.00000,0.23763,0.04422,0.01536,0.00000,0.40403,-0.02191,0.00000,0.35979,-0.09524,0.00000,0.00000
1722031927.2801778,424.000,324.000,66.000,422.000,322.000,65.000,424.000,322.000,65.000, 0.096, 0.106,-2.000,-2.000,-2.000,-2.000,-20.728,-20.728,18.940, 0.000,375.657,196.297,65.0000,320.724,240.273,107.168,63.028,471.428,-2.193, 2.183, 0.069, 0.257, 0.068, 0.303,0.00000,0.00000,0.25684,0.04407,0.01633,0.00000,0.30292,-0.01686,0.00000,-0.06836,-0.09524,0.00000,0.00000
1722031927.3786151,422.000,322.000,65.000,424.000,322.000,65.000,424.000,320.000,66.000, 0.106, 0.098, 2.000, 0.000, 2.000, 0.000,18.940, 0.000, 0.000,-20.340,-192.618,-206.856,66.0000,320.192,240.101,106.886,63.046,471.103,-2.197, 2.186, 0.071, 0.300,-0.196, 0.453,0.00000,0.00000,0.30019,0.04341,0.01355,0.00000,0.45327,-0.02093,0.00000,0.19623,-0.09524,0.00000,0.00000
1722031927.479043,424.000,322.000,65.000,424.000,320.000,66.000,426.000,322.000,67.000, 0.098, 0.100, 0.000,-2.000, 0.000,-2.000, 0.000,-20.340,19.910,19.910,198.200,400.681,67.0000,320.192,240.101,106.886,63.046,471.103,-2.197, 2.186, 0.071, 0.300,-0.196, 0.453,0.00000,0.00000,0.30019,0.04339,0.01287,0.00000,0.45327,0.04657,-5.00000,-4.80377,-0.09524,0.00000,0.00000
1722031927.599179,424.000,320.000,66.000,426.000,322.000,67.000,426.000,320.000,66.000, 0.100, 0.120, 2.000, 2.000, 2.000, 2.000,19.910,19.910, 0.000,-16.647,-165.723,-304.291,66.0000,320.148,240.171,106.885,63.068,471.002,-2.198, 2.187, 0.076, 0.291,-0.384, 0.380,0.00000,0.00000,0.29075,0.04337,0.01295,0.00000,0.37970,0.04613,-5.00000,-4.61640,-0.09524,0.00000,0.00000
1722031927.70634,426.000,322.000,67.000,426.000,320.000,66.000,428.000,318.000,67.000, 0.120, 0.107, 0.000,-2.000, 0.000,-2.000, 0.000,-16.647,18.668,-18.668,174.241,-18.857,67.0000,320.388,240.352,107.070,62.919,473.002,-2.185, 2.177, 0.074, 0.236, 0.339,-0.218,0.00000,0.00000,0.23614,0.04393,0.02016,0.00000,-0.21838,0.06539,-5.00000,-5.33893,-0.09524,0.00000,0.00000
1722031927.802971,426.000,320.000,66.000,428.000,318.000,67.000,424.000,320.000,68.000, 0.107, 0.097, 2.000,-2.000, 2.000,-2.000,18.668,-18.668,-41.410,20.705,-621.944,407.600,68.0000,318.060,239.554,106.008,62.882,469.511,-2.205, 2.193, 0.113, 0.263,-1.739,-0.146,0.00000,0.00000,0.26335,0.04328,0.01872,0.00000,-0.14577,0.04692,-5.00000,-3.26128,-0.08657,-1.00000,0.00000
1722031927.898836,428.000,318.000,67.000,424.000,320.000,68.000,420.000,316.000,66.000, 0.097, 0.096,-4.000, 2.000,-4.000, 2.000,-41.410,20.705,-41.697,-41.697,-3.001,-650.503,66.0000,316.293,240.283,105.614,62.898,467.976,-2.205, 2.200, 0.162,-0.032,-3.306,-1.129,0.00000,0.00000,-0.03203,0.04722,0.03239,0.00000,-1.12918,0.03541,-5.00000,-1.69432,-0.07157,-3.00000,0.00000
1722031928.006241,424.000,320.000,68.000,420.000,316.000,66.000,410.000,316.000,67.000, 0.096, 0.107,-4.000,-4.000,-4.000,-4.000,-41.697,-41.697,-93.188, 0.000,-479.832,388.571,67.0000,314.488,240.040,104.584,63.100,466.210, 2.226,-2.216,-0.187, 0.059,-4.600,-1.026,0.00000,0.00000,0.05875,0.04513,0.03177,0.00000,-1.02551,0.02367,-5.00000,-0.39985,-0.05824,-5.00000,0.00000
1722031928.10042,420.000,316.000,66.000,410.000,316.000,67.000,398.000,316.000,66.000, 0.107, 0.094,-10.000, 0.000,-10.000, 0.000,-93.188, 0.000,-127.190, 0.000,-360.392, 0.000,66.0000,315.672,240.582,105.551,62.857,466.533, 2.224,-2.225,-0.180,-0.212,-4.239,-1.007,0.00000,0.00000,-0.21226,0.04903,0.03373,0.00000,-1.00733,0.03128,-5.00000,-0.76055,-0.06958,-4.00000,0.00000
1722031928.1954079,410.000,316.000,67.000,398.000,316.000,66.000,388.000,318.000,67.000, 0.094, 0.095,-12.000, 0.000,-12.000, 0.000,-127.190, 0.000,-105.274,21.055,230.717,221.653,67.0000,317.031,240.436,106.248,62.671,466.438, 2.224,-2.228,-0.174,-0.283,-4.018,-0.915,0.00000,0.00000,-0.28321,0.04928,0.03452,0.00000,-0.91477,0.03525,-5.00000,-0.98190,-0.08125,-2.00000,0.00000
1722031928.3123488,398.000,316.000,66.000,388.000,318.000,67.000,372.000,322.000,65.000, 0.095, 0.117,-10.000, 2.000,-10.000, 2.000,-105.274,21.055,-136.965,34.241,-271.286,112.880,65.0000,319.657,240.129,106.622,63.261,466.382, 2.230,-2.217,-0.165, 0.184,-3.944,-0.541,0.00000,0.00000,0.18378,0.04290,0.03144,0.00000,-0.54052,0.03788,-5.00000,-1.05644,-0.09125,0.00000,0.00000
1722031928.427433,388.000,318.000,67.000,372.000,322.000,65.000,342.000,332.000,66.000, 0.117, 0.115,-16.000, 4.000,-16.000, 4.000,-136.965,34.241,-260.611,86.870,-1074.118,457.191,66.0000,319.568,239.976,106.650,63.136,466.256, 2.230,-2.219,-0.153, 0.160,-3.633,-0.264,0.00000,0.00000,0.15969,0.04454,0.02934,0.00000,-0.26388,0.04407,-5.00000,-1.36697,-0.08525,0.00000,0.00000
1722031928.5253272,372.000,322.000,65.000,342.000,332.000,66.000,314.000,338.000,65.000, 0.115, 0.098,-30.000,10.000,-30.000,10.000,-260.611,86.870,-286.041,61.295,-259.786,-261.277,65.0000,319.165,239.862,106.279,63.304,465.095, 2.228,-2.212,-0.152, 0.263,-3.886, 0.020,0.00000,0.00000,0.26323,0.04299,0.02645,0.00000,0.01994,0.04293,-5.00000,-1.11445,-0.08525,0.00000,0.00000
1722031928.631961,342.000,332.000,66.000,314.000,338.000,65.000,276.000,344.000,68.000, 0.098, 0.107,-28.000, 6.000,-28.000, 6.000,-286.041,61.295,-356.389,56.272,-659.767,-47.105,68.0000,316.451,239.169,104.592,63.525,461.348, 2.215,-2.190,-0.147, 0.529,-4.805, 1.157,0.00000,0.00000,0.52904,0.03958,0.01149,0.00000,1.15736,0.03313,-5.00000,-0.19526,-0.05924,-3.00000,0.00000
1722031928.736023,314.000,338.000,65.000,276.000,344.000,68.000,240.000,348.000,65.000, 0.107, 0.104,-38.000, 6.000,-38.000, 6.000,-356.389,56.272,-345.598,38.400,103.591,-171.572,65.0000,317.116,239.047,105.853,62.340,472.557, 2.225,-2.211,-0.393,-0.533,-9.257,-6.994,0.00000,0.00000,-0.53255,0.05445,0.12092,0.00000,-6.99410,-0.02521,-5.00000,4.25710,-0.07492,-2.00000,0.00000
1722031928.851636,276.000,344.000,68.000,240.000,348.000,65.000,212.000,300.000,66.000, 0.104, 0.116,-36.000, 4.000,-36.000, 4.000,-345.598,38.400,-242.404,-415.549,893.382,-3929.964,66.0000,317.390,240.500,106.237,62.808,468.499, 2.233,-2.232,-0.190,-0.167,-4.013,-1.721,0.00000,0.00000,-0.16658,0.04658,0.05147,0.00000,-1.72101,0.04377,-5.00000,-0.98718,-0.07059,-2.00000,0.00000
1722031928.9613812,240.000,348.000,65.000,212.000,300.000,66.000,192.000,264.000,67.000, 0.116, 0.110,-28.000,-48.000,-28.000,-48.000,-242.404,-415.549,-182.061,-327.710,549.303,799.607,67.0000,319.246,241.002,106.782,63.282,467.302,-2.210, 2.204, 0.175,-0.023,-3.913,-1.155,0.00000,0.00000,-0.02349,0.04583,0.05519,0.00000,-1.15520,0.03921,-5.00000,-1.08695,-0.08659,0.00000,-1.00000
1722031929.063325,212.000,300.000,66.000,192.000,264.000,67.000,202.000,224.000,67.000, 0.110, 0.102,-20.000,-36.000,-20.000,-36.000,-182.061,-327.710,98.094,-392.376,2748.153,-634.337,67.0000,321.341,236.448,106.947,62.066,462.764, 2.216,-2.197,-0.095, 0.461,-3.267, 2.349,0.00000,0.00000,0.46128,0.03973,0.01105,0.00000,2.34855,0.04996,-5.00000,-1.73295,-0.08926,1.00000,3.00000
1722031929.157115,192.000,264.000,67.000,202.000,224.000,67.000,202.000,180.000,66.000, 0.102, 0.094,10.000,-40.000,10.000,-40.000,98.094,-392.376, 0.000,-470.127,-1048.106,-830.748,66.0000,318.602,237.100,106.080,62.133,463.768,-2.230, 2.216, 0.101, 0.293,-2.753, 1.562,0.00000,0.00000,0.29309,0.04322,0.02223,0.00000,1.56242,0.05939,-5.00000,-2.24689,-0.06958,-1.00000,2.00000
1722031929.2467608,202.000,224.000,67.000,202.000,180.000,66.000,226.000,148.000,67.000, 0.094, 0.090, 0.000,-44.000, 0.000,-44.000, 0.000,-470.127,267.469,-356.625,2980.819,1264.926,67.0000,317.760,235.877,105.565,61.764,462.991, 2.219,-2.203,-0.134, 0.331,-3.950, 1.025,0.00000,0.00000,0.33057,0.04207,0.02518,0.00000,1.02510,0.04694,-5.00000,-1.04963,-0.06625,-2.00000,4.00000
1722031929.357745,202.000,180.000,66.000,226.000,148.000,67.000,254.000,132.000,68.000, 0.090, 0.111,24.000,-32.000,24.000,-32.000,267.469,-356.625,252.270,-144.154,-136.938,1914.288,68.0000,317.341,241.239,106.086,63.302,466.631,-2.210, 2.208, 0.086, 0.009,-1.552, 1.091,0.00000,0.00000,0.00889,0.04636,0.02144,0.00000,1.09085,0.08321,-5.00000,-3.44775,-0.06792,-2.00000,-1.00000
1722031929.455227,226.000,148.000,67.000,254.000,132.000,68.000,280.000,118.000,70.000, 0.111, 0.098,28.000,-16.000,28.000,-16.000,252.270,-144.154,266.582,-143.544,146.747, 6.254,70.0000,318.021,240.816,105.794,63.696,465.965, 2.231,-2.215,-0.138, 0.309,-3.356, 0.264,0.00000,0.00000,0.30881,0.04134,0.03053,0.00000,0.26363,0.06214,-5.00000,-1.64354,-0.07526,-1.00000,0.00000
1722031929.56003,254.000,132.000,68.000,280.000,118.000,70.000,310.000,116.000,67.000, 0.098, 0.105,26.000,-14.000,26.000,-14.000,266.582,-143.544,286.402,-19.093,189.209,1188.098,67.0000,318.438,243.724,106.442,64.424,466.097, 2.222,-2.217,-0.122, 0.039,-3.168, 0.847,0.00000,0.00000,0.03907,0.04573,0.02088,0.00000,0.84704,0.07067,-5.00000,-1.83164,-0.07159,-1.00000,-3.00000
1722031929.682061,280.000,118.000,70.000,310.000,116.000,67.000,334.000,112.000,67.000, 0.105, 0.122,30.000,-2.000,30.000,-2.000,286.402,-19.093,196.557,-32.759,-735.816,-111.923,67.0000,317.684,240.282,106.407,62.727,464.363, 2.213,-2.216,-0.165,-0.246,-4.498,-0.045,0.00000,0.00000,-0.24553,0.04874,0.03211,0.00000,-0.04528,0.05610,-5.00000,-0.50189,-0.06225,-2.00000,0.00000
1722031929.7772439,310.000,116.000,67.000,334.000,112.000,67.000,336.000,114.000,68.000, 0.122, 0.095,24.000,-4.000,24.000,-4.000,196.557,-32.759,21.004,21.004,-1843.639,564.615,68.0000,315.653,240.723,105.094,63.317,461.549, 2.199,-2.196,-0.211,-0.158,-6.578,-0.418,0.00000,0.00000,-0.15824,0.04683,0.03589,0.00000,-0.41805,0.03102,-5.00000,1.57779,-0.04659,-4.00000,0.00000
1722031929.8758268,334.000,112.000,67.000,336.000,114.000,68.000,328.000,112.000,68.000, 0.095, 0.099, 2.000, 2.000, 2.000, 2.000,21.004,21.004,-81.148,-20.287,-1036.180,-418.834,68.0000,317.326,238.750,105.741,62.586,463.798, 2.214,-2.206,-0.167, 0.057,-4.821, 0.142,0.00000,0.00000,0.05685,0.04427,0.02861,0.00000,0.14183,0.05471,-5.00000,-0.17904,-0.06727,-2.00000,1.00000
1722031929.98411,336.000,114.000,68.000,328.000,112.000,68.000,310.000,112.000,67.000, 0.099, 0.108,-8.000,-2.000,-8.000,-2.000,-81.148,-20.287,-166.448, 0.000,-788.777,187.596,67.0000,318.373,240.754,106.437,63.179,465.295, 2.221,-2.217,-0.148,-0.032,-3.842, 0.177,0.00000,0.00000,-0.03162,0.04608,0.02869,0.00000,0.17727,0.06565,-5.00000,-1.15813,-0.06860,-1.00000,0.00000
1722031930.087584,328.000,112.000,68.000,310.000,112.000,67.000,286.000,118.000,67.000, 0.108, 0.104,-18.000, 0.000,-18.000, 0.000,-166.448, 0.000,-231.844,57.961,-631.733,559.912,67.0000,321.016,239.960,107.107,63.251,463.040, 2.213,-2.201,-0.126, 0.230,-4.004, 1.442,0.00000,0.00000,0.23003,0.04229,0.01131,0.00000,1.44213,0.06430,-5.00000,-0.99551,-0.08227,1.00000,0.00000
1722031930.18258,310.000,112.000,67.000,286.000,118.000,67.000,254.000,130.000,68.000, 0.104, 0.095,-24.000, 6.000,-24.000, 6.000,-231.844,57.961,-336.722,126.271,-1103.588,718.794,68.0000,319.010,240.061,105.663,63.885,467.676,-2.219, 2.189, 0.127, 0.683,-2.438,-0.174,0.00000,0.00000,0.68267,0.03685,0.03215,0.00000,-0.17442,0.08767,-5.00000,-2.56164,-0.06826,0.00000,0.00000
1722031930.277354,286.000,118.000,67.000,254.000,130.000,68.000,226.000,150.000,68.000, 0.095, 0.095,-32.000,12.000,-32.000,12.000,-336.722,126.271,-295.256,210.897,437.251,892.375,68.0000,317.737,240.196,105.710,63.422,465.637,-2.219, 2.204, 0.174, 0.218,-4.174,-0.862,0.00000,0.00000,0.21769,0.04415,0.03936,0.00000,-0.86211,0.06700,-5.00000,-0.82562,-0.05392,-2.00000,0.00000
1722031930.375469,254.000,130.000,68.000,226.000,150.000,68.000,202.000,184.000,67.000, 0.095, 0.098,-28.000,20.000,-28.000,20.000,-295.256,210.897,-244.915,346.962,513.725,1388.512,67.0000,315.804,240.856,105.377,63.217,464.699,-2.220, 2.217, 0.215,-0.198,-5.665,-1.456,0.00000,0.00000,-0.19774,0.04825,0.04807,0.00000,-1.45628,0.05113,-5.00000,0.66545,-0.04126,-4.00000,0.00000
1722031930.482263,226.000,150.000,68.000,202.000,184.000,67.000,186.000,226.000,68.000, 0.098, 0.107,-24.000,34.000,-24.000,34.000,-244.915,346.962,-149.645,392.818,891.038,428.879,68.0000,316.453,240.059,105.209,63.262,461.625, 2.203,-2.194,-0.205, 0.000,-6.400,-0.283,0.00000,0.00000,0.00005,0.04444,0.03424,0.00000,-0.28272,0.04212,-5.00000,1.40050,-0.05327,-3.00000,0.00000
1722031930.5809338,202.000,184.000,67.000,186.000,226.000,68.000,190.000,270.000,68.000, 0.107, 0.099,-16.000,42.000,-16.000,42.000,-149.645,392.818,40.581,446.387,1929.869,543.468,68.0000,318.680,240.052,106.729,62.673,461.260, 2.195,-2.200,-0.204,-0.376,-6.392,-0.250,0.00000,0.00000,-0.37606,0.05011,0.03613,0.00000,-0.25001,0.04053,-5.00000,1.39222,-0.06561,-1.00000,0.00000
1722031930.6784809,186.000,226.000,68.000,190.000,270.000,68.000,210.000,310.000,67.000, 0.099, 0.098, 4.000,44.000, 4.000,44.000,40.581,446.387,204.843,409.685,1682.391,-375.907,67.0000,320.407,239.664,106.552,63.361,461.227, 2.200,-2.185,-0.234, 0.081,-7.400,-0.794,0.00000,0.00000,0.08136,0.04299,0.04402,0.00000,-0.79406,0.02413,-5.00000,2.40037,-0.06761,0.00000,0.00000
1722031930.7775412,190.000,270.000,68.000,210.000,310.000,67.000,232.000,336.000,67.000, 0.098, 0.099,20.000,40.000,20.000,40.000,204.843,409.685,222.333,262.757,176.755,-1484.862,67.0000,321.381,240.393,107.134,63.580,465.777, 2.228,-2.210,-0.192, 0.245,-4.873,-1.030,0.00000,0.00000,0.24464,0.04212,0.04798,0.00000,-1.03042,0.05497,-5.00000,-0.12707,-0.07327,1.00000,0.00000
1722031930.877197,210.000,310.000,67.000,232.000,336.000,67.000,254.000,352.000,65.000, 0.099, 0.100,22.000,26.000,22.000,26.000,222.333,262.757,220.600,160.437,-17.370,-1025.993,65.0000,320.689,239.333,107.256,62.697,466.290,-2.221, 2.213, 0.243,-0.134,-6.355,-2.170,0.00000,0.00000,-0.13425,0.04760,0.06507,0.00000,-2.17006,0.03141,-5.00000,1.35538,-0.06226,0.00000,0.00000
1722031930.972579,232.000,336.000,67.000,254.000,352.000,65.000,270.000,360.000,66.000, 0.100, 0.095,22.000,16.000,22.000,16.000,220.600,160.437,167.681,83.841,-554.596,-802.732,66.0000,319.772,238.673,106.066,63.156,459.529, 2.204,-2.183,-0.122, 0.482,-4.713, 2.357,0.00000,0.00000,0.48217,0.03821,0.00658,0.00000,2.35744,0.05310,-5.00000,-0.28680,-0.06527,0.00000,1.00000
1722031931.0657978,254.000,352.000,65.000,270.000,360.000,66.000,278.000,362.000,66.000, 0.095, 0.093,16.000, 8.000,16.000, 8.000,167.681,83.841,85.846,21.462,-878.153,-669.375,66.0000,318.970,238.138,105.956,62.763,461.032, 2.208,-2.191,-0.136, 0.351,-4.662, 1.603,0.00000,0.00000,0.35087,0.04159,0.01885,0.00000,1.60279,0.05190,-5.00000,-0.33769,-0.05660,-1.00000,1.00000
1722031931.179723,270.000,360.000,66.000,278.000,362.000,66.000,272.000,360.000,66.000, 0.093, 0.114, 8.000, 2.000, 8.000, 2.000,85.846,21.462,-52.683,-17.561,-1216.366,-342.640,66.0000,319.696,237.823,106.722,62.092,459.651, 2.194,-2.189,-0.122, 0.054,-4.797, 2.424,0.00000,0.00000,0.05421,0.04503,0.00343,0.00000,2.42395,0.05067,-5.00000,-0.20297,-0.06761,0.00000,2.00000
1722031931.2772968,278.000,362.000,66.000,272.000,360.000,66.000,256.000,352.000,67.000, 0.114, 0.098,-6.000,-2.000,-6.000,-2.000,-52.683,-17.561,-163.867,-81.934,-1138.712,-659.284,67.0000,317.756,239.834,105.780,63.156,464.648, 2.211,-2.200,-0.261,-0.095,-7.240,-2.320,0.00000,0.00000,-0.09540,0.04613,0.06386,0.00000,-2.32012,0.01830,-5.00000,2.24001,-0.04726,-2.00000,0.00000
1722031931.376232,272.000,360.000,66.000,256.000,352.000,67.000,242.000,344.000,65.000, 0.098, 0.099,-16.000,-8.000,-16.000,-8.000,-163.867,-81.934,-141.558,-80.891,225.572,10.547,65.0000,319.449,240.996,107.541,62.528,469.967, 2.212,-2.219,-0.362,-0.932,-8.742,-5.930,0.00000,0.00000,-0.93208,0.05703,0.11011,0.00000,-5.93009,-0.00278,-5.00000,3.74167,-0.06928,0.00000,0.00000
1722031931.495979,256.000,352.000,67.000,242.000,344.000,65.000,220.000,328.000,65.000, 0.099, 0.120,-14.000,-8.000,-14.000,-8.000,-141.558,-80.891,-183.670,-133.578,-351.578,-439.873,65.0000,317.783,243.587,106.428,64.104,467.333, 2.224,-2.223,-0.248,-0.344,-5.834,-2.912,0.00000,0.00000,-0.34435,0.04704,0.07580,0.00000,-2.91213,0.03125,-5.00000,0.83418,-0.04593,-2.00000,-3.00000
1722031931.606407,242.000,344.000,65.000,220.000,328.000,65.000,210.000,298.000,64.000, 0.120, 0.110,-22.000,-16.000,-22.000,-16.000,-183.670,-133.578,-90.566,-271.697,843.209,-1250.880,64.0000,323.617,240.502,108.739,62.952,466.203, 2.220,-2.218,-0.201,-0.182,-5.063,-1.301,0.00000,0.00000,-0.18217,0.04679,0.06440,0.00000,-1.30110,0.03563,-5.00000,0.06327,-0.09395,3.00000,0.00000
1722031931.7025,220.000,328.000,65.000,210.000,298.000,64.000,200.000,264.000,64.000, 0.110, 0.096,-10.000,-30.000,-10.000,-30.000,-90.566,-271.697,-104.091,-353.909,-140.786,-855.756,64.0000,322.055,235.776,107.491,61.543,462.194, 2.213,-2.199,-0.042, 0.362,-1.976, 3.805,0.00000,0.00000,0.36180,0.04002,0.00049,0.00000,3.80482,0.07602,-5.00000,-3.02394,-0.07226,2.00000,4.00000
1722031931.7989051,210.000,298.000,64.000,200.000,264.000,64.000,198.000,224.000,65.000, 0.096, 0.096,-10.000,-34.000,-10.000,-34.000,-104.091,-353.909,-20.753,-415.062,864.759,-634.553,65.0000,323.263,234.171,107.070,61.754,461.644, 2.220,-2.184,-0.061, 0.910,-2.662, 3.522,0.00000,0.00000,0.90959,0.03408,0.00437,0.00000,3.52226,0.06817,-5.00000,-2.33820,-0.08527,3.00000,5.00000
1722031931.904213,200.000,264.000,64.000,198.000,224.000,65.000,200.000,186.000,66.000, 0.096, 0.105,-2.000,-40.000,-2.000,-40.000,-20.753,-415.062,18.995,-360.904,377.506,514.362,66.0000,319.264,235.530,106.505,61.367,463.978,-2.220, 2.211, 0.061, 0.226,-1.266, 2.108,0.00000,0.00000,0.22590,0.04450,0.01599,0.00000,2.10837,0.09271,-5.00000,-3.73409,-0.05826,0.00000,4.00000
1722031932.032346,198.000,224.000,65.000,200.000,186.000,66.000,230.000,148.000,67.000, 0.105, 0.128, 2.000,-38.000, 2.000,-38.000,18.995,-360.904,234.129,-296.563,1678.964,502.137,67.0000,315.017,243.006,105.500,63.668,463.708,-2.217, 2.226, 0.221,-0.523,-5.976,-1.413,0.00000,0.00000,-0.52292,0.05245,0.05720,0.00000,-1.41337,0.03449,-5.00000,0.97631,-0.03259,-4.00000,-3.00000
1722031932.168542,200.000,186.000,66.000,230.000,148.000,67.000,266.000,126.000,67.000, 0.128, 0.136,30.000,-38.000,30.000,-38.000,234.129,-296.563,264.274,-161.501,221.298,991.483,67.0000,317.142,244.090,105.946,64.510,468.040,-2.213, 2.208, 0.108, 0.056,-2.236, 0.638,0.00000,0.00000,0.05596,0.04264,0.02705,0.00000,0.63781,0.09011,-5.00000,-2.76411,-0.05928,-2.00000,-4.00000
1722031932.268239,230.000,148.000,67.000,266.000,126.000,67.000,286.000,120.000,67.000, 0.136, 0.100,36.000,-22.000,36.000,-22.000,264.274,-161.501,200.545,-60.164,-639.027,1016.136,67.0000,316.430,244.548,106.326,64.056,465.372, 2.209,-2.222,-0.216,-0.616,-5.593,-1.550,0.00000,0.00000,-0.61650,0.05343,0.05839,0.00000,-1.55021,0.04469,-5.00000,0.59304,-0.04327,-3.00000,-4.00000
1722031932.364017,266.000,126.000,67.000,286.000,120.000,67.000,296.000,112.000,66.000, 0.100, 0.096,20.000,-6.000,20.000,-6.000,200.545,-60.164,104.373,-83.498,-1003.779,-243.547,66.0000,322.626,238.909,107.589,62.969,461.724, 2.205,-2.191,-0.208, 0.118,-6.505,-0.325,0.00000,0.00000,0.11802,0.04180,0.04166,0.00000,-0.32466,0.03624,-5.00000,1.50516,-0.08762,2.00000,1.00000
1722031932.462084,286.000,120.000,67.000,296.000,112.000,66.000,298.000,110.000,68.000, 0.096, 0.098,10.000,-8.000,10.000,-8.000,104.373,-83.498,20.419,-20.419,-857.121,644.004,68.0000,319.132,237.296,105.006,63.447,463.820, 2.235,-2.190,-0.139, 1.038,-4.004, 0.827,0.00000,0.00000,1.03803,0.03153,0.02860,0.00000,0.82707,0.06836,-5.00000,-0.99576,-0.05660,0.00000,2.00000
1722031932.557002,296.000,112.000,66.000,298.000,110.000,68.000,296.000,110.000,66.000, 0.098, 0.095, 2.000,-2.000, 2.000,-2.000,20.419,-20.419,-21.070, 0.000,-437.098,215.117,66.0000,321.541,238.500,107.029,62.947,464.572, 2.225,-2.204,-0.119, 0.460,-3.422, 1.263,0.00000,0.00000,0.45970,0.04158,0.02279,0.00000,1.26328,0.07446,-5.00000,-1.57846,-0.07127,1.00000,1.00000
1722031932.657009,298.000,110.000,68.000,296.000,110.000,66.000,288.000,114.000,68.000, 0.095, 0.100,-2.000, 0.000,-2.000, 0.000,-21.070, 0.000,-79.907,39.954,-587.687,399.073,68.0000,319.926,238.526,107.171,62.173,464.082, 2.217,-2.216,-0.090,-0.022,-2.553, 1.918,0.00000,0.00000,-0.02212,0.04612,0.01208,0.00000,1.91795,0.08846,-5.00000,-2.44677,-0.06027,0.00000,1.00000
1722031932.755898,296.000,110.000,66.000,288.000,114.000,68.000,272.000,120.000,67.000, 0.100, 0.099,-8.000, 4.000,-8.000, 4.000,-79.907,39.954,-161.796,60.674,-828.082,209.525,67.0000,318.446,240.631,106.324,63.253,464.167, 2.214,-2.208,-0.148, 0.034,-4.264, 0.621,0.00000,0.00000,0.03362,0.04393,0.02673,0.00000,0.62142,0.06895,-5.00000,-0.73621,-0.05460,-1.00000,0.00000
1722031932.852022,288.000,114.000,68.000,272.000,120.000,67.000,254.000,130.000,67.000, 0.099, 0.096,-16.000, 6.000,-16.000, 6.000,-161.796,60.674,-187.316,104.065,-265.574,451.547,67.0000,318.891,240.799,106.466,63.388,466.309,-2.216, 2.208, 0.090, 0.173,-1.865, 1.191,0.00000,0.00000,0.17326,0.04220,0.01586,0.00000,1.19053,0.10538,-5.00000,-3.13515,-0.05694,-1.00000,0.00000
1722031932.9557781,272.000,120.000,67.000,254.000,130.000,67.000,228.000,146.000,69.000, 0.096, 0.104,-18.000,10.000,-18.000,10.000,-187.316,104.065,-250.629,154.233,-610.306,483.604,69.0000,316.448,241.720,105.639,63.596,462.479, 2.206,-2.205,-0.240,-0.330,-6.759,-1.719,0.00000,0.00000,-0.33018,0.04933,0.05362,0.00000,-1.71934,0.04197,-5.00000,1.75915,-0.03893,-3.00000,-1.00000
1722031933.052785,254.000,130.000,67.000,228.000,146.000,69.000,206.000,174.000,68.000, 0.104, 0.097,-26.000,16.000,-26.000,16.000,-250.629,154.233,-226.676,288.496,246.801,1383.372,68.0000,316.684,241.897,105.789,63.625,463.853, 2.212,-2.211,-0.248,-0.337,-6.577,-2.257,0.00000,0.00000,-0.33717,0.04808,0.05994,0.00000,-2.25702,0.04827,-5.00000,1.57662,-0.04294,-3.00000,-1.00000
1722031933.162185,228.000,146.000,69.000,206.000,174.000,68.000,190.000,212.000,67.000, 0.097, 0.109,-22.000,28.000,-22.000,28.000,-226.676,288.496,-146.417,347.740,734.453,542.143,67.0000,316.846,242.208,105.272,64.278,461.973, 2.204,-2.193,-0.246,-0.051,-7.338,-1.485,0.00000,0.00000,-0.05111,0.04436,0.05322,0.00000,-1.48469,0.03457,-5.00000,2.33770,-0.04094,-3.00000,-2.00000
1722031933.2645462,206.000,174.000,68.000,190.000,212.000,67.000,192.000,256.000,67.000, 0.109, 0.102,-16.000,38.000,-16.000,38.000,-146.417,347.740,19.538,429.830,1621.189,801.929,67.0000,321.505,239.996,107.310,63.203,460.239, 2.195,-2.188,-0.214,-0.070,-7.008,-0.190,0.00000,0.00000,-0.07027,0.04550,0.03987,0.00000,-0.19020,0.03549,-5.00000,2.00781,-0.07362,1.00000,0.00000
1722031933.390503,190.000,212.000,67.000,192.000,256.000,67.000,212.000,308.000,67.000, 0.102, 0.126, 2.000,44.000, 2.000,44.000,19.538,429.830,158.636,412.453,1103.295,-137.835,67.0000,323.176,238.920,108.018,62.827,464.906, 2.222,-2.208,-0.165, 0.196,-4.482,-0.051,0.00000,0.00000,0.19588,0.04189,0.04031,0.00000,-0.05072,0.06509,-5.00000,-0.51810,-0.07961,3.00000,1.00000
1722031933.520489,192.000,256.000,67.000,212.000,308.000,67.000,240.000,338.000,66.000, 0.126, 0.130,20.000,52.000,20.000,52.000,158.636,412.453,215.405,230.791,436.724,-1397.531,66.0000,323.161,237.838,108.224,62.097,467.406, 2.213,-2.202,-0.301,-0.265,-7.996,-3.628,0.00000,0.00000,-0.26520,0.04881,0.08891,0.00000,-3.62791,0.01489,-5.00000,2.99580,-0.07561,3.00000,2.00000
1722031933.615762,212.000,308.000,67.000,240.000,338.000,66.000,254.000,354.000,67.000, 0.130, 0.095,28.000,30.000,28.000,30.000,215.405,230.791,146.946,167.938,-718.552,-659.709,67.0000,319.775,238.562,106.090,63.090,464.406, 2.209,-2.186,-0.279, 0.142,-8.158,-2.373,0.00000,0.00000,0.14156,0.04207,0.07385,0.00000,-2.37333,0.01199,-5.00000,3.15824,-0.05160,0.00000,1.00000
1722031933.717669,240.000,338.000,66.000,254.000,354.000,67.000,264.000,360.000,66.000, 0.095, 0.102,14.000,16.000,14.000,16.000,146.946,167.938,98.133,58.880,-479.015,-1070.220,66.0000,317.941,239.513,106.869,61.975,467.653, 2.209,-2.218,-0.271,-0.670,-6.958,-3.070,0.00000,0.00000,-0.67012,0.05418,0.08989,0.00000,-3.07034,0.02212,-5.00000,1.95838,-0.04327,-2.00000,0.00000
1722031933.814881,254.000,354.000,67.000,264.000,360.000,66.000,266.000,356.000,65.000, 0.102, 0.097,10.000, 6.000,10.000, 6.000,98.133,58.880,20.574,-41.148,-797.847,-1028.983,65.0000,318.594,239.027,106.201,62.692,464.683, 2.203,-2.194,-0.273,-0.205,-7.905,-2.325,0.00000,0.00000,-0.20468,0.04579,0.08491,0.00000,-2.32462,0.00363,-5.00000,2.90496,-0.05661,-1.00000,0.00000
1722031933.9092228,264.000,360.000,66.000,266.000,356.000,65.000,258.000,350.000,65.000, 0.097, 0.094, 2.000,-4.000, 2.000,-4.000,20.574,-41.148,-84.815,-63.611,-1117.321,-238.153,65.0000,321.489,237.636,106.977,62.549,463.393, 2.212,-2.192,-0.145, 0.405,-4.721, 1.209,0.00000,0.00000,0.40529,0.03906,0.04297,0.00000,1.20928,0.04223,-5.00000,-0.27900,-0.07028,1.00000,2.00000
1722031934.019844,266.000,356.000,65.000,258.000,350.000,65.000,246.000,342.000,68.000, 0.094, 0.111,-8.000,-6.000,-8.000,-6.000,-84.815,-63.611,-108.456,-72.304,-213.668,-78.566,68.0000,322.840,236.523,107.487,62.121,458.093, 2.202,-2.183,-0.035, 0.507,-2.575, 4.752,0.00000,0.00000,0.50717,0.03931,-0.00196,0.00000,4.75185,0.06697,-5.00000,-2.42496,-0.07361,2.00000,3.00000
1722031934.142154,258.000,350.000,65.000,246.000,342.000,68.000,220.000,312.000,64.000, 0.111, 0.122,-12.000,-8.000,-12.000,-8.000,-108.456,-72.304,-212.611,-245.321,-851.713,-1414.818,64.0000,321.945,238.670,107.754,62.477,466.577, 2.233,-2.225,-0.094, 0.169,-1.944, 1.093,0.00000,0.00000,0.16904,0.04393,0.04325,0.00000,1.09345,0.07711,-5.00000,-3.05556,-0.06327,1.00000,1.00000
1722031934.240491,246.000,342.000,68.000,220.000,312.000,64.000,198.000,288.000,66.000, 0.122, 0.098,-26.000,-30.000,-26.000,-30.000,-212.611,-245.321,-223.670,-244.004,-112.435,13.388,66.0000,318.243,242.161,106.566,63.585,465.438, 2.219,-2.219,-0.158,-0.160,-4.044,-0.115,0.00000,0.00000,-0.16030,0.04728,0.05188,0.00000,-0.11477,0.05393,-5.00000,-0.95646,-0.04960,-1.00000,-2.00000
1722031934.337544,220.000,312.000,64.000,198.000,288.000,66.000,190.000,256.000,66.000, 0.098, 0.097,-22.000,-24.000,-22.000,-24.000,-223.670,-244.004,-82.553,-330.214,1456.209,-889.617,66.0000,316.928,242.215,105.576,63.971,462.177, 2.201,-2.195,-0.190,-0.054,-6.042, 0.151,0.00000,0.00000,-0.05418,0.04493,0.04670,0.00000,0.15137,0.03202,-5.00000,1.04182,-0.03760,-3.00000,-2.00000
1722031934.4337192,198.000,288.000,66.000,190.000,256.000,66.000,192.000,226.000,65.000, 0.097, 0.096,-8.000,-32.000,-8.000,-32.000,-82.553,-330.214,20.764,-311.465,1072.663,194.652,65.0000,318.702,240.501,107.043,62.561,461.605, 2.193,-2.206,-0.199,-0.541,-6.148,-0.198,0.00000,0.00000,-0.54068,0.05185,0.05151,0.00000,-0.19778,0.03151,-5.00000,1.14768,-0.05895,-1.00000,0.00000
1722031934.540102,190.000,256.000,66.000,192.000,226.000,65.000,200.000,198.000,66.000, 0.096, 0.106, 2.000,-30.000, 2.000,-30.000,20.764,-311.465,75.275,-263.462,512.908,451.680,66.0000,320.839,238.808,106.811,62.914,459.891, 2.197,-2.185,-0.197, 0.110,-6.651, 0.354,0.00000,0.00000,0.10956,0.04188,0.04393,0.00000,0.35435,0.02258,-5.00000,1.65087,-0.06095,0.00000,1.00000
1722031934.6389601,192.000,226.000,65.000,200.000,198.000,66.000,214.000,170.000,64.000, 0.106, 0.099, 8.000,-28.000, 8.000,-28.000,75.275,-263.462,141.636,-283.272,671.365,-200.414,64.0000,322.113,239.631,107.110,63.596,463.874, 2.225,-2.201,-0.143, 0.503,-4.034, 0.657,0.00000,0.00000,0.50329,0.03846,0.03996,0.00000,0.65738,0.05537,-5.00000,-0.96614,-0.07528,2.00000,0.00000
1722031934.733614,200.000,198.000,66.000,214.000,170.000,64.000,230.000,150.000,65.000, 0.099, 0.095,14.000,-28.000,14.000,-28.000,141.636,-283.272,168.828,-211.035,286.927,762.223,65.0000,321.601,240.242,107.760,63.016,464.091,-2.223, 2.219, 0.142,-0.029,-3.770, 0.421,0.00000,0.00000,-0.02948,0.04658,0.04229,0.00000,0.42134,0.05693,-5.00000,-1.23001,-0.06194,1.00000,0.00000
1722031934.837776,214.000,170.000,64.000,230.000,150.000,65.000,240.000,144.000,68.000, 0.095, 0.104,16.000,-20.000,16.000,-20.000,168.828,-211.035,95.999,-57.600,-699.152,1472.973,68.0000,321.462,240.600,107.267,63.578,463.497,-2.234, 2.220, 0.131, 0.250,-3.801, 1.054,0.00000,0.00000,0.25003,0.04122,0.03255,0.00000,1.05417,0.05857,-5.00000,-1.19889,-0.06561,1.00000,0.00000
1722031934.934478,230.000,150.000,65.000,240.000,144.000,68.000,254.000,130.000,68.000, 0.104, 0.097,10.000,-6.000,10.000,-6.000,95.999,-57.600,144.781,-144.781,504.473,-901.585,68.0000,320.383,238.960,106.619,63.064,467.052,-2.211, 2.192, 0.073, 0.463,-0.798, 0.984,0.00000,0.00000,0.46308,0.03906,0.03234,0.00000,0.98431,0.10155,-5.00000,-4.20189,-0.05760,0.00000,1.00000
1722031935.0356202,240.000,144.000,68.000,254.000,130.000,68.000,268.000,124.000,67.000, 0.097, 0.101,14.000,-14.000,14.000,-14.000,144.781,-144.781,138.412,-59.320,-62.965,844.922,67.0000,320.260,239.585,106.673,63.239,465.957,-2.225, 2.208, 0.071, 0.416,-1.603, 1.914,0.00000,0.00000,0.41647,0.04010,0.01772,0.00000,1.91356,0.09457,-5.00000,-3.39697,-0.06061,0.00000,0.00000
1722031935.13473,254.000,130.000,68.000,268.000,124.000,67.000,274.000,120.000,68.000, 0.101, 0.099,14.000,-6.000,14.000,-6.000,138.412,-59.320,60.539,-40.359,-785.727,191.305,68.0000,318.803,240.429,105.980,63.662,464.008, 2.221,-2.203,-0.134, 0.364,-3.909, 0.992,0.00000,0.00000,0.36364,0.04047,0.02773,0.00000,0.99208,0.07143,-5.00000,-1.09074,-0.05194,-1.00000,0.00000
1722031935.231966,268.000,124.000,67.000,274.000,120.000,68.000,274.000,120.000,68.000, 0.099, 0.097, 6.000,-4.000, 6.000,-4.000,60.539,-40.359, 0.000, 0.000,-622.616,415.077,68.0000,317.873,241.190,105.928,63.601,461.905, 2.203,-2.196,-0.169, 0.023,-5.470, 0.650,0.00000,0.00000,0.02315,0.04472,0.02899,0.00000,0.64953,0.05600,-5.00000,0.47036,-0.04560,-2.00000,-1.00000
1722031935.328052,274.000,120.000,68.000,274.000,120.000,68.000,270.000,122.000,67.000, 0.097, 0.096, 0.000, 0.000, 0.000, 0.000, 0.000, 0.000,-41.634,20.817,-433.343,216.672,67.0000,316.664,241.593,105.567,63.716,465.679,-2.205, 2.197, 0.226,-0.073,-5.040,-2.718,0.00000,0.00000,-0.07262,0.04498,0.07264,0.00000,-2.71829,0.06322,-5.00000,0.03977,-0.03861,-3.00000,-1.00000
1722031935.434575,274.000,120.000,68.000,270.000,122.000,67.000,252.000,132.000,67.000, 0.096, 0.107,-4.000, 2.000,-4.000, 2.000,-41.634,20.817,-168.957,93.865,-1195.115,685.664,67.0000,318.130,241.811,106.483,63.467,466.843,-2.202, 2.200, 0.194,-0.172,-4.115,-1.958,0.00000,0.00000,-0.17172,0.04607,0.06276,0.00000,-1.95843,0.07498,-5.00000,-0.88502,-0.05695,-1.00000,-1.00000
1722031935.529361,270.000,122.000,67.000,252.000,132.000,67.000,230.000,148.000,69.000, 0.107, 0.095,-18.000,10.000,-18.000,10.000,-168.957,93.865,-232.158,168.842,-666.940,791.209,69.0000,319.345,241.687,106.803,63.593,462.403, 2.203,-2.202,-0.225,-0.269,-6.587,-1.112,0.00000,0.00000,-0.26892,0.04717,0.05638,0.00000,-1.11191,0.04198,-5.00000,1.58711,-0.05895,0.00000,-1.00000
1722031935.625865,252.000,132.000,67.000,230.000,148.000,69.000,214.000,168.000,67.000, 0.095, 0.096,-22.000,16.000,-22.000,16.000,-232.158,168.842,-165.818,207.273,687.521,398.283,67.0000,320.333,239.120,106.222,63.456,460.673, 2.207,-2.184,-0.193, 0.385,-6.298, 0.222,0.00000,0.00000,0.38463,0.03819,0.04187,0.00000,0.22207,0.04643,-5.00000,1.29753,-0.05594,0.00000,0.00000
1722031935.734578,230.000,148.000,69.000,214.000,168.000,67.000,194.000,200.000,67.000, 0.096, 0.109,-16.000,20.000,-16.000,20.000,-165.818,207.273,-183.942,294.307,-166.686,800.465,67.0000,319.486,237.842,105.932,62.852,461.366, 2.209,-2.186,-0.167, 0.432,-5.552, 0.845,0.00000,0.00000,0.43238,0.03931,0.03502,0.00000,0.84493,0.05347,-5.00000,0.55181,-0.05594,0.00000,2.00000
1722031935.860972,214.000,168.000,67.000,194.000,200.000,67.000,192.000,246.000,67.000, 0.109, 0.126,-20.000,32.000,-20.000,32.000,-183.942,294.307,-15.823,363.935,1330.095,550.868,67.0000,320.387,238.607,107.189,62.325,461.296, 2.201,-2.199,-0.163,-0.106,-5.315, 0.811,0.00000,0.00000,-0.10579,0.04651,0.03473,0.00000,0.81090,0.05445,-5.00000,0.31511,-0.05594,0.00000,1.00000
1722031935.964691,194.000,200.000,67.000,192.000,246.000,67.000,198.000,278.000,66.000, 0.126, 0.104,-2.000,46.000,-2.000,46.000,-15.823,363.935,57.848,308.523,710.291,-534.246,66.0000,319.991,239.901,107.214,62.704,464.007, 2.211,-2.211,-0.140,-0.108,-4.104, 0.837,0.00000,0.00000,-0.10828,0.04498,0.03270,0.00000,0.83729,0.06982,-5.00000,-0.89648,-0.05594,0.00000,0.00000
1722031936.0618129,192.000,246.000,67.000,198.000,278.000,66.000,206.000,304.000,66.000, 0.104, 0.097, 6.000,32.000, 6.000,32.000,57.848,308.523,82.416,267.851,253.093,-419.006,66.0000,319.590,241.757,106.933,63.589,463.842, 2.208,-2.206,-0.203,-0.183,-5.792,-0.719,0.00000,0.00000,-0.18298,0.04603,0.05207,0.00000,-0.71868,0.04700,-5.00000,0.79178,-0.05594,0.00000,-1.00000
1722031936.161508,198.000,278.000,66.000,206.000,304.000,66.000,218.000,318.000,65.000, 0.097, 0.100, 8.000,26.000, 8.000,26.000,82.416,267.851,120.306,140.357,379.869,-1278.188,65.0000,319.465,241.036,106.481,63.636,461.796, 2.200,-2.192,-0.223,-0.064,-6.944,-0.686,0.00000,0.00000,-0.06408,0.04429,0.05073,0.00000,-0.68585,0.03239,-5.00000,1.94446,-0.05594,0.00000,-1.00000
1722031936.259267,206.000,304.000,66.000,218.000,318.000,65.000,226.000,330.000,65.000, 0.100, 0.098,12.000,14.000,12.000,14.000,120.306,140.357,81.851,122.777,-393.445,-179.868,65.0000,319.281,241.147,106.446,63.698,464.316, 2.214,-2.203,-0.227,-0.009,-6.275,-1.478,0.00000,0.00000,-0.00880,0.04394,0.06284,0.00000,-1.47824,0.03928,-5.00000,1.27472,-0.05594,0.00000,-1.00000
1722031936.354124,218.000,318.000,65.000,226.000,330.000,65.000,232.000,336.000,65.000, 0.098, 0.095, 8.000,12.000, 8.000,12.000,81.851,122.777,63.237,63.237,-196.188,-627.521,65.0000,320.955,239.788,107.414,62.798,461.748, 2.197,-2.196,-0.209,-0.216,-6.603,-0.291,0.00000,0.00000,-0.21636,0.04691,0.04857,0.00000,-0.29054,0.03130,-5.00000,1.60264,-0.05594,0.00000,0.00000
1722031936.45329,226.000,330.000,65.000,232.000,336.000,65.000,234.000,334.000,66.000, 0.095, 0.099, 6.000, 6.000, 6.000, 6.000,63.237,63.237,20.173,-20.173,-434.362,-841.314,66.0000,321.678,239.271,107.251,63.099,464.108, 2.216,-2.200,-0.197, 0.186,-5.623,-0.611,0.00000,0.00000,0.18585,0.04096,0.05527,0.00000,-0.61134,0.04181,-5.00000,0.62298,-0.06461,1.00000,0.00000
1722031936.552279,232.000,336.000,65.000,234.000,334.000,66.000,228.000,328.000,66.000, 0.099, 0.099, 2.000,-2.000, 2.000,-2.000,20.173,-20.173,-60.615,-60.615,-816.154,-408.559,66.0000,322.546,238.507,107.797,62.622,465.338, 2.226,-2.213,-0.129, 0.242,-3.315, 0.677,0.00000,0.00000,0.24249,0.04131,0.03862,0.00000,0.67698,0.07025,-5.00000,-1.68457,-0.07095,2.00000,1.00000
1722031936.647657,234.000,334.000,66.000,228.000,328.000,66.000,220.000,318.000,66.000, 0.099, 0.095,-6.000,-6.000,-6.000,-6.000,-60.615,-60.615,-83.854,-104.817,-243.586,-463.319,66.0000,322.083,239.460,107.882,62.729,464.533, 2.216,-2.210,-0.153, 0.011,-4.305, 0.394,0.00000,0.00000,0.01051,0.04450,0.04301,0.00000,0.39432,0.05680,-5.00000,-0.69531,-0.06927,2.00000,0.00000
1722031936.7492878,228.000,328.000,66.000,220.000,318.000,66.000,208.000,304.000,65.000, 0.095, 0.102,-8.000,-10.000,-8.000,-10.000,-83.854,-104.817,-118.098,-137.780,-337.009,-324.407,65.0000,320.786,238.992,106.619,63.233,463.967, 2.220,-2.198,-0.151, 0.449,-4.464, 0.665,0.00000,0.00000,0.44901,0.03787,0.03815,0.00000,0.66462,0.05753,-5.00000,-0.53641,-0.05327,0.00000,1.00000
1722031936.851684,220.000,318.000,66.000,208.000,304.000,65.000,196.000,282.000,67.000, 0.102, 0.102,-12.000,-14.000,-12.000,-14.000,-118.098,-137.780,-117.184,-214.838, 8.920,-752.489,67.0000,318.367,240.411,106.738,62.718,464.067, 2.208,-2.213,-0.165,-0.283,-4.697, 0.156,0.00000,0.00000,-0.28325,0.04885,0.04410,0.00000,0.15553,0.05568,-5.00000,-0.30274,-0.05060,-1.00000,0.00000
1722031936.947785,208.000,304.000,65.000,196.000,282.000,67.000,190.000,258.000,66.000, 0.102, 0.096,-12.000,-22.000,-12.000,-22.000,-117.184,-214.838,-62.467,-249.869,569.669,-364.721,66.0000,317.742,239.671,105.878,62.973,461.672, 2.203,-2.196,-0.183,-0.019,-5.801, 0.254,0.00000,0.00000,-0.01921,0.04323,0.04170,0.00000,0.25374,0.04174,-5.00000,0.80055,-0.04427,-2.00000,0.00000
1722031937.046601,196.000,282.000,67.000,190.000,258.000,66.000,190.000,236.000,67.000, 0.096, 0.099,-6.000,-24.000,-6.000,-24.000,-62.467,-249.869, 0.000,-222.490,631.742,276.894,67.0000,318.575,240.724,105.924,63.700,461.573, 2.204,-2.191,-0.193, 0.137,-6.156, 0.078,0.00000,0.00000,0.13691,0.04192,0.04372,0.00000,0.07776,0.03700,-5.00000,1.15615,-0.05461,-1.00000,0.00000
1722031937.141116,190.000,258.000,66.000,190.000,236.000,67.000,196.000,206.000,66.000, 0.099, 0.094, 0.000,-22.000, 0.000,-22.000, 0.000,-222.490,63.543,-317.717,672.959,-1008.506,66.0000,320.620,239.745,107.068,63.056,462.990, 2.212,-2.203,-0.172, 0.058,-5.073, 0.140,0.00000,0.00000,0.05787,0.04339,0.04245,0.00000,0.14037,0.04984,-5.00000,0.07332,-0.05961,0.00000,0.00000
1722031937.2745469,190.000,236.000,67.000,196.000,206.000,66.000,206.000,184.000,66.000, 0.094, 0.133, 6.000,-30.000, 6.000,-30.000,63.543,-317.717,74.962,-164.916,85.596,1145.421,66.0000,320.886,240.314,107.057,63.434,463.918,-2.230, 2.217, 0.168, 0.170,-4.610,-0.042,0.00000,0.00000,0.17036,0.04161,0.04473,0.00000,-0.04239,0.05432,-5.00000,-0.38964,-0.05661,0.00000,0.00000
1722031937.382284,196.000,206.000,66.000,206.000,184.000,66.000,220.000,162.000,67.000, 0.133, 0.108,10.000,-22.000,10.000,-22.000,74.962,-164.916,129.868,-204.078,509.323,-363.276,67.0000,320.351,240.558,107.191,63.176,464.390,-2.224, 2.219, 0.177,-0.060,-4.760,-0.341,0.00000,0.00000,-0.05979,0.04497,0.04858,0.00000,-0.34125,0.05238,-5.00000,-0.23991,-0.05661,0.00000,0.00000
1722031937.513731,206.000,184.000,66.000,220.000,162.000,67.000,236.000,144.000,66.000, 0.108, 0.131,14.000,-22.000,14.000,-22.000,129.868,-204.078,121.791,-137.015,-61.482,510.482,66.0000,320.414,240.563,107.097,63.306,464.540,-2.223, 2.216, 0.180, 0.011,-4.754,-0.559,0.00000,0.00000,0.01144,0.04334,0.05176,0.00000,-0.55931,-0.08183,5.00000,9.75437,-0.05661,0.00000,0.00000
1722031937.6165361,220.000,162.000,67.000,236.000,144.000,66.000,242.000,138.000,67.000, 0.131, 0.103,16.000,-18.000,16.000,-18.000,121.791,-137.015,58.290,-58.290,-616.910,764.810,67.0000,322.242,239.468,107.322,63.378,465.523,-2.227, 2.206, 0.067, 0.522,-1.491, 2.051,0.00000,0.00000,0.52246,0.03665,0.01731,0.00000,2.05080,-0.04227,5.00000,6.49139,-0.07395,2.00000,0.00000
1722031937.744051,236.000,144.000,66.000,242.000,138.000,67.000,246.000,136.000,68.000, 0.103, 0.128, 6.000,-6.000, 6.000,-6.000,58.290,-58.290,31.369,-15.684,-211.125,334.123,68.0000,323.145,239.608,107.950,63.129,468.190,-2.210, 2.195, 0.039, 0.387, 0.049, 1.931,0.00000,0.00000,0.38730,0.03975,0.01874,0.00000,1.93145,-0.03934,5.00000,4.95120,-0.07794,3.00000,0.00000
1722031937.877745,242.000,138.000,67.000,246.000,136.000,68.000,252.000,138.000,67.000, 0.128, 0.134, 4.000,-2.000, 4.000,-2.000,31.369,-15.684,44.908,14.969,101.341,229.434,67.0000,327.592,239.822,109.333,63.474,470.349,-2.189, 2.169,-0.013, 0.564, 2.740, 1.904,0.00000,0.00000,0.56441,0.03676,0.01508,0.00000,1.90357,-0.01521,5.00000,2.25964,-0.11161,7.00000,0.00000
1722031938.004395,246.000,136.000,68.000,252.000,138.000,67.000,250.000,138.000,67.000, 0.134, 0.127, 6.000, 2.000, 6.000, 2.000,44.908,14.969,-15.797, 0.000,-479.466,-118.233,67.0000,326.507,240.811,108.858,63.847,472.024,-2.187, 2.167,-0.017, 0.600, 2.966, 1.890,0.00000,0.00000,0.59959,0.03654,0.01142,0.00000,1.88966,-0.02073,5.00000,2.03436,-0.09559,6.00000,0.00000
1722031938.116182,252.000,138.000,67.000,250.000,138.000,67.000,252.000,140.000,66.000, 0.127, 0.112,-2.000, 0.000,-2.000, 0.000,-15.797, 0.000,17.871,17.871,300.826,159.679,66.0000,323.838,241.932,108.368,63.583,473.510,-2.175, 2.166, 0.069, 0.285, 1.055,-0.729,0.00000,0.00000,0.28512,0.04059,0.04298,0.00000,-0.72885,-0.05093,5.00000,3.94503,-0.07659,3.00000,-1.00000
1722031938.2403672,250.000,138.000,67.000,252.000,140.000,66.000,246.000,140.000,69.000, 0.112, 0.124, 2.000, 2.000, 2.000, 2.000,17.871,17.871,-48.373, 0.000,-534.069,-144.076,69.0000,322.400,241.345,107.670,63.226,474.979,-2.163, 2.157, 0.026, 0.275, 2.825,-0.209,0.00000,0.00000,0.27503,0.03964,0.03349,0.00000,-0.20921,-0.03204,5.00000,2.17505,-0.07892,2.00000,-1.00000
1722031938.37313,252.000,140.000,66.000,246.000,140.000,69.000,250.000,138.000,68.000, 0.124, 0.133,-6.000, 0.000,-6.000, 0.000,-48.373, 0.000,30.125,-15.063,591.195,-113.441,68.0000,322.912,241.139,107.856,63.360,473.639,-2.174, 2.166,-0.002, 0.295, 2.986, 1.082,0.00000,0.00000,0.29468,0.03920,0.01725,0.00000,1.08222,-0.03688,5.00000,2.01417,-0.08326,2.00000,-1.00000
1722031938.4988842,246.000,140.000,69.000,250.000,138.000,68.000,248.000,138.000,68.000, 0.133, 0.126, 4.000,-2.000, 4.000,-2.000,30.125,-15.063,-15.888, 0.000,-365.514,119.654,68.0000,324.770,239.443,108.771,62.531,472.964,-2.172, 2.168,-0.004, 0.190, 3.046, 1.158,0.00000,0.00000,0.18972,0.04053,0.01601,0.00000,1.15775,-0.04033,5.00000,1.95384,-0.10193,4.00000,0.00000
1722031938.602447,250.000,138.000,68.000,248.000,138.000,68.000,252.000,136.000,67.000, 0.126, 0.104,-2.000, 0.000,-2.000, 0.000,-15.888, 0.000,38.647,-19.323,526.889,-186.695,67.0000,325.354,239.290,108.806,62.664,472.907,-2.174, 2.165,-0.008, 0.307, 3.198, 1.218,0.00000,0.00000,0.30670,0.03854,0.01300,0.00000,1.21768,-0.04227,5.00000,1.80210,-0.10726,5.00000,0.00000
1722031938.702079,248.000,138.000,68.000,252.000,136.000,67.000,254.000,136.000,66.000, 0.104, 0.100, 4.000,-2.000, 4.000,-2.000,38.647,-19.323,20.061, 0.000,-186.423,193.824,66.0000,324.185,239.342,108.273,62.792,472.615,-2.179, 2.168,-0.002, 0.365, 2.813, 1.283,0.00000,0.00000,0.36517,0.03795,0.00977,0.00000,1.28306,-0.05130,5.00000,2.18729,-0.09891,4.00000,0.00000
1722031938.799912,252.000,136.000,67.000,254.000,136.000,66.000,252.000,136.000,68.000, 0.100, 0.098, 2.000, 0.000, 2.000, 0.000,20.061, 0.000,-20.447, 0.000,-414.128, 0.000,68.0000,323.141,240.310,108.114,62.860,473.485,-2.172, 2.168,-0.002, 0.192, 2.978, 1.099,0.00000,0.00000,0.19161,0.04029,0.00979,0.00000,1.09949,-0.05286,5.00000,2.02166,-0.09591,3.00000,0.00000
1722031938.898592,254.000,136.000,66.000,252.000,136.000,68.000,254.000,134.000,68.000, 0.098, 0.099,-2.000, 0.000,-2.000, 0.000,-20.447, 0.000,20.264,-20.264,412.489,-205.320,68.0000,322.232,240.737,107.923,62.796,473.850,-2.166, 2.168,-0.008, 0.051, 3.311, 1.085,0.00000,0.00000,0.05097,0.04157,0.00752,0.00000,1.08452,-0.05266,5.00000,1.68925,-0.09224,2.00000,0.00000
1722031939.040569,252.000,136.000,68.000,254.000,134.000,68.000,258.000,132.000,67.000, 0.099, 0.142, 2.000,-2.000, 2.000,-2.000,20.264,-20.264,28.173,-14.087,55.705,43.511,67.0000,323.518,241.046,108.631,62.776,473.627,-2.165, 2.171,-0.034,-0.096, 3.936, 1.853,0.00000,0.00000,-0.09628,0.04311,-0.00504,0.00000,1.85257,-0.04810,5.00000,1.06428,-0.10525,3.00000,-1.00000
1722031939.163101,254.000,134.000,68.000,258.000,132.000,67.000,260.000,134.000,70.000, 0.142, 0.123, 4.000,-2.000, 4.000,-2.000,28.173,-14.087,16.324,16.324,-96.712,248.218,70.0000,323.999,242.148,108.719,62.953,477.046,-2.148, 2.154, 0.010,-0.008, 3.772,-0.294,0.00000,0.00000,-0.00810,0.04153,0.02139,0.00000,-0.29386,-0.05337,5.00000,1.22797,-0.10424,3.00000,-2.00000
1722031939.2629309,258.000,132.000,67.000,260.000,134.000,70.000,264.000,132.000,69.000, 0.123, 0.100, 2.000, 2.000, 2.000, 2.000,16.324,16.324,40.063,-20.032,237.765,-364.134,69.0000,323.528,241.947,108.413,63.100,476.187,-2.156, 2.156, 0.022, 0.098, 3.158,-0.345,0.00000,0.00000,0.09820,0.04036,0.01944,0.00000,-0.34508,-0.06386,5.00000,1.84181,-0.10624,3.00000,-1.00000
1722031939.359235,260.000,134.000,70.000,264.000,132.000,69.000,268.000,130.000,68.000, 0.100, 0.096, 4.000,-2.000, 4.000,-2.000,40.063,-20.032,41.535,-20.767,15.279,-7.640,68.0000,322.755,241.297,107.773,63.086,476.575,-2.156, 2.150, 0.021, 0.285, 3.334,-0.459,0.00000,0.00000,0.28509,0.03811,0.02160,0.00000,-0.45931,-0.06425,5.00000,1.66590,-0.09957,2.00000,-1.00000
1722031939.4545999,264.000,132.000,69.000,268.000,130.000,68.000,272.000,126.000,68.000, 0.096, 0.095, 4.000,-2.000, 4.000,-2.000,41.535,-20.767,41.944,-41.944, 4.291,-222.058,68.0000,323.653,239.838,108.739,61.958,476.371,-2.153, 2.161, 0.015,-0.073, 3.313,-0.082,0.00000,0.00000,-0.07338,0.04337,0.01725,0.00000,-0.08224,-0.06813,5.00000,1.68727,-0.11258,3.00000,0.00000
1722031939.559998,268.000,130.000,68.000,272.000,126.000,68.000,278.000,122.000,67.000, 0.095, 0.105, 4.000,-4.000, 4.000,-4.000,41.944,-41.944,56.927,-37.951,142.158,37.881,67.0000,323.244,240.402,109.258,61.580,476.164,-2.151, 2.172, 0.029,-0.461, 2.691,-0.219,0.00000,0.00000,-0.46137,0.04756,0.01983,0.00000,-0.21872,-0.07987,5.00000,2.30948,-0.11157,3.00000,0.00000
1722031939.653973,272.000,126.000,68.000,278.000,122.000,67.000,284.000,118.000,68.000, 0.105, 0.094, 6.000,-4.000, 6.000,-4.000,56.927,-37.951,63.848,-42.565,73.642,-49.095,68.0000,323.801,239.029,109.579,61.211,473.061,-2.164, 2.187,-0.022,-0.553, 3.192, 1.982,0.00000,0.00000,-0.55343,0.04787,-0.00965,0.00000,1.98211,-0.07678,5.00000,1.80811,-0.11357,3.00000,0.00000
1722031939.754467,278.000,122.000,67.000,284.000,118.000,68.000,296.000,118.000,67.000, 0.094, 0.100, 6.000,-4.000, 6.000,-4.000,63.848,-42.565,119.541, 0.000,554.804,424.022,67.0000,323.520,240.497,109.522,61.759,473.560,-2.164, 2.188,-0.020,-0.573, 3.109, 1.962,0.00000,0.00000,-0.57308,0.04814,-0.01004,0.00000,1.96249,-0.08227,5.00000,1.89127,-0.11557,3.00000,0.00000
1722031939.852211,284.000,118.000,68.000,296.000,118.000,67.000,314.000,114.000,68.000, 0.100, 0.098,12.000, 0.000,12.000, 0.000,119.541, 0.000,183.944,-40.876,658.137,-417.719,68.0000,323.592,240.093,109.368,61.828,472.772,-2.169, 2.189,-0.034,-0.475, 3.312, 2.481,0.00000,0.00000,-0.47501,0.04704,-0.02099,0.00000,2.48099,-0.08318,5.00000,1.68804,-0.11756,3.00000,0.00000
1722031939.951493,296.000,118.000,67.000,314.000,114.000,68.000,338.000,116.000,68.000, 0.098, 0.099,18.000,-4.000,18.000,-4.000,183.944,-40.876,241.974,20.165,585.082,615.431,68.0000,323.327,241.235,108.708,62.256,477.704,-2.143, 2.156, 0.003,-0.186, 4.043,-0.176,0.00000,0.00000,-0.18640,0.04368,0.01069,0.00000,-0.17556,-0.07699,5.00000,0.95683,-0.11956,3.00000,-1.00000
1722031940.050108,314.000,114.000,68.000,338.000,116.000,68.000,366.000,120.000,68.000, 0.099, 0.099,24.000, 2.000,24.000, 2.000,241.974,20.165,284.054,40.579,426.883,207.101,68.0000,322.298,242.063,108.535,62.281,478.174,-2.139, 2.156, 0.021,-0.323, 3.687,-0.792,0.00000,0.00000,-0.32260,0.04648,0.01537,0.00000,-0.79180,-0.08481,5.00000,1.31339,-0.11289,2.00000,-2.00000
1722031940.1481228,338.000,116.000,68.000,366.000,120.000,68.000,394.000,134.000,68.000, 0.099, 0.098,28.000, 4.000,28.000, 4.000,284.054,40.579,285.312,142.656,12.826,1040.137,68.0000,322.526,242.278,108.637,62.427,478.558,-2.143, 2.158, 0.030,-0.280, 3.281,-0.831,0.00000,0.00000,-0.27977,0.04565,0.01656,0.00000,-0.83125,-0.09238,5.00000,1.71950,-0.11723,2.00000,-2.00000
1722031940.25566,366.000,120.000,68.000,394.000,134.000,68.000,424.000,158.000,67.000, 0.098, 0.108,28.000,14.000,28.000,14.000,285.312,142.656,278.932,223.146,-59.320,748.372,67.0000,323.288,240.845,108.959,61.966,477.339,-2.148, 2.164, 0.004,-0.308, 3.634, 0.162,0.00000,0.00000,-0.30803,0.04630,0.00475,0.00000,0.16216,-0.09044,5.00000,1.36620,-0.12723,3.00000,0.00000
1722031940.350986,394.000,134.000,68.000,424.000,158.000,67.000,446.000,188.000,68.000, 0.108, 0.095,30.000,24.000,30.000,24.000,278.932,223.146,230.792,314.716,-505.020,960.620,68.0000,323.577,238.995,108.979,61.459,475.910,-2.157, 2.170,-0.025,-0.270, 3.980, 1.336,0.00000,0.00000,-0.26993,0.04585,-0.00992,0.00000,1.33561,-0.08903,5.00000,1.02040,-0.12622,3.00000,1.00000
1722031940.4526982,424.000,158.000,67.000,446.000,188.000,68.000,458.000,226.000,67.000, 0.095, 0.102,22.000,30.000,22.000,30.000,230.792,314.716,118.073,373.898,-1109.086,582.322,67.0000,323.895,238.285,109.115,61.016,476.573,-2.147, 2.165,-0.045,-0.361, 4.924, 1.489,0.00000,0.00000,-0.36052,0.04733,-0.01290,0.00000,1.48915,-0.07884,5.00000,0.07620,-0.12822,3.00000,1.00000
1722031940.5472908,446.000,188.000,68.000,458.000,226.000,67.000,456.000,264.000,67.000, 0.102, 0.095,12.000,38.000,12.000,38.000,118.073,373.898,-21.125,401.373,-1470.272,290.197,67.0000,323.323,239.154,108.841,61.477,476.115,-2.152, 2.167,-0.030,-0.293, 4.368, 1.232,0.00000,0.00000,-0.29273,0.04632,-0.01218,0.00000,1.23245,-0.08791,5.00000,0.63191,-0.13022,3.00000,0.00000
1722031940.646401,458.000,226.000,67.000,456.000,264.000,67.000,442.000,302.000,67.000, 0.095, 0.099,-2.000,38.000,-2.000,38.000,-21.125,401.373,-141.320,383.583,-1213.282,-179.580,67.0000,321.622,240.648,108.428,61.638,477.130,-2.141, 2.164,-0.010,-0.477, 4.253, 0.317,0.00000,0.00000,-0.47747,0.04916,-0.00267,0.00000,0.31685,-0.08989,5.00000,0.74691,-0.11488,1.00000,0.00000
1722031940.743552,456.000,264.000,67.000,442.000,302.000,67.000,418.000,334.000,67.000, 0.099, 0.097,-14.000,38.000,-14.000,38.000,-141.320,383.583,-247.028,329.370,-1088.032,-557.998,67.0000,320.797,242.012,108.045,62.213,477.953,-2.141, 2.161, 0.017,-0.391, 3.577,-0.443,0.00000,0.00000,-0.39146,0.04769,0.00559,0.00000,-0.44349,-0.10034,5.00000,1.42300,-0.11288,0.00000,-2.00000
1722031940.845841,442.000,302.000,67.000,418.000,334.000,67.000,388.000,358.000,66.000, 0.097, 0.102,-24.000,32.000,-24.000,32.000,-247.028,329.370,-293.408,234.726,-453.610,-925.643,66.0000,320.528,241.663,107.616,62.102,479.906,-2.134, 2.148, 0.035,-0.197, 3.680,-1.526,0.00000,0.00000,-0.19668,0.04551,0.01995,0.00000,-1.52624,-0.10078,5.00000,1.32043,-0.11588,0.00000,-1.00000
1722031940.942859,418.000,334.000,67.000,388.000,358.000,66.000,360.000,370.000,65.000, 0.102, 0.097,-30.000,24.000,-30.000,24.000,-293.408,234.726,-288.359,123.582,51.996,-1144.619,65.0000,322.049,241.811,108.560,62.057,478.635,-2.139, 2.158, 0.024,-0.381, 3.552,-0.809,0.00000,0.00000,-0.38077,0.04868,0.01169,0.00000,-0.80901,-0.10530,5.00000,1.44831,-0.13322,2.00000,-1.00000
1722031941.0421891,388.000,358.000,66.000,360.000,370.000,65.000,334.000,370.000,65.000, 0.097, 0.099,-28.000,12.000,-28.000,12.000,-288.359,123.582,-261.793, 0.000,267.487,-1244.349,65.0000,323.524,239.812,108.402,62.171,477.353,-2.155, 2.155, 0.009, 0.105, 3.555,-0.054,0.00000,0.00000,0.10480,0.04176,0.00419,0.00000,-0.05383,-0.10796,5.00000,1.44537,-0.13722,3.00000,0.00000
1722031941.1359959,360.000,370.000,65.000,334.000,370.000,65.000,316.000,368.000,64.000, 0.099, 0.094,-26.000, 0.000,-26.000, 0.000,-261.793, 0.000,-192.193,-21.355,743.154,-228.012,64.0000,323.885,239.130,108.353,62.298,474.978,-2.165, 2.162,-0.039, 0.156, 4.352, 1.705,0.00000,0.00000,0.15556,0.04248,-0.01832,0.00000,1.70550,-0.10009,5.00000,0.64802,-0.13621,3.00000,0.00000
1722031941.2337961,334.000,370.000,65.000,316.000,368.000,64.000,308.000,370.000,66.000, 0.094, 0.098,-18.000,-2.000,-18.000,-2.000,-192.193,-21.355,-81.661,20.415,1128.266,426.374,66.0000,322.626,238.742,108.117,61.737,475.269,-2.154, 2.161,-0.051,-0.099, 5.015, 1.710,0.00000,0.00000,-0.09857,0.04599,-0.01914,0.00000,1.70951,-0.09363,5.00000,-0.01517,-0.12954,2.00000,1.00000
1722031941.337739,316.000,368.000,64.000,308.000,370.000,66.000,312.000,370.000,66.000, 0.098, 0.104,-8.000, 2.000,-8.000, 2.000,-81.661,20.415,38.550, 0.000,1158.524,-196.751,66.0000,321.958,240.066,107.992,62.110,476.064,-2.153, 2.162,-0.022,-0.117, 4.260, 0.924,0.00000,0.00000,-0.11662,0.04552,-0.01194,0.00000,0.92356,-0.10479,5.00000,0.74036,-0.12521,1.00000,0.00000
1722031941.437908,308.000,370.000,66.000,312.000,370.000,66.000,318.000,372.000,66.000, 0.104, 0.100, 4.000, 0.000, 4.000, 0.000,38.550, 0.000,59.791,19.930,211.678,198.611,66.0000,321.214,240.387,107.855,61.814,477.572,-2.139, 2.155,-0.020,-0.278, 4.798, 0.267,0.00000,0.00000,-0.27776,0.04770,-0.00610,0.00000,0.26713,-0.09787,5.00000,0.20200,-0.12888,1.00000,0.00000
1722031941.537885,312.000,370.000,66.000,318.000,372.000,66.000,336.000,372.000,64.000, 0.100, 0.100, 6.000, 2.000, 6.000, 2.000,59.791,19.930,180.056, 0.000,1203.013,-199.366,64.0000,320.351,242.388,107.663,62.505,478.317,-2.140, 2.158,-0.001,-0.312, 4.181,-0.127,0.00000,0.00000,-0.31179,0.04781,-0.00231,0.00000,-0.12653,-0.10741,5.00000,0.81873,-0.12087,0.00000,-2.00000
1722031941.6345952,318.000,372.000,66.000,336.000,372.000,64.000,362.000,368.000,65.000, 0.100, 0.097,18.000, 0.000,18.000, 0.000,180.056, 0.000,269.132,-41.405,922.047,-428.591,65.0000,321.692,241.791,108.371,61.718,480.827,-2.124, 2.147, 0.018,-0.424, 4.463,-1.365,0.00000,0.00000,-0.42352,0.04937,0.01407,0.00000,-1.36512,-0.10431,5.00000,0.53681,-0.13255,1.00000,-1.00000
1722031941.7328892,336.000,372.000,64.000,362.000,368.000,65.000,390.000,356.000,66.000, 0.097, 0.098,26.000,-4.000,26.000,-4.000,269.132,-41.405,284.530,-121.941,156.471,-818.393,66.0000,321.294,241.916,107.827,62.165,480.929,-2.129, 2.144, 0.012,-0.189, 4.561,-1.209,0.00000,0.00000,-0.18899,0.04608,0.01283,0.00000,-1.20867,-0.10448,5.00000,0.43860,-0.13021,1.00000,-1.00000
1722031941.83818,362.000,368.000,65.000,390.000,356.000,66.000,416.000,336.000,65.000, 0.098, 0.105,28.000,-12.000,28.000,-12.000,284.530,-121.941,246.933,-189.948,-357.075,-645.890,65.0000,323.731,240.537,108.726,61.779,480.706,-2.133, 2.145, 0.000,-0.122, 4.736,-0.751,0.00000,0.00000,-0.12160,0.04597,0.00930,0.00000,-0.75086,-0.10315,5.00000,0.26376,-0.14821,3.00000,0.00000
1722031941.93239,390.000,356.000,66.000,416.000,336.000,65.000,440.000,306.000,65.000, 0.105, 0.094,26.000,-20.000,26.000,-20.000,246.933,-189.948,254.815,-318.518,83.686,-1365.066,65.0000,322.437,239.192,107.800,61.899,478.111,-2.147, 2.149,-0.023, 0.096, 4.790, 0.409,0.00000,0.00000,0.09635,0.04329,-0.00417,0.00000,0.40896,-0.10321,5.00000,0.20995,-0.13553,2.00000,0.00000
1722031942.031229,416.000,336.000,65.000,440.000,306.000,65.000,450.000,270.000,62.000, 0.094, 0.099,24.000,-30.000,24.000,-30.000,254.815,-318.518,101.259,-364.531,-1554.888,-465.917,62.0000,322.592,238.724,108.351,61.304,477.291,-2.145, 2.158,-0.034,-0.226, 4.917, 0.905,0.00000,0.00000,-0.22577,0.04825,-0.00994,0.00000,0.90451,-0.10200,5.00000,0.08345,-0.13987,2.00000,1.00000
1722031942.132092,440.000,306.000,65.000,450.000,270.000,62.000,454.000,238.000,67.000, 0.099, 0.101,10.000,-36.000,10.000,-36.000,101.259,-364.531,39.617,-316.938,-610.516,471.372,67.0000,320.811,238.686,107.865,61.305,475.218,-2.155, 2.171,-0.045,-0.353, 4.513, 1.864,0.00000,0.00000,-0.35292,0.04911,-0.02395,0.00000,1.86417,-0.10781,5.00000,0.48726,-0.12386,0.00000,1.00000
1722031942.229238,450.000,270.000,62.000,454.000,238.000,67.000,444.000,204.000,64.000, 0.101, 0.097, 4.000,-32.000, 4.000,-32.000,39.617,-316.938,-102.937,-349.985,-1467.406,-340.172,64.0000,321.170,239.190,107.872,61.417,477.072,-2.144, 2.161,-0.062,-0.359, 5.577, 1.735,0.00000,0.00000,-0.35920,0.04899,-0.02449,0.00000,1.73491,-0.09381,5.00000,-0.57691,-0.13854,1.00000,0.00000
1722031942.335972,454.000,238.000,67.000,444.000,204.000,64.000,434.000,178.000,65.000, 0.097, 0.107,-10.000,-34.000,-10.000,-34.000,-102.937,-349.985,-93.874,-244.072,85.079,994.250,65.0000,320.271,240.311,107.453,61.919,477.057,-2.144, 2.160,-0.055,-0.321, 5.437, 1.530,0.00000,0.00000,-0.32052,0.04863,-0.02538,0.00000,1.52978,-0.09614,5.00000,-0.43737,-0.12753,0.00000,0.00000
1722031942.431992,444.000,204.000,64.000,434.000,178.000,65.000,418.000,156.000,66.000, 0.107, 0.096,-10.000,-26.000,-10.000,-26.000,-93.874,-244.072,-166.421,-228.829,-754.585,158.546,66.0000,321.762,242.545,108.205,62.337,480.016,-2.129, 2.149,-0.012,-0.357, 5.072,-0.380,0.00000,0.00000,-0.35674,0.04939,-0.00296,0.00000,-0.38033,-0.09999,5.00000,-0.07169,-0.13921,1.00000,-2.00000
1722031942.528478,434.000,178.000,65.000,418.000,156.000,66.000,410.000,146.000,69.000, 0.096, 0.097,-16.000,-22.000,-16.000,-22.000,-166.421,-228.829,-82.890,-103.613,865.484,1297.397,69.0000,320.235,241.708,107.593,62.038,480.134,-2.133, 2.151, 0.014,-0.286, 4.190,-0.899,0.00000,0.00000,-0.28610,0.04851,0.00193,0.00000,-0.89885,-0.11120,5.00000,0.80983,-0.12820,0.00000,-1.00000
1722031942.6231139,418.000,156.000,66.000,410.000,146.000,69.000,400.000,140.000,67.000, 0.097, 0.095,-8.000,-10.000,-8.000,-10.000,-82.890,-103.613,-105.711,-63.427,-241.245,424.813,67.0000,321.493,241.939,107.510,62.854,479.441,-2.145, 2.147, 0.012, 0.109, 4.013,-0.653,0.00000,0.00000,0.10908,0.04353,-0.00037,0.00000,-0.65285,-0.11388,5.00000,0.98659,-0.13987,1.00000,-1.00000
1722031942.723677,410.000,146.000,69.000,400.000,140.000,67.000,400.000,136.000,67.000, 0.095, 0.101,-10.000,-6.000,-10.000,-6.000,-105.711,-63.427, 0.000,-39.759,1050.748,235.253,67.0000,321.070,239.797,107.932,61.266,479.003,-2.131, 2.152,-0.021,-0.385, 5.146, 0.015,0.00000,0.00000,-0.38492,0.05133,-0.00771,0.00000,0.01454,-0.10030,5.00000,-0.14569,-0.13753,1.00000,0.00000
1722031942.830081,400.000,140.000,67.000,400.000,136.000,67.000,406.000,140.000,68.000, 0.101, 0.106, 0.000,-4.000, 0.000,-4.000, 0.000,-39.759,56.360,37.573,529.411,726.412,68.0000,322.604,240.734,108.506,61.589,480.367,-2.128, 2.147,-0.004,-0.308, 4.916,-0.683,0.00000,0.00000,-0.30772,0.04899,0.00268,0.00000,-0.68305,-0.10482,5.00000,0.08425,-0.14687,2.00000,0.00000
1722031942.927999,400.000,136.000,67.000,406.000,140.000,68.000,416.000,148.000,68.000, 0.106, 0.098, 6.000, 4.000, 6.000, 4.000,56.360,37.573,102.181,81.745,468.198,451.344,68.0000,321.856,239.548,108.607,60.884,478.836,-2.131, 2.159,-0.026,-0.592, 5.105, 0.324,0.00000,0.00000,-0.59213,0.05322,-0.01060,0.00000,0.32423,-0.10209,5.00000,-0.10464,-0.13653,1.00000,0.00000
1722031943.026019,406.000,140.000,68.000,416.000,148.000,68.000,428.000,164.000,67.000, 0.098, 0.098,10.000, 8.000,10.000, 8.000,102.181,81.745,122.464,163.285,206.999,832.153,67.0000,320.662,238.658,107.284,61.464,478.240,-2.145, 2.153,-0.046,-0.091, 5.365, 1.083,0.00000,0.00000,-0.09063,0.04589,-0.01998,0.00000,1.08278,-0.09864,5.00000,-0.36533,-0.13153,0.00000,1.00000
1722031943.1253388,416.000,148.000,68.000,428.000,164.000,67.000,440.000,184.000,67.000, 0.098, 0.099,12.000,16.000,12.000,16.000,122.464,163.285,120.717,201.195,-17.575,381.361,67.0000,320.128,239.413,107.476,61.407,477.744,-2.141, 2.160,-0.047,-0.354, 5.321, 1.225,0.00000,0.00000,-0.35360,0.05099,-0.02292,0.00000,1.22510,-0.09891,5.00000,-0.32095,-0.13453,0.00000,0.00000
1722031943.22869,428.000,164.000,67.000,440.000,184.000,67.000,450.000,212.000,67.000, 0.099, 0.103,12.000,20.000,12.000,20.000,120.717,201.195,96.872,271.241,-230.992,678.553,67.0000,320.668,239.806,107.690,61.423,478.963,-2.136, 2.154,-0.026,-0.320, 5.086, 0.319,0.00000,0.00000,-0.32047,0.04993,-0.01293,0.00000,0.31921,-0.10138,5.00000,-0.08552,-0.13453,0.00000,0.00000
1722031943.360717,440.000,184.000,67.000,450.000,212.000,67.000,454.000,254.000,66.000, 0.103, 0.132,10.000,28.000,10.000,28.000,96.872,271.241,30.310,318.257,-504.375,356.259,66.0000,320.901,240.806,107.781,61.443,481.800,-2.121, 2.143,-0.028,-0.382, 5.873,-0.356,0.00000,0.00000,-0.38223,0.05103,-0.00580,0.00000,-0.35642,-0.09022,5.00000,-0.87337,-0.13453,0.00000,0.00000
1722031943.483451,450.000,212.000,67.000,454.000,254.000,66.000,442.000,300.000,66.000, 0.132, 0.123, 4.000,42.000, 4.000,42.000,30.310,318.257,-97.675,374.422,-1041.753,457.168,66.0000,321.050,241.832,107.678,62.126,481.655,-2.128, 2.142, 0.015,-0.148, 4.562,-1.353,0.00000,0.00000,-0.14823,0.04787,0.00735,0.00000,-1.35298,-0.10736,5.00000,0.43832,-0.14320,1.00000,-1.00000
1722031943.593964,454.000,254.000,66.000,442.000,300.000,66.000,422.000,332.000,67.000, 0.123, 0.111,-12.000,46.000,-12.000,46.000,-97.675,374.422,-180.907,289.451,-752.855,-768.597,67.0000,321.217,241.555,107.874,62.113,480.148,-2.135, 2.150, 0.004,-0.220, 4.425,-0.630,0.00000,0.00000,-0.21991,0.04962,-0.00121,0.00000,-0.62995,-0.10811,5.00000,0.57512,-0.14086,1.00000,-1.00000
1722031943.72574,442.000,300.000,66.000,422.000,332.000,67.000,386.000,360.000,66.000, 0.111, 0.132,-20.000,32.000,-20.000,32.000,-180.907,289.451,-273.200,212.489,-700.399,-584.057,66.0000,321.210,241.501,107.476,62.078,482.139,-2.125, 2.133, 0.027, 0.008, 4.562,-2.038,0.00000,0.00000,0.00773,0.04644,0.02015,0.00000,-2.03811,-0.10721,5.00000,0.43804,-0.14153,1.00000,-1.00000
1722031943.8466911,422.000,332.000,67.000,386.000,360.000,66.000,356.000,368.000,65.000, 0.132, 0.121,-36.000,28.000,-36.000,28.000,-273.200,212.489,-248.229,66.194,206.612,-1210.482,65.0000,321.270,239.814,107.523,61.666,480.154,-2.135, 2.143, 0.005,-0.016, 4.624,-0.866,0.00000,0.00000,-0.01553,0.04743,0.00628,0.00000,-0.86621,-0.10745,5.00000,0.37623,-0.14220,1.00000,0.00000
1722031943.9485052,386.000,360.000,66.000,356.000,368.000,65.000,340.000,368.000,65.000, 0.121, 0.102,-30.000, 8.000,-30.000, 8.000,-248.229,66.194,-156.996, 0.000,895.202,-649.518,65.0000,320.874,238.533,107.291,61.448,478.466,-2.144, 2.150,-0.034,-0.021, 5.148, 0.654,0.00000,0.00000,-0.02116,0.04744,-0.01074,0.00000,0.65363,-0.10122,5.00000,-0.14796,-0.13419,0.00000,1.00000
1722031944.078999,356.000,368.000,65.000,340.000,368.000,65.000,330.000,366.000,68.000, 0.102, 0.130,-16.000, 0.000,-16.000, 0.000,-156.996, 0.000,-76.632,-15.326,615.848,-117.449,68.0000,321.138,238.114,107.356,61.441,476.683,-2.148, 2.153,-0.044,-0.026, 5.227, 1.120,0.00000,0.00000,-0.02556,0.04750,-0.01606,0.00000,1.11951,-0.10065,5.00000,-0.22702,-0.14587,1.00000,1.00000
1722031944.216547,340.000,368.000,65.000,330.000,366.000,68.000,342.000,364.000,66.000, 0.130, 0.138,-10.000,-2.000,-10.000,-2.000,-76.632,-15.326,87.269,-14.545,1191.954, 5.684,66.0000,320.913,239.487,107.649,61.359,479.150,-2.134, 2.150,-0.017,-0.232, 5.026,-0.084,0.00000,0.00000,-0.23236,0.05029,-0.00134,0.00000,-0.08439,-0.10302,5.00000,-0.02625,-0.13486,0.00000,0.00000
1722031944.317033,330.000,366.000,68.000,342.000,364.000,66.000,358.000,366.000,65.000, 0.138, 0.101,12.000,-2.000,12.000,-2.000,87.269,-14.545,159.160,19.895,715.131,342.589,65.0000,320.488,240.499,107.609,61.679,479.076,-2.134, 2.152,-0.013,-0.300, 4.845,-0.103,0.00000,0.00000,-0.29964,0.05069,-0.00273,0.00000,-0.10279,-0.10511,5.00000,0.15499,-0.13786,0.00000,0.00000
1722031944.445596,342.000,364.000,66.000,358.000,366.000,65.000,384.000,356.000,63.000, 0.101, 0.129,16.000, 2.000,16.000, 2.000,159.160,19.895,202.299,-77.807,335.652,-760.192,63.0000,319.620,241.251,107.089,61.917,480.859,-2.129, 2.143, 0.012,-0.170, 4.582,-1.235,0.00000,0.00000,-0.16978,0.04889,0.01272,0.00000,-1.23455,-0.10870,5.00000,0.41779,-0.13786,0.00000,-1.00000
1722031944.576075,358.000,366.000,65.000,384.000,356.000,63.000,416.000,332.000,65.000, 0.129, 0.131,26.000,-10.000,26.000,-10.000,202.299,-77.807,245.173,-183.880,328.488,-812.691,65.0000,320.267,241.152,107.100,62.143,480.719,-2.132, 2.140, 0.010,-0.014, 4.642,-1.164,0.00000,0.00000,-0.01397,0.04726,0.01254,0.00000,-1.16428,-0.10834,5.00000,0.35821,-0.13786,0.00000,-1.00000
1722031944.7107918,384.000,356.000,63.000,416.000,332.000,65.000,434.000,306.000,62.000, 0.131, 0.135,32.000,-24.000,32.000,-24.000,245.173,-183.880,133.617,-193.003,-828.098,-67.721,62.0000,320.899,239.782,107.532,61.941,477.181,-2.150, 2.160,-0.045,-0.147, 4.976, 1.411,0.00000,0.00000,-0.14748,0.04954,-0.01980,0.00000,1.41146,-0.10462,5.00000,0.02356,-0.13786,0.00000,0.00000
1722031944.807154,416.000,332.000,65.000,434.000,306.000,62.000,448.000,276.000,64.000, 0.135, 0.096,18.000,-26.000,18.000,-26.000,133.617,-193.003,145.287,-311.330,121.106,-1227.955,64.0000,320.907,238.868,107.376,61.495,478.256,-2.141, 2.150,-0.036,-0.088, 5.278, 0.641,0.00000,0.00000,-0.08758,0.04840,-0.00835,0.00000,0.64138,-0.10111,5.00000,-0.27755,-0.13786,0.00000,1.00000
1722031944.938472,434.000,306.000,62.000,448.000,276.000,64.000,452.000,236.000,64.000, 0.096, 0.131,14.000,-30.000,14.000,-30.000,145.287,-311.330,30.461,-304.607,-874.422,51.196,64.0000,320.575,238.333,107.385,60.767,481.081,-2.125, 2.144,-0.061,-0.302, 6.598, 0.691,0.00000,0.00000,-0.30163,0.05151,-0.01146,0.00000,0.69125,-0.08318,5.00000,-1.59774,-0.13786,0.00000,1.00000
1722031945.069729,448.000,276.000,64.000,452.000,236.000,64.000,446.000,204.000,65.000, 0.131, 0.131, 4.000,-40.000, 4.000,-40.000,30.461,-304.607,-45.710,-243.787,-580.295,463.344,65.0000,320.225,240.028,108.124,60.827,479.313,-2.126, 2.160,-0.027,-0.728, 5.244, 0.264,0.00000,0.00000,-0.72807,0.05678,-0.00700,0.00000,0.26365,-0.10025,5.00000,-0.24410,-0.13786,0.00000,0.00000
1722031945.174753,452.000,236.000,64.000,446.000,204.000,65.000,440.000,184.000,66.000, 0.131, 0.105,-6.000,-32.000,-6.000,-32.000,-45.710,-243.787,-57.157,-190.523,-109.045,507.400,66.0000,319.398,240.874,107.328,61.841,478.200,-2.141, 2.160,-0.013,-0.368, 4.434, 0.298,0.00000,0.00000,-0.36782,0.05100,-0.00863,0.00000,0.29791,-0.10866,5.00000,0.56577,-0.13786,0.00000,0.00000
1722031945.303762,446.000,204.000,65.000,440.000,184.000,66.000,424.000,168.000,64.000, 0.105, 0.129,-6.000,-20.000,-6.000,-20.000,-57.157,-190.523,-124.097,-124.097,-519.187,515.208,64.0000,319.600,240.949,106.921,62.343,477.725,-2.144, 2.153,-0.022,-0.103, 4.778, 0.421,0.00000,0.00000,-0.10267,0.04868,-0.01083,0.00000,0.42065,-0.10394,5.00000,0.22248,-0.13786,0.00000,0.00000
1722031945.434752,440.000,184.000,66.000,424.000,168.000,64.000,422.000,158.000,66.000, 0.129, 0.131,-16.000,-16.000,-16.000,-16.000,-124.097,-124.097,-15.255,-76.273,830.169,364.766,66.0000,320.535,241.270,107.925,61.957,477.224,-2.141, 2.164,-0.042,-0.510, 5.073, 1.215,0.00000,0.00000,-0.51029,0.05503,-0.02221,0.00000,1.21485,-0.10091,5.00000,-0.07274,-0.13786,0.00000,-1.00000
1722031945.561177,424.000,168.000,64.000,422.000,158.000,66.000,422.000,160.000,67.000, 0.131, 0.126,-2.000,-10.000,-2.000,-10.000,-15.255,-76.273, 0.000,15.833,120.760,729.140,67.0000,320.970,241.274,107.803,61.950,479.360,-2.132, 2.151,-0.024,-0.333, 5.247, 0.052,0.00000,0.00000,-0.33312,0.05167,-0.00775,0.00000,0.05215,-0.09886,5.00000,-0.24664,-0.13786,0.00000,-1.00000
1722031945.669794,422.000,158.000,66.000,422.000,160.000,67.000,428.000,164.000,67.000, 0.126, 0.109, 0.000, 2.000, 0.000, 2.000, 0.000,15.833,55.183,36.788,507.518,192.731,67.0000,320.655,240.783,107.906,61.718,478.071,-2.137, 2.160,-0.038,-0.473, 5.174, 0.865,0.00000,0.00000,-0.47320,0.05426,-0.02056,0.00000,0.86452,-0.09961,5.00000,-0.17390,-0.13786,0.00000,0.00000
1722031945.798985,422.000,160.000,67.000,428.000,164.000,67.000,436.000,178.000,67.000, 0.109, 0.129, 6.000, 4.000, 6.000, 4.000,55.183,36.788,61.924,108.368,52.185,554.062,67.0000,320.315,240.603,107.714,61.450,480.080,-2.130, 2.152,-0.007,-0.399, 4.821,-0.434,0.00000,0.00000,-0.39853,0.05307,-0.00353,0.00000,-0.43444,-0.10392,5.00000,0.17854,-0.13786,0.00000,0.00000
1722031945.927396,428.000,164.000,67.000,436.000,178.000,67.000,448.000,202.000,68.000, 0.129, 0.128, 8.000,14.000, 8.000,14.000,61.924,108.368,93.532,187.063,246.356,613.376,68.0000,320.177,240.653,107.579,61.560,480.017,-2.131, 2.151,-0.010,-0.355, 4.891,-0.327,0.00000,0.00000,-0.35547,0.05291,-0.00606,0.00000,-0.32743,-0.10280,5.00000,0.10860,-0.13786,0.00000,0.00000
1722031946.060457,436.000,178.000,67.000,448.000,202.000,68.000,454.000,234.000,67.000, 0.128, 0.133,12.000,24.000,12.000,24.000,93.532,187.063,45.091,240.484,-364.038,401.465,67.0000,320.085,239.947,107.370,61.338,481.001,-2.126, 2.149,-0.077,-0.439, 6.825, 1.310,0.00000,0.00000,-0.43876,0.05434,-0.02735,0.00000,1.30994,-0.07702,5.00000,-1.82459,-0.13786,0.00000,0.00000
1722031946.163629,448.000,202.000,68.000,454.000,234.000,67.000,450.000,262.000,65.000, 0.133, 0.103, 6.000,32.000, 6.000,32.000,45.091,240.484,-38.738,271.168,-811.849,297.164,65.0000,320.617,240.986,107.419,61.916,480.723,-2.130, 2.143, 0.008,-0.122, 4.660,-1.072,0.00000,0.00000,-0.12150,0.05003,0.00464,0.00000,-1.07166,-0.10551,5.00000,0.34049,-0.13786,0.00000,0.00000
1722031946.293836,454.000,234.000,67.000,450.000,262.000,65.000,440.000,304.000,67.000, 0.103, 0.130,-4.000,28.000,-4.000,28.000,-38.738,271.168,-76.785,322.499,-292.146,394.144,67.0000,319.431,240.939,106.809,62.105,480.498,-2.137, 2.142, 0.041, 0.036, 3.587,-1.756,0.00000,0.00000,0.03581,0.04892,0.01244,0.00000,-1.75576,-0.11741,5.00000,1.41264,-0.13786,0.00000,0.00000
1722031946.425876,450.000,262.000,65.000,440.000,304.000,67.000,410.000,340.000,66.000, 0.130, 0.132,-10.000,42.000,-10.000,42.000,-76.785,322.499,-227.244,272.692,-1139.689,-377.273,66.0000,320.108,240.461,106.524,62.462,480.048,-2.141, 2.137, 0.001, 0.300, 4.676,-0.773,0.00000,0.00000,0.30008,0.04580,0.00166,0.00000,-0.77329,-0.10393,5.00000,0.32421,-0.13786,0.00000,0.00000
1722031946.5277598,440.000,304.000,67.000,410.000,340.000,66.000,386.000,356.000,66.000, 0.132, 0.102,-30.000,36.000,-30.000,36.000,-227.244,272.692,-235.665,157.110,-82.697,-1134.946,66.0000,320.668,239.897,107.368,61.764,478.577,-2.138, 2.149,-0.028,-0.143, 5.212, 0.280,0.00000,0.00000,-0.14289,0.05243,-0.00953,0.00000,0.27954,-0.09897,5.00000,-0.21225,-0.13786,0.00000,0.00000
1722031946.658963,410.000,340.000,66.000,386.000,356.000,66.000,364.000,364.000,64.000, 0.102, 0.131,-24.000,16.000,-24.000,16.000,-235.665,157.110,-167.765,61.005,517.788,-732.864,64.0000,321.085,239.083,107.248,61.866,478.205,-2.148, 2.151,-0.035, 0.073, 5.052, 0.814,0.00000,0.00000,0.07306,0.04826,-0.01573,0.00000,0.81449,-0.10151,5.00000,-0.05222,-0.14653,1.00000,0.00000
1722031946.788862,386.000,356.000,66.000,364.000,364.000,64.000,354.000,366.000,65.000, 0.131, 0.130,-22.000, 8.000,-22.000, 8.000,-167.765,61.005,-76.906,15.381,698.758,-350.876,65.0000,320.437,239.455,107.133,61.356,481.201,-2.127, 2.137, 0.005,-0.023, 4.979,-1.257,0.00000,0.00000,-0.02274,0.05016,0.01141,0.00000,-1.25703,-0.10215,5.00000,0.02059,-0.13552,0.00000,0.00000
1722031946.920599,364.000,364.000,64.000,354.000,366.000,65.000,356.000,368.000,65.000, 0.130, 0.132,-10.000, 2.000,-10.000, 2.000,-76.906,15.381,15.183,15.183,699.072,-1.506,65.0000,319.610,239.997,106.812,61.670,480.905,-2.132, 2.140, 0.007,-0.007, 4.709,-1.088,0.00000,0.00000,-0.00668,0.04967,0.00853,0.00000,-1.08831,-0.10573,5.00000,0.29108,-0.13853,0.00000,0.00000
1722031947.019316,354.000,366.000,65.000,356.000,368.000,65.000,366.000,366.000,65.000, 0.132, 0.099, 2.000, 2.000, 2.000, 2.000,15.183,15.183,101.337,-20.267,873.069,-359.243,65.0000,319.883,239.753,107.103,61.734,478.623,-2.143, 2.153,-0.015,-0.114, 4.620, 0.167,0.00000,0.00000,-0.11408,0.05117,-0.00598,0.00000,0.16654,-0.10711,5.00000,0.37964,-0.13853,0.00000,0.00000
1722031947.1471639,356.000,368.000,65.000,366.000,366.000,65.000,384.000,356.000,65.000, 0.099, 0.128,10.000,-2.000,10.000,-2.000,101.337,-20.267,140.741,-78.189,308.093,-452.887,65.0000,320.531,239.694,106.873,61.988,479.707,-2.139, 2.140,-0.012, 0.158, 5.013,-0.395,0.00000,0.00000,0.15848,0.04722,0.00315,0.00000,-0.39510,-0.10243,5.00000,-0.01318,-0.13853,0.00000,0.00000
1722031947.280352,366.000,366.000,65.000,384.000,356.000,65.000,412.000,336.000,64.000, 0.128, 0.133,18.000,-10.000,18.000,-10.000,140.741,-78.189,210.227,-150.162,521.712,-540.381,64.0000,320.686,239.733,107.352,61.705,479.465,-2.139, 2.148,-0.014,-0.072, 4.810,-0.075,0.00000,0.00000,-0.07159,0.05107,-0.00123,0.00000,-0.07455,-0.10574,5.00000,0.19039,-0.13853,0.00000,0.00000
1722031947.411318,384.000,356.000,65.000,412.000,336.000,64.000,436.000,304.000,64.000, 0.133, 0.131,28.000,-20.000,28.000,-20.000,210.227,-150.162,183.259,-244.346,-205.921,-719.168,64.0000,320.704,239.750,107.357,61.709,479.533,-2.139, 2.148,-0.014,-0.071, 4.834,-0.068,0.00000,0.00000,-0.07136,0.05041,-0.00068,0.00000,-0.06831,-0.10549,5.00000,0.16620,-0.13853,0.00000,0.00000
1722031947.530765,412.000,336.000,64.000,436.000,304.000,64.000,448.000,278.000,66.000, 0.131, 0.119,24.000,-32.000,24.000,-32.000,183.259,-244.346,100.592,-217.949,-692.974,221.275,66.0000,320.868,239.719,107.385,61.705,479.496,-2.138, 2.147,-0.021,-0.075, 5.105, 0.041,0.00000,0.00000,-0.07541,0.05050,-0.00201,0.00000,0.04059,-0.03470,0.00000,-5.10491,-0.13853,0.00000,0.00000
1722031947.6497128,436.000,304.000,64.000,448.000,278.000,66.000,452.000,242.000,66.000, 0.119, 0.119,12.000,-26.000,12.000,-26.000,100.592,-217.949,33.613,-302.518,-562.841,-710.657,66.0000,320.728,238.997,107.623,61.422,477.493,-2.147, 2.161,-0.050,-0.263, 5.163, 1.497,0.00000,0.00000,-0.26327,0.05306,-0.02159,0.00000,1.49742,-0.03162,0.00000,-5.16335,-0.13853,0.00000,1.00000
1722031947.781748,448.000,278.000,66.000,452.000,242.000,66.000,446.000,214.000,64.000, 0.119, 0.132, 4.000,-36.000, 4.000,-36.000,33.613,-302.518,-45.435,-212.030,-598.591,685.222,64.0000,318.523,239.377,106.249,62.120,477.389,-2.160, 2.158, 0.005, 0.164, 3.451, 0.289,0.00000,0.00000,0.16419,0.04686,-0.00608,0.00000,0.28897,-0.04451,0.00000,-3.45081,-0.12986,-1.00000,0.00000
1722031947.910611,452.000,242.000,66.000,446.000,214.000,64.000,434.000,190.000,68.000, 0.132, 0.129,-6.000,-28.000,-6.000,-28.000,-45.435,-212.030,-93.168,-186.337,-370.603,199.482,68.0000,316.329,240.388,105.694,62.123,477.012,-2.152, 2.156, 0.072,-0.012, 1.904,-1.707,0.00000,0.00000,-0.01215,0.05044,0.01847,0.00000,-1.70717,-0.05593,0.00000,-1.90393,-0.11486,-3.00000,0.00000
1722031948.041375,446.000,214.000,64.000,434.000,190.000,68.000,428.000,180.000,67.000, 0.129, 0.131,-12.000,-24.000,-12.000,-24.000,-93.168,-186.337,-45.833,-76.388,361.586,839.876,67.0000,314.892,240.918,105.418,62.313,475.125,-2.165, 2.174, 0.049,-0.194, 1.671,-0.240,0.00000,0.00000,-0.19366,0.05237,-0.00092,0.00000,-0.23980,-0.05295,0.00000,-1.67093,-0.10153,-5.00000,0.00000
1722031948.1705348,434.000,190.000,68.000,428.000,180.000,67.000,422.000,164.000,67.000, 0.131, 0.129,-6.000,-10.000,-6.000,-10.000,-45.833,-76.388,-46.453,-123.876,-4.803,-367.657,67.0000,317.497,240.966,106.660,62.167,474.694,-2.161, 2.175, 0.055,-0.302, 1.615,-0.499,0.00000,0.00000,-0.30223,0.05339,0.00526,0.00000,-0.49885,-0.05001,0.00000,-1.61526,-0.13021,-2.00000,0.00000
1722031948.270292,428.000,180.000,67.000,422.000,164.000,67.000,418.000,156.000,67.000, 0.129, 0.100,-6.000,-16.000,-6.000,-16.000,-46.453,-123.876,-40.102,-80.204,63.677,437.832,67.0000,318.658,240.569,106.482,62.646,475.120,-2.168, 2.167, 0.037, 0.104, 2.103,-0.079,0.00000,0.00000,0.10423,0.04772,0.00020,0.00000,-0.07920,-0.04012,0.00000,-2.10264,-0.12854,-1.00000,0.00000
1722031948.384973,422.000,164.000,67.000,418.000,156.000,67.000,416.000,152.000,68.000, 0.100, 0.114,-4.000,-8.000,-4.000,-8.000,-40.102,-80.204,-17.468,-34.936,197.683,395.366,68.0000,321.338,240.926,107.870,62.429,476.039,-2.160, 2.165, 0.049,-0.061, 2.073,-0.648,0.00000,0.00000,-0.06054,0.05112,0.00867,0.00000,-0.64814,-0.03705,0.00000,-2.07347,-0.14221,1.00000,0.00000
1722031948.516254,418.000,156.000,67.000,416.000,152.000,68.000,412.000,150.000,67.000, 0.114, 0.131,-2.000,-4.000,-2.000,-4.000,-17.468,-34.936,-30.472,-15.236,-99.061,150.072,67.0000,318.468,239.730,106.063,62.609,475.551,-2.171, 2.161, 0.060, 0.340, 1.528,-0.737,0.00000,0.00000,0.33991,0.04525,0.01031,0.00000,-0.73739,-0.04022,0.00000,-1.52837,-0.11953,-1.00000,0.00000
1722031948.634068,416.000,152.000,68.000,412.000,150.000,67.000,412.000,152.000,68.000, 0.131, 0.118,-4.000,-2.000,-4.000,-2.000,-30.472,-15.236, 0.000,16.948,258.209,272.714,68.0000,317.947,239.915,106.343,62.119,475.841,-2.161, 2.163, 0.060, 0.013, 1.785,-0.953,0.00000,0.00000,0.01301,0.05069,0.01457,0.00000,-0.95308,-0.03288,0.00000,-1.78489,-0.11620,-2.00000,0.00000
1722031948.733187,412.000,150.000,67.000,412.000,152.000,68.000,414.000,158.000,69.000, 0.118, 0.099, 0.000, 2.000, 0.000, 2.000, 0.000,16.948,20.177,60.530,203.551,439.679,69.0000,316.223,239.684,105.618,62.203,474.318,-2.171, 2.171, 0.071, 0.038, 0.968,-0.726,0.00000,0.00000,0.03771,0.04937,0.01309,0.00000,-0.72639,-0.04073,0.00000,-0.96819,-0.10920,-3.00000,0.00000
1722031948.83569,412.000,152.000,68.000,414.000,158.000,69.000,416.000,160.000,67.000, 0.099, 0.102, 2.000, 6.000, 2.000, 6.000,20.177,60.530,19.517,19.517,-6.435,-400.232,67.0000,317.977,239.770,106.488,62.130,474.058,-2.171, 2.175, 0.051,-0.056, 1.418,-0.084,0.00000,0.00000,-0.05636,0.05070,0.00621,0.00000,-0.08400,-0.03149,0.00000,-1.41822,-0.11888,-2.00000,0.00000
1722031948.961632,414.000,158.000,69.000,416.000,160.000,67.000,424.000,166.000,68.000, 0.102, 0.126, 2.000, 2.000, 2.000, 2.000,19.517,19.517,63.521,47.641,349.399,223.306,68.0000,317.820,239.009,106.369,62.029,472.152,-2.183, 2.184, 0.070,-0.006, 0.326, 0.015,0.00000,0.00000,-0.00605,0.04976,0.00599,0.00000,0.01548,-0.04407,0.00000,-0.32648,-0.11454,-2.00000,0.00000
1722031949.063366,416.000,160.000,67.000,424.000,166.000,68.000,428.000,168.000,68.000, 0.126, 0.102, 8.000, 6.000, 8.000, 6.000,63.521,47.641,39.311,19.656,-237.932,-275.035,68.0000,319.090,239.151,107.030,61.967,471.741,-2.181, 2.186, 0.035,-0.110, 1.257, 0.915,0.00000,0.00000,-0.10995,0.05132,-0.00603,0.00000,0.91494,-0.02922,0.00000,-1.25716,-0.13055,0.00000,0.00000
1722031949.190756,424.000,166.000,68.000,428.000,168.000,68.000,430.000,170.000,67.000, 0.102, 0.127, 4.000, 2.000, 4.000, 2.000,39.311,19.656,15.704,15.704,-185.364,-31.028,67.0000,318.522,239.046,106.581,62.121,472.201,-2.183, 2.183, 0.049, 0.039, 0.891, 0.538,0.00000,0.00000,0.03857,0.04906,-0.00142,0.00000,0.53800,-0.03304,0.00000,-0.89116,-0.11587,-1.00000,0.00000
1722031949.2982311,428.000,168.000,68.000,430.000,170.000,67.000,430.000,174.000,67.000, 0.127, 0.107, 2.000, 2.000, 2.000, 2.000,15.704,15.704, 0.000,37.246,-146.228,200.587,67.0000,318.041,239.201,106.600,61.962,472.178,-2.180, 2.185, 0.054,-0.100, 0.791, 0.390,0.00000,0.00000,-0.10019,0.05136,-0.00107,0.00000,0.39047,-0.03206,0.00000,-0.79116,-0.11821,-1.00000,0.00000
1722031949.42326,430.000,170.000,67.000,430.000,174.000,67.000,428.000,178.000,67.000, 0.107, 0.125, 0.000, 4.000, 0.000, 4.000, 0.000,37.246,-15.981,31.962,-127.696,-42.222,67.0000,316.564,239.840,106.236,61.886,473.341,-2.172, 2.181, 0.091,-0.251, 0.144,-0.908,0.00000,0.00000,-0.25122,0.05303,0.01546,0.00000,-0.90833,-0.03906,0.00000,-0.14427,-0.10021,-3.00000,0.00000
1722031949.523465,430.000,174.000,67.000,428.000,178.000,67.000,424.000,180.000,67.000, 0.125, 0.100,-2.000, 4.000,-2.000, 4.000,-15.981,31.962,-39.916,19.958,-238.845,-119.788,67.0000,316.845,239.671,106.304,61.867,473.314,-2.172, 2.182, 0.073,-0.223, 0.607,-0.438,0.00000,0.00000,-0.22333,0.05233,0.00898,0.00000,-0.43772,-0.03156,0.00000,-0.60695,-0.10421,-3.00000,0.00000
1722031949.620898,428.000,178.000,67.000,424.000,180.000,67.000,422.000,182.000,67.000, 0.100, 0.097,-4.000, 2.000,-4.000, 2.000,-39.916,19.958,-20.543,20.543,198.988, 6.011,67.0000,317.539,239.484,106.733,61.671,472.775,-2.171, 2.184, 0.078,-0.318, 0.438,-0.543,0.00000,0.00000,-0.31757,0.05379,0.01198,0.00000,-0.54317,-0.03333,0.00000,-0.43776,-0.11089,-2.00000,0.00000
1722031949.724103,424.000,180.000,67.000,422.000,182.000,67.000,422.000,182.000,68.000, 0.097, 0.103,-2.000, 2.000,-2.000, 2.000,-20.543,20.543, 0.000, 0.000,198.907,-198.907,68.0000,319.181,240.269,107.421,62.028,472.513,-2.173, 2.187, 0.060,-0.319, 0.776, 0.070,0.00000,0.00000,-0.31898,0.05369,0.00463,0.00000,0.07030,-0.02764,0.00000,-0.77552,-0.12389,0.00000,0.00000
1722031949.8502588,422.000,182.000,67.000,422.000,182.000,68.000,422.000,178.000,67.000, 0.103, 0.126, 0.000, 0.000, 0.000, 0.000, 0.000, 0.000, 0.000,-31.721, 0.000,-251.557,67.0000,319.294,240.124,107.143,62.283,472.981,-2.178, 2.182, 0.069,-0.102, 0.534,-0.170,0.00000,0.00000,-0.10210,0.05091,0.00865,0.00000,-0.17006,-0.02986,0.00000,-0.53375,-0.11788,0.00000,0.00000
1722031949.950403,422.000,182.000,68.000,422.000,178.000,67.000,424.000,174.000,67.000, 0.126, 0.100, 0.000,-4.000, 0.000,-4.000, 0.000,-31.721,19.975,-39.950,199.498,-82.183,67.0000,318.685,239.776,106.816,62.298,471.878,-2.185, 2.188, 0.062,-0.053, 0.341, 0.406,0.00000,0.00000,-0.05311,0.05096,0.00086,0.00000,0.40551,-0.03103,0.00000,-0.34140,-0.10921,-1.00000,0.00000
1722031950.049862,422.000,178.000,67.000,424.000,174.000,67.000,426.000,172.000,67.000, 0.100, 0.100, 2.000,-4.000, 2.000,-4.000,19.975,-39.950,20.093,-20.093, 1.191,199.491,67.0000,317.709,239.590,105.988,62.529,472.968,-2.181, 2.174, 0.077, 0.197, 0.459,-0.494,0.00000,0.00000,0.19741,0.04775,0.01306,0.00000,-0.49403,-0.02846,0.00000,-0.45948,-0.10288,-2.00000,0.00000
1722031950.184819,424.000,174.000,67.000,426.000,172.000,67.000,428.000,172.000,68.000, 0.100, 0.135, 2.000,-2.000, 2.000,-2.000,20.093,-20.093,14.824, 0.000,-39.059,148.927,68.0000,317.821,239.601,106.373,62.270,472.098,-2.182, 2.183, 0.074,-0.011, 0.245,-0.132,0.00000,0.00000,-0.01121,0.05122,0.00780,0.00000,-0.13163,-0.03061,0.00000,-0.24548,-0.10455,-2.00000,0.00000
1722031950.288311,426.000,172.000,67.000,428.000,172.000,68.000,428.000,172.000,67.000, 0.135, 0.104, 2.000, 0.000, 2.000, 0.000,14.824, 0.000, 0.000, 0.000,-143.181, 0.000,67.0000,318.119,239.416,106.568,62.104,472.314,-2.180, 2.183, 0.077,-0.056, 0.239,-0.278,0.00000,0.00000,-0.05561,0.05120,0.01058,0.00000,-0.27771,-0.02988,0.00000,-0.23903,-0.11189,-1.00000,0.00000
1722031950.419326,428.000,172.000,68.000,428.000,172.000,67.000,430.000,174.000,68.000, 0.104, 0.131, 0.000, 0.000, 0.000, 0.000, 0.000, 0.000,15.265,15.265,116.517,116.517,68.0000,319.234,239.797,107.216,62.075,472.645,-2.178, 2.185, 0.062,-0.164, 0.604, 0.129,0.00000,0.00000,-0.16364,0.05255,0.00542,0.00000,0.12919,-0.02448,0.00000,-0.60360,-0.11689,0.00000,0.00000
1722031950.516557,428.000,172.000,67.000,430.000,174.000,68.000,430.000,172.000,67.000, 0.131, 0.097, 2.000, 2.000, 2.000, 2.000,15.265,15.265, 0.000,-20.569,-156.997,-368.536,67.0000,319.255,239.734,107.132,62.197,471.785,-2.183, 2.188, 0.065,-0.108, 0.326, 0.249,0.00000,0.00000,-0.10773,0.05155,0.00416,0.00000,0.24873,-0.02757,0.00000,-0.32572,-0.11389,0.00000,0.00000
1722031950.6468182,430.000,174.000,68.000,430.000,172.000,67.000,432.000,174.000,67.000, 0.097, 0.130, 0.000,-2.000, 0.000,-2.000, 0.000,-20.569,15.365,15.365,118.049,276.075,67.0000,318.268,239.278,106.555,62.220,471.033,-2.189, 2.189, 0.088,-0.007,-0.490,-0.100,0.00000,0.00000,-0.00663,0.05041,0.00856,0.00000,-0.10017,-0.03752,0.00000,0.49025,-0.10522,-1.00000,0.00000
1722031950.743802,430.000,172.000,67.000,432.000,174.000,67.000,430.000,174.000,67.000, 0.130, 0.097, 2.000, 2.000, 2.000, 2.000,15.365,15.365,-20.607, 0.000,-370.656,-158.322,67.0000,318.237,239.362,106.514,62.231,471.441,-2.183, 2.184, 0.065,-0.001, 0.428, 0.165,0.00000,0.00000,-0.00125,0.05064,0.00465,0.00000,0.16524,-0.02487,0.00000,-0.42818,-0.10755,-1.00000,0.00000
1722031950.841012,432.000,174.000,67.000,430.000,174.000,67.000,430.000,172.000,67.000, 0.097, 0.097,-2.000, 0.000,-2.000, 0.000,-20.607, 0.000, 0.000,-20.568,211.924,-211.515,67.0000,318.399,239.674,106.752,62.010,473.748,-2.170, 2.175, 0.074,-0.106, 0.820,-0.708,0.00000,0.00000,-0.10604,0.05207,0.01651,0.00000,-0.70808,-0.02011,0.00000,-0.81969,-0.10689,-1.00000,0.00000
1722031950.9438431,430.000,174.000,67.000,430.000,172.000,67.000,430.000,174.000,68.000, 0.097, 0.103, 0.000,-2.000, 0.000,-2.000, 0.000,-20.568, 0.000,19.453, 0.000,389.250,68.0000,319.515,240.157,107.470,62.093,472.273,-2.176, 2.187, 0.050,-0.265, 0.959, 0.407,0.00000,0.00000,-0.26470,0.05395,0.00156,0.00000,0.40696,-0.01717,0.00000,-0.95935,-0.11489,0.00000,0.00000
1722031951.069452,430.000,172.000,67.000,430.000,174.000,68.000,428.000,174.000,67.000, 0.103, 0.126, 0.000, 2.000, 0.000, 2.000, 0.000,19.453,-15.921, 0.000,-126.734,-154.849,67.0000,318.633,239.796,106.409,62.690,471.586,-2.188, 2.181, 0.084, 0.177,-0.178,-0.256,0.00000,0.00000,0.17737,0.04764,0.01136,0.00000,-0.25577,-0.03082,0.00000,0.17786,-0.10322,-1.00000,0.00000
1722031951.1789892,430.000,174.000,68.000,428.000,174.000,67.000,430.000,176.000,68.000, 0.126, 0.110,-2.000, 0.000,-2.000, 0.000,-15.921, 0.000,18.259,18.259,312.056,166.704,68.0000,317.445,239.656,106.032,62.497,472.013,-2.187, 2.183, 0.083, 0.110,-0.129,-0.244,0.00000,0.00000,0.11023,0.04979,0.01073,0.00000,-0.24435,-0.02881,0.00000,0.12909,-0.09689,-2.00000,0.00000
1722031951.310295,428.000,174.000,67.000,430.000,176.000,68.000,428.000,176.000,67.000, 0.110, 0.131, 2.000, 2.000, 2.000, 2.000,18.259,18.259,-15.231, 0.000,-255.050,-139.056,67.0000,318.170,240.112,106.583,62.318,473.493,-2.175, 2.178, 0.075,-0.048, 0.564,-0.530,0.00000,0.00000,-0.04833,0.05167,0.01509,0.00000,-0.53048,-0.01979,0.00000,-0.56374,-0.10723,-1.00000,0.00000
1722031951.4412491,430.000,176.000,68.000,428.000,176.000,67.000,430.000,176.000,67.000, 0.131, 0.131,-2.000, 0.000,-2.000, 0.000,-15.231, 0.000,15.272, 0.000,232.921, 0.000,67.0000,319.622,240.394,107.638,62.113,471.765,-2.178, 2.191, 0.070,-0.331, 0.253, 0.101,0.00000,0.00000,-0.33144,0.05504,0.00720,0.00000,0.10097,-0.02390,0.00000,-0.25259,-0.11223,0.00000,0.00000
1722031951.573091,428.000,176.000,67.000,430.000,176.000,67.000,432.000,174.000,67.000, 0.131, 0.132, 2.000, 0.000, 2.000, 0.000,15.272, 0.000,15.170,-15.170,-0.773,-115.065,67.0000,319.196,239.977,106.917,62.534,471.270,-2.190, 2.189, 0.078, 0.017,-0.253, 0.170,0.00000,0.00000,0.01740,0.04965,0.00702,0.00000,0.16967,-0.02976,0.00000,0.25315,-0.10922,0.00000,0.00000
1722031951.7022982,430.000,176.000,67.000,432.000,174.000,67.000,430.000,174.000,67.000, 0.132, 0.129, 2.000,-2.000, 2.000,-2.000,15.170,-15.170,-15.479, 0.000,-237.209,117.409,67.0000,319.071,239.785,106.402,62.863,471.721,-2.190, 2.179, 0.071, 0.295, 0.213, 0.048,0.00000,0.00000,0.29539,0.04693,0.00843,0.00000,0.04775,-0.02320,0.00000,-0.21342,-0.10922,0.00000,0.00000
1722031951.834058,432.000,174.000,67.000,430.000,174.000,67.000,428.000,174.000,67.000, 0.129, 0.132,-2.000, 0.000,-2.000, 0.000,-15.479, 0.000,-15.179, 0.000, 2.281, 0.000,67.0000,318.848,239.569,106.547,62.557,471.435,-2.189, 2.183, 0.079, 0.147,-0.062,-0.061,0.00000,0.00000,0.14749,0.04962,0.00962,0.00000,-0.06133,-0.02720,0.00000,0.06230,-0.10055,-1.00000,0.00000
1722031951.9669492,430.000,174.000,67.000,428.000,174.000,67.000,430.000,176.000,69.000, 0.132, 0.133,-2.000, 0.000,-2.000, 0.000,-15.179, 0.000,15.061,15.061,227.720,113.418,69.0000,319.010,239.587,106.682,62.445,472.251,-2.184, 2.180, 0.082, 0.109, 0.054,-0.347,0.00000,0.00000,0.10885,0.04962,0.01344,0.00000,-0.34693,-0.02535,0.00000,-0.05363,-0.11156,0.00000,0.00000
1722031952.0992289,428.000,174.000,67.000,430.000,176.000,69.000,428.000,174.000,67.000, 0.133, 0.132, 2.000, 2.000, 2.000, 2.000,15.061,15.061,-15.111,-15.111,-227.975,-227.975,67.0000,318.850,239.509,106.561,62.517,471.572,-2.189, 2.183, 0.085, 0.143,-0.250,-0.208,0.00000,0.00000,0.14264,0.04899,0.01182,0.00000,-0.20770,-0.02951,0.00000,0.25022,-0.09989,-1.00000,0.00000
1722031952.210616,430.000,176.000,69.000,428.000,174.000,67.000,426.000,176.000,67.000, 0.132, 0.111,-2.000,-2.000,-2.000,-2.000,-15.111,-15.111,-18.085,18.085,-26.892,300.187,67.0000,319.128,239.695,106.687,62.445,473.142,-2.178, 2.174, 0.079, 0.129, 0.492,-0.645,0.00000,0.00000,0.12892,0.04921,0.01835,0.00000,-0.64468,-0.01955,0.00000,-0.49153,-0.11090,0.00000,0.00000
1722031952.337344,428.000,174.000,67.000,426.000,176.000,67.000,426.000,174.000,67.000, 0.111, 0.128,-2.000, 2.000,-2.000, 2.000,-18.085,18.085, 0.000,-15.682,141.810,-264.778,67.0000,319.041,239.704,106.622,62.458,473.459,-2.177, 2.173, 0.076, 0.149, 0.617,-0.621,0.00000,0.00000,0.14855,0.04884,0.01866,0.00000,-0.62126,-0.01799,0.00000,-0.61673,-0.10789,0.00000,0.00000
1722031952.470714,426.000,176.000,67.000,426.000,174.000,67.000,428.000,174.000,67.000, 0.128, 0.133, 0.000,-2.000, 0.000,-2.000, 0.000,-15.682,14.998, 0.000,112.465,117.599,67.0000,318.910,239.209,106.639,62.349,471.502,-2.190, 2.185, 0.098, 0.110,-0.652,-0.460,0.00000,0.00000,0.10974,0.04935,0.01777,0.00000,-0.46046,-0.03408,0.00000,0.65246,-0.09922,-1.00000,0.00000
1722031952.5967748,426.000,174.000,67.000,428.000,174.000,67.000,426.000,174.000,67.000, 0.133, 0.126, 2.000, 0.000, 2.000, 0.000,14.998, 0.000,-15.867, 0.000,-244.862, 0.000,67.0000,318.652,238.955,106.538,62.289,470.513,-2.193, 2.189, 0.081, 0.102,-0.439, 0.178,0.00000,0.00000,0.10167,0.04928,0.01031,0.00000,0.17824,-0.03060,0.00000,0.43922,-0.10156,-1.00000,1.00000
1722031952.72737,428.000,174.000,67.000,426.000,174.000,67.000,426.000,172.000,67.000, 0.126, 0.131,-2.000, 0.000,-2.000, 0.000,-15.867, 0.000, 0.000,-15.311,121.467,-117.210,67.0000,318.567,239.219,106.727,62.118,471.630,-2.187, 2.187, 0.090,-0.031,-0.428,-0.267,0.00000,0.00000,-0.03067,0.05100,0.01692,0.00000,-0.26668,-0.03164,0.00000,0.42773,-0.10089,-1.00000,0.00000
1722031952.857962,426.000,174.000,67.000,426.000,172.000,67.000,428.000,176.000,68.000, 0.131, 0.131, 0.000,-2.000, 0.000,-2.000, 0.000,-15.311,15.317,30.634,117.308,351.876,68.0000,319.259,240.521,107.246,62.411,471.850,-2.182, 2.190, 0.048,-0.182, 0.784, 0.716,0.00000,0.00000,-0.18161,0.05265,0.00351,0.00000,0.71635,-0.01615,0.00000,-0.78437,-0.10890,0.00000,0.00000
1722031952.986763,426.000,172.000,67.000,428.000,176.000,68.000,428.000,176.000,68.000, 0.131, 0.129, 2.000, 4.000, 2.000, 4.000,15.317,30.634, 0.000, 0.000,-118.962,-237.924,68.0000,319.413,240.503,107.171,62.598,470.899,-2.187, 2.191, 0.056,-0.095, 0.358, 0.730,0.00000,0.00000,-0.09502,0.05112,0.00336,0.00000,0.73049,-0.02216,0.00000,-0.35783,-0.10589,0.00000,0.00000
1722031953.097898,428.000,176.000,68.000,428.000,176.000,68.000,430.000,176.000,68.000, 0.129, 0.111, 0.000, 0.000, 0.000, 0.000, 0.000, 0.000,18.002, 0.000,162.039, 0.000,68.0000,319.026,240.282,106.832,62.631,471.943,-2.186, 2.185, 0.082, 0.027,-0.152,-0.140,0.00000,0.00000,0.02660,0.04979,0.01368,0.00000,-0.14029,-0.02768,0.00000,0.15160,-0.10589,0.00000,0.00000
1722031953.2311628,428.000,176.000,68.000,430.000,176.000,68.000,432.000,176.000,68.000, 0.111, 0.133, 2.000, 0.000, 2.000, 0.000,18.002, 0.000,15.012, 0.000,-22.446, 0.000,68.0000,318.198,240.604,106.096,63.111,472.462,-2.187, 2.177, 0.096, 0.266,-0.340,-0.721,0.00000,0.00000,0.26616,0.04690,0.02050,0.00000,-0.72142,-0.02976,0.00000,0.34020,-0.09722,-1.00000,0.00000
1722031953.3681228,430.000,176.000,68.000,432.000,176.000,68.000,430.000,176.000,67.000, 0.133, 0.137, 2.000, 0.000, 2.000, 0.000,15.012, 0.000,-14.602, 0.000,-216.199, 0.000,67.0000,318.900,240.523,106.626,62.817,472.312,-2.181, 2.178, 0.066, 0.102, 0.643,-0.108,0.00000,0.00000,0.10157,0.04971,0.01279,0.00000,-0.10844,-0.01689,0.00000,-0.64251,-0.09956,-1.00000,0.00000
1722031953.4860082,432.000,176.000,68.000,430.000,176.000,67.000,430.000,174.000,67.000, 0.137, 0.118,-2.000, 0.000,-2.000, 0.000,-14.602, 0.000, 0.000,-16.948,123.734,-143.620,67.0000,320.094,239.651,107.450,62.206,471.349,-2.183, 2.188, 0.054,-0.099, 0.628, 0.546,0.00000,0.00000,-0.09932,0.05188,0.00510,0.00000,0.54561,-0.01728,0.00000,-0.62832,-0.10757,0.00000,0.00000
1722031953.594764,430.000,176.000,67.000,430.000,174.000,67.000,432.000,170.000,67.000, 0.118, 0.109, 0.000,-2.000, 0.000,-2.000, 0.000,-16.948,18.390,-36.780,169.092,-182.348,67.0000,320.334,239.158,107.105,62.527,470.420,-2.198, 2.191, 0.038, 0.196, 0.514, 1.489,0.00000,0.00000,0.19605,0.04734,-0.00774,0.00000,1.48882,-0.01754,0.00000,-0.51423,-0.10456,0.00000,0.00000
1722031953.72485,430.000,174.000,67.000,432.000,170.000,67.000,428.000,172.000,68.000, 0.109, 0.130, 2.000,-4.000, 2.000,-4.000,18.390,-36.780,-30.759,15.379,-377.934,401.083,68.0000,319.181,238.864,106.136,62.846,470.878,-2.199, 2.180, 0.059, 0.491, 0.243, 0.665,0.00000,0.00000,0.49116,0.04414,0.00182,0.00000,0.66529,-0.02001,0.00000,-0.24257,-0.10456,0.00000,1.00000
1722031953.854699,432.000,170.000,67.000,428.000,172.000,68.000,424.000,170.000,67.000, 0.130, 0.130,-4.000, 2.000,-4.000, 2.000,-30.759,15.379,-30.795,-15.397,-0.279,-236.941,67.0000,318.042,239.545,106.502,62.328,470.210,-2.191, 2.192, 0.093,-0.044,-0.749,-0.103,0.00000,0.00000,-0.04366,0.05200,0.00962,0.00000,-0.10290,-0.03250,0.00000,0.74890,-0.09589,-1.00000,0.00000
1722031953.984831,428.000,172.000,68.000,424.000,170.000,67.000,420.000,170.000,66.000, 0.130, 0.130,-4.000,-2.000,-4.000,-2.000,-30.795,-15.397,-30.745, 0.000, 0.383,118.349,66.0000,318.580,240.736,106.284,63.091,472.716,-2.182, 2.174, 0.087, 0.239, 0.151,-0.714,0.00000,0.00000,0.23901,0.04660,0.01692,0.00000,-0.71373,-0.02036,0.00000,-0.15104,-0.09823,-1.00000,0.00000
1722031954.116758,424.000,170.000,67.000,420.000,170.000,66.000,416.000,178.000,68.000, 0.130, 0.132,-4.000, 0.000,-4.000, 0.000,-30.745, 0.000,-30.317,60.634, 3.244,459.564,68.0000,319.706,241.603,107.388,62.867,472.100,-2.178, 2.183, 0.107,-0.161,-0.550,-1.085,0.00000,0.00000,-0.16093,0.05273,0.02244,0.00000,-1.08458,-0.03088,0.00000,0.55024,-0.10623,0.00000,-1.00000
1722031954.2461061,420.000,170.000,66.000,416.000,178.000,68.000,416.000,182.000,67.000, 0.132, 0.129,-4.000, 8.000,-4.000, 8.000,-30.317,60.634, 0.000,30.920,234.353,-229.691,67.0000,320.183,240.204,106.376,63.539,471.896,-2.199, 2.175, 0.073, 0.615, 0.006, 0.171,0.00000,0.00000,0.61508,0.04113,0.00710,0.00000,0.17089,-0.02341,0.00000,-0.00620,-0.10323,0.00000,0.00000
1722031954.37961,416.000,178.000,68.000,416.000,182.000,67.000,418.000,186.000,68.000, 0.129, 0.134, 0.000, 4.000, 0.000, 4.000, 0.000,30.920,14.981,29.961,112.211,-7.182,68.0000,320.098,238.960,107.269,62.065,472.086,-2.184, 2.184, 0.054, 0.023, 0.712, 0.446,0.00000,0.00000,0.02321,0.05115,0.00492,0.00000,0.44629,-0.01470,0.00000,-0.71217,-0.10323,0.00000,1.00000
1722031954.5055768,416.000,182.000,67.000,418.000,186.000,68.000,420.000,182.000,66.000, 0.134, 0.126, 2.000, 4.000, 2.000, 4.000,14.981,29.961,15.878,-31.756, 7.125,-489.982,66.0000,319.583,238.963,106.802,62.337,471.733,-2.188, 2.181, 0.086, 0.182,-0.194,-0.319,0.00000,0.00000,0.18167,0.04722,0.01477,0.00000,-0.31853,-0.02658,0.00000,0.19437,-0.10323,0.00000,1.00000
1722031954.613169,418.000,186.000,68.000,420.000,182.000,66.000,420.000,180.000,67.000, 0.126, 0.108, 2.000,-4.000, 2.000,-4.000,15.878,-31.756, 0.000,-18.587,-147.565,122.389,67.0000,319.575,238.806,106.929,62.158,471.463,-2.188, 2.185, 0.047, 0.094, 0.778, 0.763,0.00000,0.00000,0.09383,0.04879,-0.00034,0.00000,0.76290,-0.01247,0.00000,-0.77848,-0.10323,0.00000,1.00000
1722031954.73759,420.000,182.000,66.000,420.000,180.000,67.000,420.000,174.000,67.000, 0.108, 0.124, 0.000,-2.000, 0.000,-2.000, 0.000,-18.587, 0.000,-48.226, 0.000,-238.223,67.0000,318.803,239.587,106.585,62.533,471.464,-2.192, 2.187, 0.064, 0.127, 0.114, 0.550,0.00000,0.00000,0.12693,0.04803,0.00264,0.00000,0.54963,-0.02134,0.00000,-0.11431,-0.09456,-1.00000,0.00000
1722031954.846761,420.000,180.000,67.000,420.000,174.000,67.000,422.000,168.000,67.000, 0.124, 0.109, 0.000,-6.000, 0.000,-6.000, 0.000,-48.226,18.320,-54.959,167.803,-61.672,67.0000,318.725,240.075,106.691,62.527,472.439,-2.184, 2.183, 0.088, 0.037,-0.169,-0.431,0.00000,0.00000,0.03718,0.04928,0.01446,0.00000,-0.43130,-0.02394,0.00000,0.16904,-0.09690,-1.00000,0.00000
1722031954.96735,420.000,174.000,67.000,422.000,168.000,67.000,422.000,160.000,67.000, 0.109, 0.121, 2.000,-6.000, 2.000,-6.000,18.320,-54.959, 0.000,-66.339,-151.913,-94.374,67.0000,319.097,240.889,106.884,62.780,472.880,-2.179, 2.179, 0.088, 0.008, 0.053,-0.678,0.00000,0.00000,0.00775,0.04939,0.01718,0.00000,-0.67830,-0.02086,0.00000,-0.05261,-0.10490,0.00000,0.00000
1722031955.07719,422.000,168.000,67.000,422.000,160.000,67.000,416.000,158.000,67.000, 0.121, 0.110, 0.000,-8.000, 0.000,-8.000, 0.000,-66.339,-54.646,-18.215,-497.705,438.299,67.0000,319.919,241.387,107.646,62.601,472.485,-2.177, 2.186, 0.086,-0.254,-0.018,-0.497,0.00000,0.00000,-0.25397,0.05283,0.01572,0.00000,-0.49670,-0.02205,0.00000,0.01809,-0.10190,0.00000,-1.00000
1722031955.20669,422.000,160.000,67.000,416.000,158.000,67.000,412.000,160.000,67.000, 0.110, 0.130,-6.000,-2.000,-6.000,-2.000,-54.646,-18.215,-30.879,15.440,183.478,259.810,67.0000,320.686,240.589,107.081,63.156,472.641,-2.188, 2.177, 0.082, 0.307, 0.023,-0.338,0.00000,0.00000,0.30651,0.04461,0.01484,0.00000,-0.33775,-0.02143,0.00000,-0.02259,-0.10190,0.00000,0.00000
1722031955.3358562,416.000,158.000,67.000,412.000,160.000,67.000,410.000,160.000,67.000, 0.130, 0.129,-4.000, 2.000,-4.000, 2.000,-30.879,15.440,-15.492, 0.000,119.189,-119.596,67.0000,320.446,239.630,107.296,62.567,470.755,-2.196, 2.191, 0.064, 0.111,-0.087, 0.765,0.00000,0.00000,0.11148,0.04877,0.00086,0.00000,0.76515,-0.02293,0.00000,0.08742,-0.10190,0.00000,0.00000
1722031955.465444,412.000,160.000,67.000,410.000,160.000,67.000,406.000,160.000,67.000, 0.129, 0.130,-2.000, 0.000,-2.000, 0.000,-15.492, 0.000,-30.850, 0.000,-118.446, 0.000,67.0000,320.331,239.508,106.923,62.691,472.614,-2.186, 2.175, 0.059, 0.297, 0.765, 0.116,0.00000,0.00000,0.29749,0.04562,0.00976,0.00000,0.11580,-0.01143,0.00000,-0.76479,-0.10190,0.00000,0.00000
1722031955.598871,410.000,160.000,67.000,406.000,160.000,67.000,404.000,158.000,68.000, 0.130, 0.133,-4.000, 0.000,-4.000, 0.000,-30.850, 0.000,-14.992,-14.992,118.870,-112.373,68.0000,319.725,239.844,106.709,62.864,471.583,-2.190, 2.180, 0.076, 0.274, 0.044,-0.049,0.00000,0.00000,0.27444,0.04634,0.01078,0.00000,-0.04922,-0.02091,0.00000,-0.04417,-0.10190,0.00000,0.00000
1722031955.728363,406.000,160.000,67.000,404.000,158.000,68.000,406.000,156.000,67.000, 0.133, 0.129,-2.000,-2.000,-2.000,-2.000,-14.992,-14.992,15.444,-15.444,235.034,-3.498,67.0000,319.025,239.801,106.608,62.567,473.203,-2.183, 2.176, 0.103, 0.169,-0.386,-1.034,0.00000,0.00000,0.16934,0.04755,0.02392,0.00000,-1.03360,-0.02555,0.00000,0.38594,-0.10190,0.00000,0.00000
1722031955.862668,404.000,158.000,68.000,406.000,156.000,67.000,404.000,162.000,68.000, 0.129, 0.134, 2.000,-2.000, 2.000,-2.000,15.444,-15.444,-14.891,44.672,-225.853,447.583,68.0000,318.956,240.182,106.710,62.599,472.925,-2.181, 2.178, 0.077, 0.080, 0.322,-0.386,0.00000,0.00000,0.07998,0.04836,0.01576,0.00000,-0.38607,-0.01611,0.00000,-0.32239,-0.09323,-1.00000,0.00000
1722031955.992797,406.000,156.000,67.000,404.000,162.000,68.000,404.000,164.000,67.000, 0.134, 0.130,-2.000, 6.000,-2.000, 6.000,-14.891,44.672, 0.000,15.369,114.428,-225.178,67.0000,319.818,240.245,107.472,62.297,472.089,-2.182, 2.188, 0.081,-0.166,-0.079,-0.149,0.00000,0.00000,-0.16583,0.05137,0.01430,0.00000,-0.14851,-0.02195,0.00000,0.07882,-0.10424,0.00000,0.00000
1722031956.12405,404.000,162.000,68.000,404.000,164.000,67.000,404.000,162.000,66.000, 0.130, 0.131, 0.000, 2.000, 0.000, 2.000, 0.000,15.369, 0.000,-15.239, 0.000,-233.230,66.0000,320.093,239.936,107.368,62.391,471.907,-2.184, 2.186, 0.072,-0.033, 0.172, 0.079,0.00000,0.00000,-0.03336,0.04892,0.01188,0.00000,0.07890,-0.01812,0.00000,-0.17196,-0.10123,0.00000,0.00000
1722031956.256604,404.000,164.000,67.000,404.000,162.000,66.000,404.000,158.000,67.000, 0.131, 0.133, 0.000,-2.000, 0.000,-2.000, 0.000,-15.239, 0.000,-30.172, 0.000,-112.637,67.0000,320.022,239.876,107.366,62.313,472.037,-2.181, 2.184, 0.075,-0.058, 0.219,-0.171,0.00000,0.00000,-0.05811,0.04967,0.01544,0.00000,-0.17086,-0.01751,0.00000,-0.21905,-0.10123,0.00000,0.00000
1722031956.365375,404.000,162.000,66.000,404.000,158.000,67.000,404.000,156.000,66.000, 0.133, 0.109, 0.000,-4.000, 0.000,-4.000, 0.000,-30.172, 0.000,-18.387, 0.000,108.345,66.0000,319.967,239.695,107.375,62.197,472.116,-2.180, 2.184, 0.066,-0.080, 0.494, 0.044,0.00000,0.00000,-0.08048,0.04993,0.01250,0.00000,0.04386,-0.01344,0.00000,-0.49400,-0.10123,0.00000,0.00000
1722031956.4976692,404.000,158.000,67.000,404.000,156.000,66.000,406.000,150.000,66.000, 0.109, 0.132, 0.000,-2.000, 0.000,-2.000, 0.000,-18.387,15.117,-45.352,114.266,-203.814,66.0000,320.072,239.873,107.374,62.337,471.941,-2.183, 2.185, 0.072,-0.048, 0.250, 0.001,0.00000,0.00000,-0.04795,0.04946,0.01332,0.00000,0.00105,-0.01616,0.00000,-0.24968,-0.10123,0.00000,0.00000
1722031956.631387,404.000,156.000,66.000,406.000,150.000,66.000,408.000,146.000,67.000, 0.132, 0.134, 2.000,-6.000, 2.000,-6.000,15.117,-45.352,14.959,-29.918,-1.183,115.437,67.0000,319.988,239.847,107.385,62.294,471.731,-2.183, 2.186, 0.076,-0.077, 0.087,-0.062,0.00000,0.00000,-0.07711,0.04998,0.01410,0.00000,-0.06213,-0.01749,0.00000,-0.08711,-0.10123,0.00000,0.00000
1722031956.757395,406.000,150.000,66.000,408.000,146.000,67.000,408.000,142.000,66.000, 0.134, 0.126, 2.000,-4.000, 2.000,-4.000,14.959,-29.918, 0.000,-31.767,-118.801,-14.683,66.0000,320.001,239.673,107.395,62.232,471.490,-2.184, 2.188, 0.065,-0.081, 0.301, 0.285,0.00000,0.00000,-0.08102,0.04998,0.00944,0.00000,0.28550,-0.01418,0.00000,-0.30135,-0.10123,0.00000,0.00000
1722031956.88553,408.000,146.000,67.000,408.000,142.000,66.000,404.000,142.000,68.000, 0.126, 0.128, 0.000,-4.000, 0.000,-4.000, 0.000,-31.767,-31.192, 0.000,-243.234,247.718,68.0000,320.038,239.844,107.393,62.317,471.631,-2.185, 2.187, 0.072,-0.067, 0.117, 0.111,0.00000,0.00000,-0.06677,0.04982,0.01175,0.00000,0.11112,-0.01639,0.00000,-0.11707,-0.10123,0.00000,0.00000
1722031957.014027,408.000,142.000,66.000,404.000,142.000,68.000,404.000,142.000,67.000, 0.128, 0.128,-4.000, 0.000,-4.000, 0.000,-31.192, 0.000, 0.000, 0.000,242.750, 0.000,67.0000,320.043,239.928,107.381,62.346,471.933,-2.183, 2.185, 0.075,-0.057, 0.138,-0.050,0.00000,0.00000,-0.05715,0.04976,0.01344,0.00000,-0.04987,-0.01559,0.00000,-0.13788,-0.10123,0.00000,0.00000
1722031957.158554,404.000,142.000,68.000,404.000,142.000,67.000,404.000,140.000,67.000, 0.128, 0.144, 0.000, 0.000, 0.000, 0.000, 0.000, 0.000, 0.000,-13.845, 0.000,-95.836,67.0000,319.949,239.693,107.372,62.178,472.359,-2.179, 2.183, 0.070,-0.080, 0.424,-0.112,0.00000,0.00000,-0.08037,0.05014,0.01414,0.00000,-0.11229,-0.01149,0.00000,-0.42395,-0.10123,0.00000,0.00000
1722031957.293239,404.000,142.000,67.000,404.000,140.000,67.000,402.000,140.000,68.000, 0.144, 0.135, 0.000,-2.000, 0.000,-2.000, 0.000,-13.845,-14.858, 0.000,-110.379,102.851,68.0000,319.865,239.611,107.333,62.187,471.836,-2.182, 2.186, 0.071,-0.077, 0.260, 0.041,0.00000,0.00000,-0.07717,0.05006,0.01220,0.00000,0.04105,-0.01328,0.00000,-0.26038,-0.10123,0.00000,0.00000
1722031957.417419,404.000,140.000,67.000,402.000,140.000,68.000,404.000,140.000,68.000, 0.135, 0.124,-2.000, 0.000,-2.000, 0.000,-14.858, 0.000,16.100, 0.000,249.220, 0.000,68.0000,318.997,239.406,106.767,62.340,471.517,-2.188, 2.185, 0.104, 0.051,-0.822,-0.640,0.00000,0.00000,0.05081,0.04838,0.02153,0.00000,-0.63970,-0.02713,0.00000,0.82248,-0.09256,-1.00000,0.00000
1722031957.5509892,402.000,140.000,68.000,404.000,140.000,68.000,404.000,142.000,67.000, 0.124, 0.133, 2.000, 0.000, 2.000, 0.000,16.100, 0.000, 0.000,15.002,-120.769,112.531,67.0000,319.309,239.552,106.824,62.439,472.073,-2.187, 2.182, 0.095, 0.102,-0.426,-0.552,0.00000,0.00000,0.10236,0.04805,0.02061,0.00000,-0.55197,-0.02180,0.00000,0.42637,-0.10357,0.00000,0.00000
1722031957.6927109,404.000,140.000,68.000,404.000,142.000,67.000,404.000,140.000,68.000, 0.133, 0.142, 0.000, 2.000, 0.000, 2.000, 0.000,15.002, 0.000,-14.108, 0.000,-205.333,68.0000,320.211,239.827,107.390,62.409,471.284,-2.187, 2.188, 0.061,-0.020, 0.303, 0.500,0.00000,0.00000,-0.02041,0.04981,0.00763,0.00000,0.50035,0.05409,-5.00000,-5.30280,-0.10057,0.00000,0.00000
1722031957.825521,404.000,142.000,67.000,404.000,140.000,68.000,404.000,138.000,68.000, 0.142, 0.133, 0.000,-2.000, 0.000,-2.000, 0.000,-14.108, 0.000,-15.025, 0.000,-6.893,68.0000,320.508,239.652,107.417,62.424,471.603,-2.189, 2.187, 0.054, 0.046, 0.478, 0.686,0.00000,0.00000,0.04640,0.04855,0.00571,0.00000,0.68608,0.05846,-5.00000,-5.47837,-0.10057,0.00000,0.00000
1722031957.948433,404.000,140.000,68.000,404.000,138.000,68.000,404.000,140.000,68.000, 0.133, 0.123, 0.000,-2.000, 0.000,-2.000, 0.000,-15.025, 0.000,16.270, 0.000,254.587,68.0000,320.192,239.219,107.266,62.340,470.223,-2.196, 2.194, 0.055, 0.057, 0.066, 1.057,0.00000,0.00000,0.05716,0.04858,-0.00040,0.00000,1.05739,0.06358,-5.00000,-5.06641,-0.10057,0.00000,0.00000
1722031958.0850718,404.000,138.000,68.000,404.000,140.000,68.000,394.000,146.000,68.000, 0.123, 0.136, 0.000, 2.000, 0.000, 2.000, 0.000,16.270,-73.279,43.968,-536.988,202.967,68.0000,315.257,239.392,105.160,62.541,468.105,-2.204, 2.199, 0.151,-0.001,-2.923,-0.926,0.00000,0.00000,-0.00129,0.04937,0.02482,0.00000,-0.92560,0.03397,-5.00000,-2.07741,-0.06589,-4.00000,0.00000
1722031958.2124622,404.000,140.000,68.000,394.000,146.000,68.000,378.000,158.000,69.000, 0.136, 0.127,-10.000, 6.000,-10.000, 6.000,-73.279,43.968,-125.558,94.168,-410.249,393.945,69.0000,313.455,239.705,104.310,62.806,466.799, 2.230,-2.223,-0.205,-0.057,-4.691,-1.845,0.00000,0.00000,-0.05701,0.04995,0.03610,0.00000,-1.84527,0.01873,-5.00000,-0.30873,-0.05790,-6.00000,0.00000
1722031958.348543,394.000,146.000,68.000,378.000,158.000,69.000,348.000,172.000,68.000, 0.127, 0.136,-16.000,12.000,-16.000,12.000,-125.558,94.168,-220.640,102.965,-699.299,64.699,68.0000,314.210,240.321,105.200,62.466,467.628,-2.200, 2.206, 0.212,-0.417,-4.705,-2.292,0.00000,0.00000,-0.41655,0.05467,0.04444,0.00000,-2.29182,0.02181,-5.00000,-0.29455,-0.06858,-5.00000,0.00000
1722031958.48116,378.000,158.000,69.000,348.000,172.000,68.000,308.000,184.000,67.000, 0.136, 0.133,-30.000,14.000,-30.000,14.000,-220.640,102.965,-301.700,90.510,-611.395,-93.945,67.0000,319.862,239.683,106.617,63.151,467.106, 2.235,-2.219,-0.154, 0.274,-3.476,-0.434,0.00000,0.00000,0.27383,0.04447,0.02327,0.00000,-0.43384,0.03902,-5.00000,-1.52387,-0.10559,0.00000,0.00000
1722031958.6054778,348.000,172.000,68.000,308.000,184.000,67.000,252.000,188.000,67.000, 0.133, 0.124,-40.000,12.000,-40.000,12.000,-301.700,90.510,-449.966,32.140,-1191.334,-469.006,67.0000,321.636,238.345,107.381,62.580,466.146, 2.230,-2.216,-0.121, 0.290,-2.950, 0.690,0.00000,0.00000,0.28999,0.04619,0.01175,0.00000,0.69003,0.04731,-5.00000,-2.04952,-0.09925,1.00000,1.00000
1722031958.7370949,308.000,184.000,67.000,252.000,188.000,67.000,196.000,192.000,67.000, 0.124, 0.132,-56.000, 4.000,-56.000, 4.000,-449.966,32.140,-425.063,30.362,189.024,-13.502,67.0000,319.136,237.851,105.561,63.136,463.740, 2.227,-2.196,-0.142, 0.690,-4.155, 0.811,0.00000,0.00000,0.68993,0.04069,0.01043,0.00000,0.81097,0.03436,-5.00000,-0.84507,-0.08824,0.00000,2.00000
1722031958.869202,252.000,188.000,67.000,196.000,192.000,67.000,204.000,224.000,67.000, 0.132, 0.132,-56.000, 4.000,-56.000, 4.000,-425.063,30.362,60.638,242.553,3681.505,1608.359,67.0000,316.188,239.643,105.289,62.947,466.331, 2.230,-2.220,-0.171, 0.098,-4.031,-0.776,0.00000,0.00000,0.09848,0.04954,0.03041,0.00000,-0.77562,0.03953,-5.00000,-0.96937,-0.06523,-3.00000,0.00000
1722031958.998424,196.000,192.000,67.000,204.000,224.000,67.000,202.000,254.000,67.000, 0.132, 0.129, 8.000,32.000, 8.000,32.000,60.638,242.553,-15.453,231.794,-587.917,-83.124,67.0000,315.289,240.890,104.994,63.382,466.816, 2.232,-2.223,-0.187, 0.029,-4.260,-1.381,0.00000,0.00000,0.02931,0.04864,0.03774,0.00000,-1.38062,0.03819,-5.00000,-0.74022,-0.06358,-4.00000,0.00000
1722031959.131812,204.000,224.000,67.000,202.000,254.000,67.000,198.000,282.000,66.000, 0.129, 0.133,-2.000,30.000,-2.000,30.000,-15.453,231.794,-29.997,209.978,-109.068,-163.603,66.0000,316.791,240.788,105.983,62.967,467.195, 2.227,-2.227,-0.203,-0.220,-4.634,-1.812,0.00000,0.00000,-0.22047,0.05179,0.04542,0.00000,-1.81243,0.03496,-5.00000,-0.36603,-0.07259,-3.00000,0.00000
1722031959.273304,202.000,254.000,67.000,198.000,282.000,66.000,214.000,298.000,66.000, 0.133, 0.141,-4.000,28.000,-4.000,28.000,-29.997,209.978,113.088,113.088,1011.323,-684.822,66.0000,319.774,240.336,106.452,63.541,467.643, 2.240,-2.221,-0.168, 0.340,-3.625,-1.026,0.00000,0.00000,0.33998,0.04359,0.03777,0.00000,-1.02568,0.04987,-5.00000,-1.37487,-0.09359,0.00000,0.00000
1722031959.4050078,198.000,282.000,66.000,214.000,298.000,66.000,226.000,306.000,65.000, 0.141, 0.132,16.000,16.000,16.000,16.000,113.088,113.088,91.251,60.834,-166.052,-397.352,65.0000,320.530,239.332,106.998,62.906,466.169, 2.226,-2.213,-0.174, 0.153,-4.430,-0.568,0.00000,0.00000,0.15278,0.04763,0.03483,0.00000,-0.56848,0.04024,-5.00000,-0.57004,-0.08458,0.00000,0.00000
1722031959.53455,214.000,298.000,66.000,226.000,306.000,65.000,222.000,310.000,64.000, 0.132, 0.130,12.000, 8.000,12.000, 8.000,91.251,60.834,-30.825,30.825,-940.757,-231.258,64.0000,318.412,238.507,105.670,63.007,465.919, 2.232,-2.209,-0.157, 0.455,-3.950,-0.159,0.00000,0.00000,0.45484,0.04291,0.03113,0.00000,-0.15922,0.04906,-5.00000,-1.04967,-0.07591,-1.00000,1.00000
1722031959.669892,226.000,306.000,65.000,222.000,310.000,64.000,212.000,314.000,67.000, 0.130, 0.135,-4.000, 4.000,-4.000, 4.000,-30.825,30.825,-73.973,29.589,-319.180,-9.142,67.0000,317.181,238.997,105.569,62.799,465.665, 2.224,-2.211,-0.172, 0.163,-4.463,-0.400,0.00000,0.00000,0.16328,0.04753,0.03532,0.00000,-0.40042,0.04352,-5.00000,-0.53685,-0.06958,-2.00000,1.00000
1722031959.7977831,222.000,310.000,64.000,212.000,314.000,67.000,210.000,306.000,68.000, 0.135, 0.128,-10.000, 4.000,-10.000, 4.000,-73.973,29.589,-15.620,-62.480,455.739,-719.061,68.0000,317.230,240.129,105.489,63.383,465.773, 2.228,-2.212,-0.182, 0.210,-4.574,-0.794,0.00000,0.00000,0.21011,0.04594,0.04107,0.00000,-0.79418,0.04386,-5.00000,-0.42578,-0.07125,-2.00000,0.00000
1722031959.92715,212.000,314.000,67.000,210.000,306.000,68.000,198.000,286.000,65.000, 0.128, 0.129,-2.000,-8.000,-2.000,-8.000,-15.620,-62.480,-92.819,-154.698,-597.128,-713.301,65.0000,316.997,239.708,105.224,63.384,463.950, 2.223,-2.205,-0.149, 0.337,-4.141, 0.454,0.00000,0.00000,0.33699,0.04426,0.02521,0.00000,0.45436,0.05072,-5.00000,-0.85876,-0.06125,-3.00000,0.00000
1722031960.068275,210.000,306.000,68.000,198.000,286.000,65.000,190.000,262.000,65.000, 0.129, 0.141,-12.000,-20.000,-12.000,-20.000,-92.819,-154.698,-56.738,-170.215,255.894,-110.049,65.0000,317.859,238.942,105.269,63.357,463.590, 2.222,-2.197,-0.181, 0.454,-5.193,-0.175,0.00000,0.00000,0.45449,0.04289,0.03467,0.00000,-0.17481,0.03758,-5.00000,0.19340,-0.07093,-2.00000,1.00000
1722031960.1956658,198.000,286.000,65.000,190.000,262.000,65.000,190.000,236.000,65.000, 0.141, 0.128,-8.000,-24.000,-8.000,-24.000,-56.738,-170.215, 0.000,-203.759,444.651,-262.878,65.0000,318.156,239.170,105.601,63.266,464.500, 2.226,-2.205,-0.170, 0.375,-4.537,-0.237,0.00000,0.00000,0.37538,0.04408,0.03491,0.00000,-0.23667,0.04764,-5.00000,-0.46310,-0.07526,-1.00000,0.00000
1722031960.330284,190.000,262.000,65.000,190.000,236.000,65.000,196.000,208.000,65.000, 0.128, 0.134, 0.000,-26.000, 0.000,-26.000, 0.000,-203.759,44.622,-208.236,331.853,-33.294,65.0000,318.684,240.060,105.770,63.685,463.572, 2.222,-2.201,-0.168, 0.387,-4.766, 0.056,0.00000,0.00000,0.38729,0.04350,0.03134,0.00000,0.05635,0.04448,-5.00000,-0.23374,-0.07159,-1.00000,0.00000
1722031960.463186,190.000,236.000,65.000,196.000,208.000,65.000,206.000,182.000,66.000, 0.134, 0.133, 6.000,-28.000, 6.000,-28.000,44.622,-208.236,75.251,-195.652,230.484,94.693,66.0000,318.011,239.961,105.911,63.218,466.424,-2.217, 2.203, 0.195, 0.140,-4.628,-1.459,0.00000,0.00000,0.13984,0.04668,0.05212,0.00000,-1.45900,0.04716,-5.00000,-0.37158,-0.07092,-1.00000,0.00000
1722031960.588518,196.000,208.000,65.000,206.000,182.000,66.000,216.000,162.000,68.000, 0.133, 0.125,10.000,-26.000,10.000,-26.000,75.251,-195.652,79.686,-159.371,35.340,289.104,68.0000,317.790,239.501,105.848,63.010,465.761,-2.219, 2.206, 0.184, 0.129,-4.466,-1.058,0.00000,0.00000,0.12913,0.04601,0.04735,0.00000,-1.05811,0.04988,-5.00000,-0.53390,-0.06159,-2.00000,0.00000
1722031960.719763,206.000,182.000,66.000,216.000,162.000,68.000,226.000,152.000,66.000, 0.125, 0.131,10.000,-20.000,10.000,-20.000,79.686,-159.371,76.188,-76.188,-26.651,633.757,66.0000,317.885,238.744,105.716,62.872,464.488,-2.226, 2.211, 0.186, 0.202,-4.860,-0.720,0.00000,0.00000,0.20244,0.04492,0.04549,0.00000,-0.71960,0.04539,-5.00000,-0.14043,-0.06326,-2.00000,1.00000
1722031960.864078,216.000,162.000,68.000,226.000,152.000,66.000,232.000,144.000,66.000, 0.131, 0.144,10.000,-10.000,10.000,-10.000,76.188,-76.188,41.639,-55.519,-239.761,143.438,66.0000,318.491,238.756,105.599,63.226,462.977, 2.220,-2.197,-0.183, 0.395,-5.296,-0.182,0.00000,0.00000,0.39539,0.04244,0.04019,0.00000,-0.18239,0.04037,-5.00000,0.29637,-0.07060,-1.00000,1.00000
1722031960.9903748,226.000,152.000,66.000,232.000,144.000,66.000,234.000,146.000,66.000, 0.144, 0.126, 6.000,-8.000, 6.000,-8.000,41.639,-55.519,15.839,15.839,-204.326,565.127,66.0000,318.644,238.683,105.944,62.931,463.579, 2.221,-2.204,-0.167, 0.274,-4.648, 0.023,0.00000,0.00000,0.27422,0.04446,0.03859,0.00000,0.02270,0.04919,-5.00000,-0.35238,-0.06693,-1.00000,1.00000
1722031961.123434,232.000,144.000,66.000,234.000,146.000,66.000,228.000,150.000,68.000, 0.126, 0.133, 2.000, 2.000, 2.000, 2.000,15.839,15.839,-45.009,30.006,-456.451,106.272,68.0000,318.910,239.459,106.143,63.181,464.246, 2.226,-2.210,-0.156, 0.257,-4.088, 0.025,0.00000,0.00000,0.25709,0.04419,0.03882,0.00000,0.02508,0.05647,-5.00000,-0.91158,-0.06626,-1.00000,0.00000
1722031961.248551,234.000,146.000,66.000,228.000,150.000,68.000,224.000,152.000,68.000, 0.133, 0.125,-6.000, 4.000,-6.000, 4.000,-45.009,30.006,-31.969,15.984,104.219,-112.063,68.0000,318.489,239.553,105.884,63.285,465.340,-2.225, 2.207, 0.158, 0.327,-3.969,-0.210,0.00000,0.00000,0.32737,0.04306,0.04194,0.00000,-0.20979,0.05906,-5.00000,-1.03082,-0.06560,-1.00000,0.00000
1722031961.382775,228.000,150.000,68.000,224.000,152.000,68.000,218.000,160.000,67.000, 0.125, 0.134,-4.000, 2.000,-4.000, 2.000,-31.969,15.984,-44.705,59.606,-94.892,325.016,67.0000,318.435,239.606,105.819,63.346,464.532,-2.231, 2.212, 0.159, 0.335,-4.273, 0.072,0.00000,0.00000,0.33515,0.04300,0.03821,0.00000,0.07159,0.05684,-5.00000,-0.72696,-0.06493,-1.00000,0.00000
1722031961.511025,224.000,152.000,68.000,218.000,160.000,67.000,208.000,172.000,66.000, 0.134, 0.128,-6.000, 8.000,-6.000, 8.000,-44.705,59.606,-78.068,93.682,-260.464,266.023,66.0000,318.240,239.773,105.620,63.538,465.146,-2.227, 2.205, 0.174, 0.393,-4.415,-0.579,0.00000,0.00000,0.39307,0.04207,0.04727,0.00000,-0.57864,0.05684,-5.00000,-0.58530,-0.06426,-1.00000,0.00000
1722031961.645792,218.000,160.000,67.000,208.000,172.000,66.000,200.000,190.000,66.000, 0.128, 0.135,-10.000,12.000,-10.000,12.000,-78.068,93.682,-59.292,133.406,139.162,294.416,66.0000,318.011,239.767,105.583,63.473,464.483,-2.230, 2.210, 0.188, 0.309,-5.025,-0.687,0.00000,0.00000,0.30944,0.04318,0.04892,0.00000,-0.68740,0.04998,-5.00000,0.02492,-0.06360,-1.00000,0.00000
1722031961.784665,208.000,172.000,66.000,200.000,190.000,66.000,194.000,208.000,66.000, 0.135, 0.139,-8.000,18.000,-8.000,18.000,-59.292,133.406,-43.273,129.818,115.532,-25.881,66.0000,318.354,239.126,105.596,63.310,462.970, 2.218,-2.196,-0.163, 0.403,-4.900, 0.426,0.00000,0.00000,0.40318,0.04151,0.03509,0.00000,0.42627,0.05253,-5.00000,-0.10000,-0.06293,-1.00000,0.00000
1722031961.912216,200.000,190.000,66.000,194.000,208.000,66.000,190.000,226.000,66.000, 0.139, 0.127,-6.000,18.000,-6.000,18.000,-43.273,129.818,-31.432,141.443,93.045,91.348,66.0000,318.440,239.075,105.520,63.398,462.508, 2.217,-2.193,-0.172, 0.442,-5.217, 0.296,0.00000,0.00000,0.44186,0.04107,0.03767,0.00000,0.29636,0.04826,-5.00000,0.21722,-0.06227,-1.00000,0.00000
1722031962.0536609,194.000,208.000,66.000,190.000,226.000,66.000,190.000,238.000,66.000, 0.127, 0.142,-4.000,18.000,-4.000,18.000,-31.432,141.443, 0.000,84.623,221.653,-400.689,66.0000,318.438,239.220,105.653,63.330,462.611, 2.216,-2.195,-0.180, 0.343,-5.385, 0.055,0.00000,0.00000,0.34285,0.04230,0.04014,0.00000,0.05467,0.04604,-5.00000,0.38524,-0.06160,-1.00000,0.00000
1722031962.182028,190.000,226.000,66.000,190.000,238.000,66.000,190.000,244.000,66.000, 0.142, 0.128, 0.000,12.000, 0.000,12.000, 0.000,84.623, 0.000,46.742, 0.000,-295.102,66.0000,318.456,239.355,105.685,63.343,462.099, 2.211,-2.192,-0.188, 0.289,-5.803, 0.016,0.00000,0.00000,0.28905,0.04256,0.04020,0.00000,0.01559,0.03987,-5.00000,0.80349,-0.06093,-1.00000,0.00000
1722031962.305941,190.000,238.000,66.000,190.000,244.000,66.000,190.000,246.000,66.000, 0.128, 0.124, 0.000, 6.000, 0.000, 6.000, 0.000,46.742, 0.000,16.140, 0.000,-246.960,66.0000,318.232,239.270,105.558,63.301,460.896, 2.205,-2.187,-0.189, 0.270,-6.176, 0.347,0.00000,0.00000,0.26962,0.04251,0.03563,0.00000,0.34734,0.03386,-5.00000,1.17623,-0.06027,-1.00000,0.00000
1722031962.436733,190.000,244.000,66.000,190.000,246.000,66.000,190.000,238.000,66.000, 0.124, 0.131, 0.000, 2.000, 0.000, 2.000, 0.000,16.140, 0.000,-61.097, 0.000,-589.874,66.0000,318.978,239.346,106.118,63.127,463.566, 2.214,-2.199,-0.178, 0.220,-5.259, 0.046,0.00000,0.00000,0.22049,0.04298,0.03951,0.00000,0.04581,0.04445,-5.00000,0.25919,-0.05960,-1.00000,0.00000
1722031962.580876,190.000,246.000,66.000,190.000,238.000,66.000,190.000,232.000,67.000, 0.131, 0.144, 0.000,-8.000, 0.000,-8.000, 0.000,-61.097, 0.000,-41.687, 0.000,134.857,67.0000,319.686,239.535,106.560,63.089,463.585, 2.217,-2.204,-0.154, 0.184,-4.466, 0.468,0.00000,0.00000,0.18435,0.04321,0.03326,0.00000,0.46793,0.05327,-5.00000,-0.53421,-0.06761,0.00000,0.00000
1722031962.702731,190.000,238.000,66.000,190.000,232.000,67.000,194.000,218.000,66.000, 0.144, 0.122, 0.000,-6.000, 0.000,-6.000, 0.000,-41.687,32.809,-114.833,269.115,-599.967,66.0000,320.009,239.217,106.527,63.123,462.773, 2.216,-2.201,-0.144, 0.292,-4.347, 0.892,0.00000,0.00000,0.29152,0.04157,0.02723,0.00000,0.89221,0.05475,-5.00000,-0.65324,-0.06460,0.00000,0.00000
1722031962.831368,190.000,232.000,67.000,194.000,218.000,66.000,196.000,204.000,66.000, 0.122, 0.129, 4.000,-14.000, 4.000,-14.000,32.809,-114.833,15.528,-108.694,-134.173,47.662,66.0000,319.410,239.182,106.214,63.152,464.207, 2.220,-2.202,-0.146, 0.359,-4.240, 0.693,0.00000,0.00000,0.35854,0.04084,0.02878,0.00000,0.69284,0.05732,-5.00000,-0.75991,-0.06460,0.00000,0.00000
1722031962.944074,194.000,218.000,66.000,196.000,204.000,66.000,198.000,194.000,66.000, 0.129, 0.113, 2.000,-14.000, 2.000,-14.000,15.528,-108.694,17.763,-88.816,19.854,176.553,66.0000,318.301,239.875,105.738,63.482,464.712, 2.225,-2.206,-0.193, 0.282,-5.118,-0.867,0.00000,0.00000,0.28197,0.04189,0.04815,0.00000,-0.86686,0.04683,-5.00000,0.11776,-0.05593,-1.00000,0.00000
1722031963.0771341,196.000,204.000,66.000,198.000,194.000,66.000,202.000,184.000,65.000, 0.113, 0.133, 2.000,-10.000, 2.000,-10.000,17.763,-88.816,30.069,-75.171,92.502,102.564,65.0000,317.907,240.490,105.790,63.537,465.367,-2.220, 2.205, 0.207, 0.136,-5.136,-1.592,0.00000,0.00000,0.13601,0.04349,0.05733,0.00000,-1.59219,0.04767,-5.00000,0.13556,-0.04960,-2.00000,0.00000
1722031963.2067451,198.000,194.000,66.000,202.000,184.000,65.000,206.000,182.000,66.000, 0.133, 0.130, 4.000,-10.000, 4.000,-10.000,30.069,-75.171,30.883,-15.441, 6.285,461.156,66.0000,318.509,240.365,106.351,63.173,465.842,-2.214, 2.206, 0.189,-0.005,-4.477,-1.314,0.00000,0.00000,-0.00496,0.04489,0.05567,0.00000,-1.31381,0.05632,-5.00000,-0.52301,-0.05994,-1.00000,0.00000
1722031963.337632,202.000,184.000,65.000,206.000,182.000,66.000,206.000,180.000,67.000, 0.130, 0.131, 4.000,-2.000, 4.000,-2.000,30.883,-15.441, 0.000,-15.273,-235.828, 1.289,67.0000,320.505,239.590,107.152,62.883,464.727,-2.222, 2.214, 0.183, 0.000,-4.743,-0.702,0.00000,0.00000,0.00047,0.04440,0.05045,0.00000,-0.70210,0.05278,-5.00000,-0.25696,-0.06494,0.00000,0.00000
1722031963.479777,206.000,182.000,66.000,206.000,180.000,67.000,206.000,178.000,65.000, 0.131, 0.142, 0.000,-2.000, 0.000,-2.000, 0.000,-15.273, 0.000,-14.054, 0.000, 8.563,65.0000,320.559,238.494,106.675,62.886,462.405, 2.213,-2.196,-0.176, 0.261,-5.362, 0.204,0.00000,0.00000,0.26053,0.04090,0.04055,0.00000,0.20367,0.04534,-5.00000,0.36217,-0.06194,0.00000,1.00000
1722031963.6207979,206.000,180.000,67.000,206.000,178.000,65.000,206.000,176.000,68.000, 0.142, 0.141, 0.000,-2.000, 0.000,-2.000, 0.000,-14.054, 0.000,-14.182, 0.000,-0.912,68.0000,319.497,238.162,106.036,62.951,463.036, 2.219,-2.196,-0.177, 0.399,-5.188, 0.021,0.00000,0.00000,0.39876,0.03969,0.04397,0.00000,0.02051,0.04790,-5.00000,0.18754,-0.06194,0.00000,1.00000
1722031963.766334,206.000,178.000,65.000,206.000,176.000,68.000,206.000,182.000,66.000, 0.141, 0.145, 0.000,-2.000, 0.000,-2.000, 0.000,-14.182, 0.000,41.253, 0.000,381.146,66.0000,319.020,239.404,106.057,63.272,463.059, 2.219,-2.201,-0.167, 0.288,-4.794, 0.163,0.00000,0.00000,0.28808,0.04140,0.04173,0.00000,0.16307,0.05258,-5.00000,-0.20628,-0.06194,0.00000,0.00000
1722031963.895385,206.000,176.000,68.000,206.000,182.000,66.000,204.000,184.000,66.000, 0.145, 0.129, 0.000, 6.000, 0.000, 6.000, 0.000,41.253,-15.487,15.487,-119.917,-199.517,66.0000,319.002,239.549,106.157,63.233,463.699, 2.221,-2.205,-0.178, 0.214,-4.879,-0.315,0.00000,0.00000,0.21387,0.04192,0.04808,0.00000,-0.31510,0.05125,-5.00000,-0.12100,-0.06194,0.00000,0.00000
1722031964.030994,206.000,182.000,66.000,204.000,184.000,66.000,202.000,186.000,66.000, 0.129, 0.135,-2.000, 2.000,-2.000, 2.000,-15.487,15.487,-14.772,14.772, 5.275,-5.275,66.0000,318.865,239.449,106.110,63.166,462.520, 2.214,-2.200,-0.170, 0.192,-5.054, 0.214,0.00000,0.00000,0.19171,0.04189,0.04084,0.00000,0.21400,0.04925,-5.00000,0.05445,-0.05327,-1.00000,0.00000
1722031964.17385,204.000,184.000,66.000,202.000,186.000,66.000,202.000,188.000,66.000, 0.135, 0.143,-2.000, 2.000,-2.000, 2.000,-14.772,14.772, 0.000,13.979,103.250,-5.547,66.0000,318.787,239.552,106.107,63.178,463.211, 2.216,-2.202,-0.179, 0.171,-5.159,-0.123,0.00000,0.00000,0.17065,0.04201,0.04576,0.00000,-0.12298,0.04799,-5.00000,0.15917,-0.05561,-1.00000,0.00000
1722031964.2871811,202.000,186.000,66.000,202.000,188.000,66.000,202.000,190.000,66.000, 0.143, 0.113, 0.000, 2.000, 0.000, 2.000, 0.000,13.979, 0.000,17.654, 0.000,32.444,66.0000,319.342,239.552,106.571,62.960,463.558, 2.216,-2.208,-0.175, 0.046,-4.876,-0.185,0.00000,0.00000,0.04605,0.04355,0.04633,0.00000,-0.18481,0.05165,-5.00000,-0.12365,-0.06361,0.00000,0.00000
1722031964.418292,202.000,188.000,66.000,202.000,190.000,66.000,200.000,186.000,65.000, 0.113, 0.131, 0.000, 2.000, 0.000, 2.000, 0.000,17.654,-15.253,-30.505,-116.323,-367.284,65.0000,319.378,239.593,106.514,63.060,464.214,-2.225, 2.214, 0.180, 0.100,-4.725,-0.552,0.00000,0.00000,0.10005,0.04242,0.05157,0.00000,-0.55218,0.05351,-5.00000,-0.27451,-0.06061,0.00000,0.00000
1722031964.548544,202.000,190.000,66.000,200.000,186.000,65.000,204.000,184.000,68.000, 0.131, 0.130,-2.000,-4.000,-2.000,-4.000,-15.253,-30.505,30.703,-15.352,352.746,116.318,68.0000,319.337,239.403,106.604,62.869,464.368,-2.224, 2.215, 0.170, 0.057,-4.476,-0.295,0.00000,0.00000,0.05655,0.04312,0.04865,0.00000,-0.29487,0.05719,-5.00000,-0.52359,-0.06061,0.00000,0.00000
1722031964.686784,200.000,186.000,65.000,204.000,184.000,68.000,202.000,186.000,65.000, 0.130, 0.138, 4.000,-2.000, 4.000,-2.000,30.703,-15.352,-14.468,14.468,-326.762,215.710,65.0000,318.967,239.131,106.061,63.127,463.740, 2.220,-2.203,-0.185, 0.247,-5.147,-0.423,0.00000,0.00000,0.24723,0.04039,0.05135,0.00000,-0.42277,0.04880,-5.00000,0.14749,-0.05194,-1.00000,0.00000
1722031964.816492,204.000,184.000,68.000,202.000,186.000,65.000,202.000,188.000,66.000, 0.138, 0.130,-2.000, 2.000,-2.000, 2.000,-14.468,14.468, 0.000,15.435,111.657, 7.466,66.0000,319.176,238.848,106.249,62.898,462.630, 2.213,-2.200,-0.176, 0.174,-5.231, 0.083,0.00000,0.00000,0.17401,0.04182,0.04517,0.00000,0.08342,0.04840,-5.00000,0.23059,-0.06294,0.00000,1.00000
1722031964.952543,202.000,186.000,65.000,202.000,188.000,66.000,202.000,188.000,66.000, 0.130, 0.136, 0.000, 2.000, 0.000, 2.000, 0.000,15.435, 0.000, 0.000, 0.000,-113.557,66.0000,319.345,238.856,106.412,62.813,462.846, 2.213,-2.202,-0.179, 0.116,-5.248,-0.049,0.00000,0.00000,0.11592,0.04230,0.04755,0.00000,-0.04886,0.04783,-5.00000,0.24755,-0.05994,0.00000,1.00000
1722031965.082719,202.000,188.000,66.000,202.000,188.000,66.000,202.000,188.000,66.000, 0.136, 0.130, 0.000, 0.000, 0.000, 0.000, 0.000, 0.000, 0.000, 0.000, 0.000, 0.000,66.0000,319.670,238.651,106.333,62.923,462.611, 2.214,-2.197,-0.169, 0.266,-5.117, 0.367,0.00000,0.00000,0.26583,0.04005,0.04184,0.00000,0.36662,0.04912,-5.00000,0.11739,-0.05994,0.00000,1.00000
1722031965.206517,202.000,188.000,66.000,202.000,188.000,66.000,202.000,186.000,66.000, 0.130, 0.124, 0.000, 0.000, 0.000, 0.000, 0.000, 0.000, 0.000,-16.125, 0.000,-130.006,66.0000,319.763,238.772,106.480,62.884,463.125, 2.216,-2.202,-0.165, 0.222,-4.817, 0.272,0.00000,0.00000,0.22199,0.04096,0.04300,0.00000,0.27222,0.05275,-5.00000,-0.18322,-0.05994,0.00000,1.00000
1722031965.34757,202.000,188.000,66.000,202.000,186.000,66.000,202.000,188.000,66.000, 0.124, 0.141, 0.000,-2.000, 0.000,-2.000, 0.000,-16.125, 0.000,14.180, 0.000,214.854,66.0000,319.468,239.344,106.410,63.092,464.181,-2.228, 2.213, 0.173, 0.201,-4.608,-0.317,0.00000,0.00000,0.20130,0.04099,0.05027,0.00000,-0.31654,0.05548,-5.00000,-0.39218,-0.05994,0.00000,0.00000
1722031965.47985,202.000,186.000,66.000,202.000,188.000,66.000,202.000,188.000,66.000, 0.141, 0.132, 0.000, 2.000, 0.000, 2.000, 0.000,14.180, 0.000, 0.000, 0.000,-107.315,66.0000,319.400,239.581,106.305,63.249,463.080, 2.217,-2.201,-0.173, 0.218,-5.007, 0.051,0.00000,0.00000,0.21823,0.04060,0.04506,0.00000,0.05078,0.05057,-5.00000,0.00664,-0.05994,0.00000,0.00000
1722031965.611085,202.000,188.000,66.000,202.000,188.000,66.000,202.000,188.000,65.000, 0.132, 0.131, 0.000, 0.000, 0.000, 0.000, 0.000, 0.000, 0.000, 0.000, 0.000, 0.000,65.0000,319.264,239.581,106.320,63.167,462.323, 2.211,-2.199,-0.180, 0.135,-5.404, 0.061,0.00000,0.00000,0.13548,0.04166,0.04537,0.00000,0.06058,0.04579,-5.00000,0.40381,-0.05994,0.00000,0.00000
1722031965.737973,202.000,188.000,66.000,202.000,188.000,65.000,202.000,188.000,65.000, 0.131, 0.127, 0.000, 0.000, 0.000, 0.000, 0.000, 0.000, 0.000, 0.000, 0.000, 0.000,65.0000,319.254,239.583,106.314,63.168,462.255, 2.211,-2.198,-0.181, 0.133,-5.445, 0.067,0.00000,0.00000,0.13296,0.04138,0.04518,0.00000,0.06747,0.04502,-5.00000,0.44518,-0.05994,0.00000,0.00000
1722031965.875228,202.000,188.000,65.000,202.000,188.000,65.000,202.000,188.000,65.000, 0.127, 0.137, 0.000, 0.000, 0.000, 0.000, 0.000, 0.000, 0.000, 0.000, 0.000, 0.000,65.0000,319.358,239.615,106.446,63.118,462.964, 2.215,-2.204,-0.178, 0.106,-5.082,-0.147,0.00000,0.00000,0.10598,0.04167,0.04794,0.00000,-0.14683,0.04909,-5.00000,0.08230,-0.05994,0.00000,0.00000
1722031966.005449,202.000,188.000,65.000,202.000,188.000,65.000,204.000,184.000,68.000, 0.137, 0.130, 0.000, 0.000, 0.000, 0.000, 0.000, 0.000,15.376,-30.752,118.214,-236.427,68.0000,319.105,239.724,106.256,63.230,462.192, 2.211,-2.199,-0.192, 0.100,-5.715,-0.274,0.00000,0.00000,0.10008,0.04161,0.04964,0.00000,-0.27437,0.03985,-5.00000,0.71460,-0.05994,0.00000,0.00000
1722031966.132739,202.000,188.000,65.000,204.000,184.000,68.000,202.000,188.000,66.000, 0.130, 0.127, 2.000,-4.000, 2.000,-4.000,15.376,-30.752,-15.691,31.382,-243.740,487.480,66.0000,319.143,239.642,106.297,63.169,462.235, 2.211,-2.199,-0.187, 0.099,-5.582,-0.133,0.00000,0.00000,0.09857,0.04157,0.04809,0.00000,-0.13336,0.04116,-5.00000,0.58183,-0.05994,0.00000,0.00000
1722031966.265632,204.000,184.000,68.000,202.000,188.000,66.000,202.000,190.000,66.000, 0.127, 0.133,-2.000, 4.000,-2.000, 4.000,-15.691,31.382, 0.000,15.049,118.067,-122.899,66.0000,319.166,239.625,106.341,63.146,462.706, 2.214,-2.203,-0.188, 0.092,-5.393,-0.349,0.00000,0.00000,0.09151,0.04161,0.05148,0.00000,-0.34926,0.04235,-5.00000,0.39299,-0.05994,0.00000,0.00000
1722031966.3962612,202.000,188.000,66.000,202.000,190.000,66.000,202.000,190.000,66.000, 0.133, 0.131, 0.000, 2.000, 0.000, 2.000, 0.000,15.049, 0.000, 0.000, 0.000,-115.228,66.0000,319.212,239.923,106.451,63.184,463.488, 2.217,-2.207,-0.187, 0.060,-5.162,-0.495,0.00000,0.00000,0.05988,0.04197,0.05382,0.00000,-0.49505,0.04440,-5.00000,0.16207,-0.05994,0.00000,0.00000
1722031966.5367732,202.000,190.000,66.000,202.000,190.000,66.000,202.000,188.000,65.000, 0.131, 0.140, 0.000, 0.000, 0.000, 0.000, 0.000, 0.000, 0.000,-14.248, 0.000,-101.501,65.0000,319.536,239.791,106.645,63.060,463.390, 2.215,-2.206,-0.168, 0.060,-4.785, 0.076,0.00000,0.00000,0.06009,0.04184,0.04688,0.00000,0.07620,0.04882,-5.00000,-0.21473,-0.05994,0.00000,0.00000
1722031966.674687,202.000,190.000,66.000,202.000,188.000,65.000,202.000,188.000,66.000, 0.140, 0.138, 0.000,-2.000, 0.000,-2.000, 0.000,-14.248, 0.000, 0.000, 0.000,103.311,66.0000,319.544,239.684,106.546,63.105,462.998, 2.213,-2.203,-0.167, 0.116,-4.910, 0.271,0.00000,0.00000,0.11639,0.04105,0.04496,0.00000,0.27096,0.04699,-5.00000,-0.08960,-0.05994,0.00000,0.00000
1722031966.7998579,202.000,188.000,65.000,202.000,188.000,66.000,202.000,188.000,66.000, 0.138, 0.125, 0.000, 0.000, 0.000, 0.000, 0.000, 0.000, 0.000, 0.000, 0.000, 0.000,66.0000,319.458,239.850,106.580,63.109,463.687, 2.215,-2.206,-0.175, 0.071,-4.962,-0.114,0.00000,0.00000,0.07092,0.04178,0.04991,0.00000,-0.11389,0.04666,-5.00000,-0.03819,-0.05994,0.00000,0.00000
1722031966.926613,202.000,188.000,66.000,202.000,188.000,66.000,204.000,184.000,70.000, 0.125, 0.127, 0.000, 0.000, 0.000, 0.000, 0.000, 0.000,15.778,-31.555,124.466,-248.933,70.0000,319.441,239.778,106.537,63.110,462.930, 2.212,-2.202,-0.178, 0.068,-5.214, 0.002,0.00000,0.00000,0.06775,0.04165,0.04799,0.00000,0.00173,0.04341,-5.00000,0.21428,-0.05994,0.00000,0.00000
1722031967.055299,202.000,188.000,66.000,204.000,184.000,70.000,202.000,188.000,66.000, 0.127, 0.129, 2.000,-4.000, 2.000,-4.000,15.778,-31.555,-15.543,31.086,-243.412,486.823,66.0000,319.461,239.763,106.559,63.097,462.951, 2.213,-2.204,-0.169, 0.081,-4.932, 0.182,0.00000,0.00000,0.08121,0.04142,0.04574,0.00000,0.18153,0.04717,-5.00000,-0.06791,-0.05994,0.00000,0.00000
1722031967.184175,204.000,184.000,70.000,202.000,188.000,66.000,202.000,188.000,65.000, 0.129, 0.129,-2.000, 4.000,-2.000, 4.000,-15.543,31.086, 0.000, 0.000,120.799,-241.599,65.0000,319.437,239.812,106.556,63.111,463.604, 2.216,-2.206,-0.171, 0.087,-4.862,-0.014,0.00000,0.00000,0.08738,0.04134,0.04829,0.00000,-0.01414,0.04783,-5.00000,-0.13846,-0.05994,0.00000,0.00000
1722031967.325603,202.000,188.000,66.000,202.000,188.000,65.000,202.000,188.000,66.000, 0.129, 0.142, 0.000, 0.000, 0.000, 0.000, 0.000, 0.000, 0.000, 0.000, 0.000, 0.000,66.0000,319.461,239.763,106.559,63.097,462.951, 2.213,-2.204,-0.169, 0.081,-4.932, 0.182,0.00000,0.00000,0.08121,0.04140,0.04538,0.00000,0.18153,0.04705,-5.00000,-0.06791,-0.05994,0.00000,0.00000
1722031967.4646468,202.000,188.000,65.000,202.000,188.000,66.000,200.000,188.000,65.000, 0.142, 0.139, 0.000, 0.000, 0.000, 0.000, 0.000, 0.000,-14.384, 0.000,-103.455, 0.000,65.0000,319.441,239.778,106.537,63.110,462.930, 2.212,-2.202,-0.178, 0.068,-5.214, 0.002,0.00000,0.00000,0.06775,0.04152,0.04774,0.00000,0.00173,0.04348,-5.00000,0.21428,-0.05994,0.00000,0.00000
1722031967.601223,202.000,188.000,66.000,200.000,188.000,65.000,202.000,190.000,66.000, 0.139, 0.136,-2.000, 0.000,-2.000, 0.000,-14.384, 0.000,14.667,14.667,213.044,107.558,66.0000,319.437,239.812,106.556,63.111,463.604, 2.216,-2.206,-0.171, 0.087,-4.862,-0.014,0.00000,0.00000,0.08738,0.04118,0.04768,0.00000,-0.01414,0.04824,-5.00000,-0.13846,-0.05994,0.00000,0.00000
1722031967.733731,200.000,188.000,65.000,202.000,190.000,66.000,200.000,190.000,68.000, 0.136, 0.133, 2.000, 2.000, 2.000, 2.000,14.667,14.667,-15.068, 0.000,-224.023,-110.500,68.0000,319.421,239.741,106.515,63.110,462.861, 2.213,-2.203,-0.174, 0.084,-5.109, 0.099,0.00000,0.00000,0.08409,0.04124,0.04616,0.00000,0.09879,-0.09034,5.00000,10.10862,-0.05994,0.00000,0.00000
1722031967.858507,202.000,190.000,66.000,200.000,190.000,68.000,202.000,188.000,65.000, 0.133, 0.125,-2.000, 0.000,-2.000, 0.000,-15.068, 0.000,16.056,-16.056,249.856,-128.892,65.0000,319.441,239.778,106.537,63.110,462.930, 2.212,-2.202,-0.178, 0.068,-5.214, 0.002,0.00000,0.00000,0.06775,0.04141,0.04744,0.00000,0.00173,-0.09658,5.00000,10.21428,-0.05994,0.00000,0.00000
1722031967.989353,200.000,190.000,68.000,202.000,188.000,65.000,202.000,188.000,66.000, 0.125, 0.131, 2.000,-2.000, 2.000,-2.000,16.056,-16.056, 0.000, 0.000,-122.710,122.710,66.0000,319.536,239.791,106.645,63.060,463.390, 2.215,-2.206,-0.168, 0.060,-4.785, 0.076,0.00000,0.00000,0.06009,0.04143,0.04629,0.00000,0.07620,-0.11104,5.00000,9.78527,-0.05994,0.00000,0.00000
1722031968.119057,202.000,188.000,65.000,202.000,188.000,66.000,216.000,188.000,66.000, 0.131, 0.130, 0.000, 0.000, 0.000, 0.000, 0.000, 0.000,107.770, 0.000,829.602, 0.000,66.0000,327.763,239.371,110.157,62.732,468.489,-2.201, 2.195,-0.015, 0.176, 1.718, 3.069,0.00000,0.00000,0.17611,0.03981,0.00585,0.00000,3.06851,-0.04344,5.00000,3.28178,-0.12062,7.00000,0.00000
1722031968.254497,202.000,188.000,66.000,216.000,188.000,66.000,224.000,182.000,68.000, 0.130, 0.135,14.000, 0.000,14.000, 0.000,107.770, 0.000,59.130,-44.348,-359.512,-327.788,68.0000,329.874,239.971,111.549,62.329,470.706,-2.180, 2.189,-0.057,-0.237, 3.577, 3.396,0.00000,0.00000,-0.23676,0.04564,-0.00021,0.00000,3.39613,-0.03467,5.00000,1.42281,-0.12160,9.00000,0.00000
1722031968.396397,216.000,188.000,66.000,224.000,182.000,68.000,240.000,162.000,66.000, 0.135, 0.142, 8.000,-6.000, 8.000,-6.000,59.130,-44.348,112.905,-141.131,379.465,-682.960,66.0000,326.631,240.367,109.550,63.071,472.033,-2.184, 2.177,-0.021, 0.223, 2.872, 2.221,0.00000,0.00000,0.22268,0.03832,0.00936,0.00000,2.22140,-0.04982,5.00000,2.12812,-0.09558,6.00000,0.00000
1722031968.52026,224.000,182.000,68.000,240.000,162.000,66.000,256.000,142.000,68.000, 0.142, 0.124,16.000,-20.000,16.000,-20.000,112.905,-141.131,128.924,-161.155,129.080,-161.349,68.0000,322.779,241.283,108.382,62.636,475.852,-2.158, 2.164, 0.015,-0.062, 3.082, 0.122,0.00000,0.00000,-0.06241,0.04344,0.03150,0.00000,0.12151,-0.05017,5.00000,1.91775,-0.07391,2.00000,-1.00000
1722031968.644133,240.000,162.000,66.000,256.000,142.000,68.000,280.000,124.000,68.000, 0.124, 0.124,16.000,-20.000,16.000,-20.000,128.924,-161.155,193.597,-145.197,521.681,128.725,68.0000,319.090,242.506,107.000,63.203,474.272,-2.169, 2.174, 0.047,-0.092, 1.604,-0.083,0.00000,0.00000,-0.09201,0.04301,0.03087,0.00000,-0.08341,-0.07427,5.00000,3.39556,-0.06992,0.00000,-2.00000
1722031968.7726002,256.000,142.000,68.000,280.000,124.000,68.000,310.000,116.000,68.000, 0.124, 0.128,24.000,-18.000,24.000,-18.000,193.597,-145.197,233.620,-62.299,311.671,645.561,68.0000,323.064,241.311,108.928,62.547,473.549,-2.174, 2.185, 0.036,-0.239, 1.457, 0.655,0.00000,0.00000,-0.23901,0.04495,0.02076,0.00000,0.65549,-0.08083,5.00000,3.54302,-0.10193,3.00000,-1.00000
1722031968.907721,280.000,124.000,68.000,310.000,116.000,68.000,338.000,114.000,67.000, 0.128, 0.135,30.000,-8.000,30.000,-8.000,233.620,-62.299,207.133,-14.795,-195.939,351.411,67.0000,326.150,239.588,109.361,62.773,471.653,-2.188, 2.180,-0.014, 0.237, 2.505, 2.206,0.00000,0.00000,0.23678,0.03821,-0.00038,0.00000,2.20635,-0.07354,5.00000,2.49540,-0.12093,6.00000,0.00000
1722031969.039882,310.000,116.000,68.000,338.000,114.000,67.000,364.000,116.000,68.000, 0.135, 0.132,28.000,-2.000,28.000,-2.000,207.133,-14.795,196.832,15.141,-77.980,226.630,68.0000,327.080,239.067,110.452,61.831,471.700,-2.176, 2.187,-0.034,-0.244, 3.156, 2.635,0.00000,0.00000,-0.24365,0.04600,-0.00825,0.00000,2.63512,-0.07131,5.00000,1.84406,-0.12458,7.00000,0.00000
1722031969.171783,338.000,114.000,67.000,364.000,116.000,68.000,394.000,126.000,71.000, 0.132, 0.132,26.000, 2.000,26.000, 2.000,196.832,15.141,227.342,75.781,231.207,459.533,71.0000,325.185,239.727,109.274,62.259,474.526,-2.167, 2.170,-0.017,-0.010, 3.470, 1.402,0.00000,0.00000,-0.01041,0.04153,0.00378,0.00000,1.40210,-0.07173,5.00000,1.53001,-0.10890,5.00000,0.00000
1722031969.3036659,364.000,116.000,68.000,394.000,126.000,71.000,416.000,148.000,68.000, 0.132, 0.132,30.000,10.000,30.000,10.000,227.342,75.781,167.264,167.264,-456.768,695.542,68.0000,321.715,241.035,108.572,61.915,475.798,-2.151, 2.173, 0.008,-0.465, 3.216, 0.405,0.00000,0.00000,-0.46478,0.04838,0.01258,0.00000,0.40523,-0.07868,5.00000,1.78355,-0.08356,1.00000,-1.00000
1722031969.4439092,394.000,126.000,71.000,416.000,148.000,68.000,442.000,184.000,68.000, 0.132, 0.140,22.000,22.000,22.000,22.000,167.264,167.264,185.130,256.334,127.213,634.213,68.0000,321.815,240.787,108.223,62.257,475.631,-2.159, 2.170, 0.010,-0.200, 3.009, 0.498,0.00000,0.00000,-0.19983,0.04367,0.00902,0.00000,0.49804,-0.08467,5.00000,1.99126,-0.09624,1.00000,0.00000
1722031969.5769029,416.000,148.000,68.000,442.000,184.000,68.000,458.000,232.000,69.000, 0.140, 0.133,26.000,36.000,26.000,36.000,185.130,256.334,120.181,360.544,-487.853,782.753,69.0000,322.402,239.671,109.057,61.363,474.069,-2.160, 2.187,-0.073,-0.682, 4.654, 3.236,0.00000,0.00000,-0.68188,0.05107,-0.02880,0.00000,3.23623,-0.06613,5.00000,0.34591,-0.10558,2.00000,0.00000
1722031969.7084548,442.000,184.000,68.000,458.000,232.000,69.000,452.000,284.000,67.000, 0.133, 0.131,16.000,48.000,16.000,48.000,120.181,360.544,-45.667,395.780,-1262.297,268.190,67.0000,324.962,241.141,109.445,62.482,475.380,-2.158, 2.169,-0.025,-0.213, 3.993, 1.337,0.00000,0.00000,-0.21284,0.04363,-0.00552,0.00000,1.33706,-0.07821,5.00000,1.00705,-0.12124,4.00000,-1.00000
1722031969.8345118,458.000,232.000,69.000,452.000,284.000,67.000,428.000,326.000,66.000, 0.131, 0.126,-6.000,52.000,-6.000,52.000,-45.667,395.780,-190.179,332.813,-1145.132,-498.958,66.0000,325.083,242.418,108.882,63.549,476.795,-2.163, 2.157, 0.021, 0.257, 2.920,-0.073,0.00000,0.00000,0.25711,0.03880,0.00799,0.00000,-0.07279,-0.09372,5.00000,2.08021,-0.12657,5.00000,-2.00000
1722031969.962053,452.000,284.000,67.000,428.000,326.000,66.000,396.000,356.000,66.000, 0.126, 0.128,-24.000,42.000,-24.000,42.000,-190.179,332.813,-250.854,235.176,-475.643,-765.400,66.0000,323.098,243.179,108.417,63.005,479.975,-2.138, 2.143, 0.065, 0.022, 2.878,-2.358,0.00000,0.00000,0.02193,0.04326,0.03686,0.00000,-2.35755,-0.09683,5.00000,2.12202,-0.10956,3.00000,-3.00000
1722031970.093943,428.000,326.000,66.000,396.000,356.000,66.000,366.000,366.000,66.000, 0.128, 0.132,-32.000,30.000,-32.000,30.000,-250.854,235.176,-227.523,75.841,176.945,-1208.411,66.0000,322.767,240.610,107.852,62.478,479.153,-2.147, 2.143, 0.030, 0.249, 3.565,-1.191,0.00000,0.00000,0.24925,0.03947,0.02239,0.00000,-1.19057,-0.09172,5.00000,1.43453,-0.10889,2.00000,0.00000
1722031970.227904,396.000,356.000,66.000,366.000,366.000,66.000,342.000,368.000,67.000, 0.132, 0.134,-30.000,10.000,-30.000,10.000,-227.523,75.841,-179.120,14.927,361.246,-454.625,67.0000,323.593,237.361,108.699,61.186,474.087,-2.165, 2.171,-0.026,-0.096, 3.740, 1.634,0.00000,0.00000,-0.09563,0.04469,-0.01161,0.00000,1.63404,-0.09326,5.00000,1.25963,-0.12190,3.00000,2.00000
1722031970.361536,366.000,366.000,66.000,342.000,368.000,67.000,328.000,364.000,66.000, 0.134, 0.133,-24.000, 2.000,-24.000, 2.000,-179.120,14.927,-104.981,-29.994,555.945,-336.846,66.0000,323.833,236.924,108.174,61.594,474.394,-2.170, 2.163,-0.036, 0.272, 4.097, 1.787,0.00000,0.00000,0.27202,0.03873,-0.01270,0.00000,1.78727,-0.09123,5.00000,0.90308,-0.12089,3.00000,3.00000
1722031970.501039,342.000,368.000,67.000,328.000,364.000,66.000,330.000,364.000,66.000, 0.133, 0.140,-14.000,-4.000,-14.000,-4.000,-104.981,-29.994,14.323, 0.000,854.370,214.800,66.0000,322.437,240.894,107.384,63.292,475.777,-2.163, 2.154,-0.039, 0.359, 4.634, 1.424,0.00000,0.00000,0.35911,0.03853,-0.01114,0.00000,1.42433,-0.08632,5.00000,0.36614,-0.11422,2.00000,0.00000
1722031970.626646,328.000,364.000,66.000,330.000,364.000,66.000,348.000,366.000,66.000, 0.140, 0.126, 2.000, 0.000, 2.000, 0.000,14.323, 0.000,143.368,15.930,1027.833,126.879,66.0000,322.239,243.205,108.205,63.012,479.197,-2.141, 2.152, 0.013,-0.132, 3.966,-0.673,0.00000,0.00000,-0.13199,0.04524,0.01377,0.00000,-0.67255,-0.09687,5.00000,1.03374,-0.11856,2.00000,-3.00000
1722031970.759426,330.000,364.000,66.000,348.000,366.000,66.000,370.000,368.000,64.000, 0.126, 0.133,18.000, 2.000,18.000, 2.000,143.368,15.930,165.468,15.043,166.222,-6.673,64.0000,322.429,244.101,107.684,63.859,480.477,-2.143, 2.140, 0.024, 0.260, 3.900,-1.222,0.00000,0.00000,0.26016,0.03854,0.01938,0.00000,-1.22160,-0.09883,5.00000,1.10046,-0.11989,2.00000,-4.00000
1722031970.88934,348.000,366.000,66.000,370.000,368.000,64.000,398.000,350.000,65.000, 0.133, 0.130,22.000, 2.000,22.000, 2.000,165.468,15.043,215.828,-138.746,388.178,-1185.426,65.0000,323.287,240.103,108.764,61.762,478.257,-2.147, 2.159, 0.011,-0.179, 3.639,-0.221,0.00000,0.00000,-0.17856,0.04551,0.00749,0.00000,-0.22076,-0.10445,5.00000,1.36112,-0.12989,3.00000,0.00000
1722031971.031001,370.000,368.000,64.000,398.000,350.000,65.000,426.000,322.000,65.000, 0.130, 0.142,28.000,-18.000,28.000,-18.000,215.828,-138.746,197.371,-197.371,-130.103,-413.240,65.0000,323.899,237.603,108.780,61.327,474.427,-2.165, 2.171,-0.050,-0.103, 4.373, 2.288,0.00000,0.00000,-0.10293,0.04326,-0.02444,0.00000,2.28845,-0.09686,5.00000,0.62657,-0.12889,3.00000,2.00000
1722031971.1590679,398.000,350.000,65.000,426.000,322.000,65.000,446.000,290.000,64.000, 0.142, 0.128,28.000,-28.000,28.000,-28.000,197.371,-197.371,156.460,-250.337,-320.042,-414.353,64.0000,324.205,237.003,109.110,60.756,474.669,-2.154, 2.168,-0.055,-0.297, 4.896, 2.022,0.00000,0.00000,-0.29668,0.04615,-0.02166,0.00000,2.02239,-0.09216,5.00000,0.10404,-0.13955,4.00000,2.00000
1722031971.291029,426.000,322.000,65.000,446.000,290.000,64.000,452.000,246.000,65.000, 0.128, 0.132,20.000,-32.000,20.000,-32.000,156.460,-250.337,45.384,-332.819,-840.186,-623.901,65.0000,321.523,240.500,108.055,61.602,479.480,-2.130, 2.152,-0.046,-0.401, 5.829, 0.651,0.00000,0.00000,-0.40105,0.04713,-0.00758,0.00000,0.65051,-0.08056,5.00000,-0.82912,-0.11321,1.00000,0.00000
1722031971.4289632,446.000,290.000,64.000,452.000,246.000,65.000,444.000,206.000,65.000, 0.132, 0.138, 6.000,-44.000, 6.000,-44.000,45.384,-332.819,-58.116,-290.581,-751.885,306.835,65.0000,320.724,243.031,107.798,62.630,479.543,-2.134, 2.152, 0.008,-0.303, 4.292,-0.682,0.00000,0.00000,-0.30320,0.04569,0.00705,0.00000,-0.68204,-0.10105,5.00000,0.70752,-0.11421,0.00000,-3.00000
1722031971.559595,452.000,246.000,65.000,444.000,206.000,65.000,430.000,180.000,64.000, 0.138, 0.131,-8.000,-40.000,-8.000,-40.000,-58.116,-290.581,-107.066,-198.836,-374.342,701.626,64.0000,320.105,242.924,107.589,62.844,478.162,-2.149, 2.163, 0.016,-0.253, 3.362,-0.182,0.00000,0.00000,-0.25279,0.04546,-0.00033,0.00000,-0.18248,-0.11271,5.00000,1.63795,-0.11722,0.00000,-2.00000
1722031971.688218,444.000,206.000,65.000,430.000,180.000,64.000,428.000,166.000,66.000, 0.131, 0.129,-14.000,-26.000,-14.000,-26.000,-107.066,-198.836,-15.563,-108.939,712.018,699.522,66.0000,323.049,240.975,108.727,62.211,476.919,-2.152, 2.166,-0.020,-0.258, 4.122, 0.936,0.00000,0.00000,-0.25783,0.04580,-0.01431,0.00000,0.93563,-0.10433,5.00000,0.87822,-0.14322,3.00000,0.00000
1722031971.817808,430.000,180.000,64.000,428.000,166.000,66.000,428.000,158.000,67.000, 0.129, 0.130,-2.000,-14.000,-2.000,-14.000,-15.563,-108.939, 0.000,-61.630,119.890,364.459,67.0000,323.994,238.005,109.335,60.832,475.607,-2.151, 2.171,-0.049,-0.461, 4.751, 1.881,0.00000,0.00000,-0.46055,0.04865,-0.02727,0.00000,1.88146,-0.09874,5.00000,0.24947,-0.13621,3.00000,1.00000
1722031971.949763,428.000,166.000,66.000,428.000,158.000,67.000,428.000,164.000,66.000, 0.130, 0.132, 0.000,-8.000, 0.000,-8.000, 0.000,-61.630, 0.000,45.550, 0.000,813.673,66.0000,322.879,239.361,108.267,61.624,478.967,-2.142, 2.151,-0.028,-0.092, 5.054, 0.468,0.00000,0.00000,-0.09168,0.04329,-0.01053,0.00000,0.46821,-0.09608,5.00000,-0.05446,-0.12954,2.00000,0.00000
1722031972.0864651,428.000,158.000,67.000,428.000,164.000,66.000,438.000,178.000,68.000, 0.132, 0.137, 0.000, 6.000, 0.000, 6.000, 0.000,45.550,73.053,102.274,533.667,414.379,68.0000,321.306,241.140,107.975,61.905,479.292,-2.134, 2.152,-0.011,-0.310, 4.817,-0.184,0.00000,0.00000,-0.30998,0.04740,-0.00478,0.00000,-0.18406,-0.09963,5.00000,0.18306,-0.12521,1.00000,-1.00000
1722031972.212426,428.000,164.000,66.000,438.000,178.000,68.000,448.000,208.000,68.000, 0.137, 0.126,10.000,14.000,10.000,14.000,73.053,102.274,79.491,238.474,51.183,1082.675,68.0000,320.783,241.519,107.614,62.209,479.762,-2.136, 2.151,-0.016,-0.216, 4.920,-0.027,0.00000,0.00000,-0.21644,0.04563,-0.00752,0.00000,-0.02677,-0.09825,5.00000,0.07958,-0.12021,0.00000,-1.00000
1722031972.342056,438.000,178.000,68.000,448.000,208.000,68.000,454.000,248.000,67.000, 0.126, 0.130,10.000,30.000,10.000,30.000,79.491,238.474,46.293,308.623,-256.141,541.236,67.0000,321.284,240.421,108.171,61.606,478.683,-2.140, 2.162,-0.050,-0.466, 5.348, 1.347,0.00000,0.00000,-0.46601,0.04939,-0.02578,0.00000,1.34736,-0.09279,5.00000,-0.34780,-0.13188,1.00000,0.00000
1722031972.475022,448.000,208.000,68.000,454.000,248.000,67.000,446.000,294.000,66.000, 0.130, 0.133, 6.000,40.000, 6.000,40.000,46.293,308.623,-60.153,345.878,-800.377,280.126,66.0000,322.390,240.739,108.024,62.215,479.217,-2.142, 2.149,-0.004,-0.015, 4.455,-0.226,0.00000,0.00000,-0.01539,0.04279,-0.00516,0.00000,-0.22632,-0.10479,5.00000,0.54515,-0.13821,2.00000,0.00000
1722031972.6040561,454.000,248.000,67.000,446.000,294.000,66.000,422.000,330.000,65.000, 0.133, 0.129,-8.000,46.000,-8.000,46.000,-60.153,345.878,-185.649,278.474,-970.764,-521.396,65.0000,322.120,240.913,107.905,62.162,479.955,-2.137, 2.145, 0.011,-0.005, 4.329,-0.897,0.00000,0.00000,-0.00483,0.04401,0.00198,0.00000,-0.89686,-0.10624,5.00000,0.67076,-0.13654,2.00000,0.00000
1722031972.741097,446.000,294.000,66.000,422.000,330.000,65.000,396.000,354.000,67.000, 0.129, 0.137,-24.000,36.000,-24.000,36.000,-185.649,278.474,-189.954,175.342,-31.451,-753.472,67.0000,321.337,241.475,107.663,62.100,481.335,-2.129, 2.139, 0.035,-0.036, 4.062,-1.939,0.00000,0.00000,-0.03568,0.04446,0.01684,0.00000,-1.93913,-0.11099,5.00000,0.93795,-0.12920,1.00000,-1.00000
1722031972.874492,422.000,330.000,65.000,396.000,354.000,67.000,374.000,364.000,65.000, 0.137, 0.133,-26.000,24.000,-26.000,24.000,-189.954,175.342,-164.845,74.929,188.143,-752.388,65.0000,321.770,240.792,108.167,61.752,479.259,-2.133, 2.152,-0.015,-0.322, 4.939,-0.109,0.00000,0.00000,-0.32152,0.04824,-0.00556,0.00000,-0.10876,-0.10063,5.00000,0.06079,-0.13287,1.00000,0.00000
1722031972.9980748,396.000,354.000,67.000,374.000,364.000,65.000,368.000,366.000,65.000, 0.133, 0.124,-22.000,10.000,-22.000,10.000,-164.845,74.929,-48.510,16.170,940.570,-475.072,65.0000,322.527,239.261,108.024,61.581,479.671,-2.140, 2.146,-0.011,-0.006, 4.783,-0.196,0.00000,0.00000,-0.00611,0.04329,-0.00141,0.00000,-0.19649,-0.10418,5.00000,0.21725,-0.14221,2.00000,0.00000
1722031973.145889,374.000,364.000,65.000,368.000,366.000,65.000,376.000,362.000,66.000, 0.124, 0.148,-6.000, 2.000,-6.000, 2.000,-48.510,16.170,54.186,-27.093,695.578,-293.027,66.0000,322.304,238.942,107.731,61.664,479.028,-2.141, 2.145,-0.033, 0.052, 5.382, 0.398,0.00000,0.00000,0.05161,0.04346,-0.00918,0.00000,0.39829,-0.09629,5.00000,-0.38161,-0.14054,2.00000,1.00000
1722031973.2964532,368.000,366.000,65.000,376.000,362.000,66.000,392.000,352.000,65.000, 0.148, 0.151, 8.000,-4.000, 8.000,-4.000,54.186,-27.093,106.290,-66.431,346.140,-261.333,65.0000,321.254,239.906,108.122,61.144,479.768,-2.129, 2.152,-0.002,-0.407, 4.720,-0.570,0.00000,0.00000,-0.40747,0.04980,0.00398,0.00000,-0.56975,-0.10536,5.00000,0.27998,-0.13320,1.00000,0.00000
1722031973.451797,376.000,362.000,66.000,392.000,352.000,65.000,420.000,324.000,63.000, 0.151, 0.155,16.000,-10.000,16.000,-10.000,106.290,-66.431,180.691,-180.691,480.124,-737.343,63.0000,320.329,240.521,107.188,61.938,479.714,-2.135, 2.144,-0.001,-0.066, 4.712,-0.672,0.00000,0.00000,-0.06587,0.04402,0.00505,0.00000,-0.67191,-0.10504,5.00000,0.28838,-0.12820,0.00000,0.00000
1722031973.599327,392.000,352.000,65.000,420.000,324.000,63.000,448.000,280.000,66.000, 0.155, 0.148,28.000,-28.000,28.000,-28.000,180.691,-180.691,189.254,-297.400,57.882,-788.847,66.0000,320.388,240.852,107.683,61.626,479.848,-2.131, 2.150, 0.007,-0.334, 4.446,-0.805,0.00000,0.00000,-0.33351,0.04869,0.00803,0.00000,-0.80483,-0.10919,5.00000,0.55374,-0.13120,0.00000,0.00000
1722031973.735633,420.000,324.000,63.000,448.000,280.000,66.000,454.000,238.000,68.000, 0.148, 0.136,28.000,-44.000,28.000,-44.000,189.254,-297.400,44.016,-308.110,-1065.463,-78.567,68.0000,321.585,239.186,107.938,61.665,476.185,-2.153, 2.165,-0.042,-0.205, 4.688, 1.534,0.00000,0.00000,-0.20543,0.04632,-0.02213,0.00000,1.53390,-0.10663,5.00000,0.31186,-0.13987,1.00000,0.00000
1722031973.866505,448.000,280.000,66.000,454.000,238.000,68.000,446.000,208.000,64.000, 0.136, 0.131, 6.000,-42.000, 6.000,-42.000,44.016,-308.110,-61.105,-229.146,-802.935,603.142,64.0000,321.980,239.529,107.975,61.806,476.815,-2.147, 2.158,-0.047,-0.178, 5.178, 1.342,0.00000,0.00000,-0.17767,0.04644,-0.01910,0.00000,1.34209,-0.10100,5.00000,-0.17802,-0.13753,1.00000,0.00000
1722031973.9908,454.000,238.000,68.000,446.000,208.000,64.000,442.000,186.000,66.000, 0.131, 0.124,-8.000,-30.000,-8.000,-30.000,-61.105,-229.146,-32.221,-177.214,232.672,418.320,66.0000,321.876,240.168,107.854,61.906,478.963,-2.139, 2.150,-0.029,-0.119, 5.206, 0.376,0.00000,0.00000,-0.11850,0.04581,-0.00902,0.00000,0.37588,-0.10100,5.00000,-0.20649,-0.13820,1.00000,0.00000
1722031974.126221,446.000,208.000,64.000,442.000,186.000,66.000,434.000,176.000,67.000, 0.124, 0.136,-4.000,-22.000,-4.000,-22.000,-32.221,-177.214,-58.986,-73.732,-197.345,762.993,67.0000,320.861,240.836,108.019,61.538,479.098,-2.130, 2.154,-0.013,-0.467, 4.887,-0.167,0.00000,0.00000,-0.46720,0.05075,-0.00390,0.00000,-0.16652,-0.10495,5.00000,0.11340,-0.13020,0.00000,0.00000
1722031974.2587059,442.000,186.000,66.000,434.000,176.000,67.000,432.000,176.000,65.000, 0.136, 0.132,-8.000,-10.000,-8.000,-10.000,-58.986,-73.732,-15.132, 0.000,331.800,557.863,65.0000,320.411,240.646,107.661,61.550,479.958,-2.130, 2.150,-0.012,-0.361, 5.008,-0.320,0.00000,0.00000,-0.36117,0.04851,-0.00231,0.00000,-0.32041,-0.10305,5.00000,-0.00840,-0.13320,0.00000,0.00000
1722031974.424895,434.000,176.000,67.000,432.000,176.000,65.000,442.000,188.000,67.000, 0.132, 0.167,-2.000, 0.000,-2.000, 0.000,-15.132, 0.000,60.038,72.046,451.307,432.548,67.0000,320.806,240.165,107.834,61.692,477.260,-2.143, 2.162,-0.040,-0.378, 5.029, 1.119,0.00000,0.00000,-0.37840,0.04924,-0.02133,0.00000,1.11890,-0.10293,5.00000,-0.02919,-0.13320,0.00000,0.00000
1722031974.5482318,432.000,176.000,65.000,442.000,188.000,67.000,450.000,214.000,67.000, 0.167, 0.123,10.000,12.000,10.000,12.000,60.038,72.046,64.907,210.948,39.506,1126.974,67.0000,321.197,240.144,107.916,61.661,478.745,-2.141, 2.157,-0.029,-0.297, 4.921, 0.647,0.00000,0.00000,-0.29678,0.04827,-0.01503,0.00000,0.64677,-0.10436,5.00000,0.07871,-0.14187,1.00000,0.00000
1722031974.687236,442.000,188.000,67.000,450.000,214.000,67.000,454.000,250.000,67.000, 0.123, 0.139, 8.000,26.000, 8.000,26.000,64.907,210.948,28.812,259.308,-259.994,348.332,67.0000,321.103,240.149,108.103,61.615,477.021,-2.146, 2.166,-0.032,-0.426, 4.617, 1.107,0.00000,0.00000,-0.42581,0.05041,-0.02324,0.00000,1.10673,-0.10847,5.00000,0.38327,-0.13953,1.00000,0.00000
1722031974.834578,450.000,214.000,67.000,454.000,250.000,67.000,446.000,292.000,66.000, 0.139, 0.147, 4.000,36.000, 4.000,36.000,28.812,259.308,-54.263,284.882,-563.493,173.471,66.0000,320.848,241.215,107.627,61.704,481.502,-2.122, 2.139, 0.009,-0.228, 4.997,-1.461,0.00000,0.00000,-0.22840,0.04757,0.00991,0.00000,-1.46119,-0.10364,5.00000,0.00310,-0.13153,0.00000,-1.00000
1722031974.9641678,454.000,250.000,67.000,446.000,292.000,66.000,424.000,326.000,66.000, 0.147, 0.130,-8.000,42.000,-8.000,42.000,-54.263,284.882,-169.786,262.397,-891.553,-173.535,66.0000,320.509,241.415,107.566,61.779,481.579,-2.124, 2.141, 0.016,-0.239, 4.667,-1.487,0.00000,0.00000,-0.23894,0.04842,0.00932,0.00000,-1.48693,-0.10867,5.00000,0.33277,-0.13453,0.00000,-1.00000
1722031975.093739,446.000,292.000,66.000,424.000,326.000,66.000,402.000,348.000,65.000, 0.130, 0.130,-22.000,34.000,-22.000,34.000,-169.786,262.397,-169.762,169.762, 0.186,-714.812,65.0000,320.933,240.658,107.694,61.889,479.496,-2.139, 2.152, 0.002,-0.173, 4.294,-0.408,0.00000,0.00000,-0.17345,0.04762,-0.00231,0.00000,-0.40832,-0.11388,5.00000,0.70576,-0.13453,0.00000,0.00000
1722031975.228342,424.000,326.000,66.000,402.000,348.000,65.000,384.000,358.000,66.000, 0.130, 0.135,-22.000,22.000,-22.000,22.000,-169.762,169.762,-133.557,74.198,268.635,-709.067,66.0000,321.829,238.999,107.787,61.375,479.647,-2.136, 2.146,-0.022,-0.083, 5.178, 0.002,0.00000,0.00000,-0.08257,0.04668,-0.00542,0.00000,0.00237,-0.10280,5.00000,-0.17773,-0.14320,1.00000,1.00000
1722031975.36005,402.000,348.000,65.000,384.000,358.000,66.000,384.000,358.000,65.000, 0.135, 0.132,-18.000,10.000,-18.000,10.000,-133.557,74.198, 0.000, 0.000,1015.473,-564.152,65.0000,322.883,238.837,108.573,60.962,479.349,-2.132, 2.150,-0.022,-0.308, 5.182,-0.006,0.00000,0.00000,-0.30830,0.05004,-0.00470,0.00000,-0.00571,-0.10372,5.00000,-0.18195,-0.14953,2.00000,1.00000
1722031975.487766,384.000,358.000,66.000,384.000,358.000,65.000,396.000,352.000,66.000, 0.132, 0.128, 0.000, 0.000, 0.000, 0.000, 0.000, 0.000,93.827,-46.914,733.626,-366.813,66.0000,321.349,239.644,107.593,61.717,479.454,-2.141, 2.148,-0.007,-0.030, 4.606,-0.214,0.00000,0.00000,-0.03007,0.04576,-0.00189,0.00000,-0.21358,-0.11113,5.00000,0.39358,-0.13919,1.00000,0.00000
1722031975.614059,384.000,358.000,65.000,396.000,352.000,66.000,416.000,332.000,64.000, 0.128, 0.126,12.000,-6.000,12.000,-6.000,93.827,-46.914,158.662,-158.662,514.340,-886.509,64.0000,320.418,240.793,107.242,61.836,480.733,-2.127, 2.140,-0.006,-0.125, 5.230,-0.899,0.00000,0.00000,-0.12517,0.04789,0.00747,0.00000,-0.89886,-0.10263,5.00000,-0.22978,-0.13419,0.00000,0.00000
1722031975.742819,396.000,352.000,66.000,416.000,332.000,64.000,438.000,304.000,65.000, 0.126, 0.129,20.000,-20.000,20.000,-20.000,158.662,-158.662,170.541,-217.053,92.090,-452.640,65.0000,319.834,241.071,107.126,61.741,481.495,-2.123, 2.139,-0.004,-0.204, 5.299,-1.083,0.00000,0.00000,-0.20439,0.04874,0.01073,0.00000,-1.08341,-0.10218,5.00000,-0.29897,-0.13720,0.00000,-1.00000
1722031975.8745,416.000,332.000,64.000,438.000,304.000,65.000,448.000,268.000,64.000, 0.129, 0.132,22.000,-28.000,22.000,-28.000,170.541,-217.053,76.038,-273.735,-718.585,-431.002,64.0000,320.099,240.295,107.295,61.987,477.826,-2.146, 2.159,-0.042,-0.214, 5.063, 1.193,0.00000,0.00000,-0.21354,0.04873,-0.01811,0.00000,1.19262,-0.10487,5.00000,-0.06274,-0.13720,0.00000,0.00000
1722031976.012531,438.000,304.000,65.000,448.000,268.000,64.000,454.000,234.000,67.000, 0.132, 0.138,10.000,-36.000,10.000,-36.000,76.038,-273.735,43.463,-246.290,-235.965,198.813,67.0000,320.969,239.036,107.675,60.786,482.603,-2.118, 2.142,-0.082,-0.462, 7.386, 1.056,0.00000,0.00000,-0.46153,0.05216,-0.01523,0.00000,1.05585,-0.07303,5.00000,-2.38565,-0.13720,0.00000,0.00000
1722031976.136734,448.000,268.000,64.000,454.000,234.000,67.000,450.000,208.000,68.000, 0.138, 0.124, 6.000,-34.000, 6.000,-34.000,43.463,-246.290,-32.218,-209.417,-609.571,296.992,68.0000,321.520,238.699,107.931,61.109,478.345,-2.138, 2.153,-0.029,-0.262, 5.125, 0.439,0.00000,0.00000,-0.26206,0.04895,-0.00921,0.00000,0.43891,-0.10228,5.00000,-0.12479,-0.14587,1.00000,1.00000
1722031976.27829,454.000,234.000,67.000,450.000,208.000,68.000,442.000,190.000,67.000, 0.124, 0.142,-4.000,-26.000,-4.000,-26.000,-32.218,-209.417,-56.492,-127.108,-171.416,581.228,67.0000,320.315,240.822,107.853,61.581,478.701,-2.136, 2.158, 0.014,-0.424, 3.936,-0.635,0.00000,0.00000,-0.42364,0.05186,0.00348,0.00000,-0.63508,-0.11468,5.00000,1.06381,-0.13486,0.00000,0.00000
1722031976.4054358,450.000,208.000,68.000,442.000,190.000,67.000,438.000,186.000,66.000, 0.142, 0.124,-8.000,-18.000,-8.000,-18.000,-56.492,-127.108,-32.144,-32.144,195.664,763.131,66.0000,319.780,240.550,106.985,62.227,478.271,-2.148, 2.155,-0.015,-0.046, 4.430, 0.373,0.00000,0.00000,-0.04619,0.04649,-0.01047,0.00000,0.37280,-0.10835,5.00000,0.56970,-0.13786,0.00000,0.00000
1722031976.533525,442.000,190.000,67.000,438.000,186.000,66.000,440.000,192.000,67.000, 0.124, 0.131,-4.000,-4.000,-4.000,-4.000,-32.144,-32.144,15.281,45.842,362.341,595.840,67.0000,319.907,240.983,108.320,61.104,477.402,-2.130, 2.170,-0.042,-0.949, 5.220, 1.095,0.00000,0.00000,-0.94889,0.05984,-0.01945,0.00000,1.09527,-0.09957,5.00000,-0.21993,-0.13786,0.00000,0.00000
1722031976.6722891,438.000,186.000,66.000,440.000,192.000,67.000,448.000,208.000,66.000, 0.131, 0.139, 2.000, 6.000, 2.000, 6.000,15.281,45.842,57.700,115.399,305.945,501.679,66.0000,321.284,240.519,107.467,62.488,477.015,-2.153, 2.158,-0.052,-0.023, 5.151, 1.622,0.00000,0.00000,-0.02276,0.04509,-0.02767,0.00000,1.62241,-0.10124,5.00000,-0.15125,-0.14653,1.00000,0.00000
1722031976.792752,440.000,192.000,67.000,448.000,208.000,66.000,454.000,238.000,68.000, 0.139, 0.121, 8.000,16.000, 8.000,16.000,57.700,115.399,49.756,248.779,-65.875,1106.073,68.0000,320.512,240.988,107.292,61.815,482.167,-2.123, 2.139,-0.047,-0.233, 6.440, 0.100,0.00000,0.00000,-0.23300,0.05073,-0.00957,0.00000,0.10027,-0.08344,5.00000,-1.43990,-0.13552,0.00000,0.00000
1722031976.92942,448.000,208.000,66.000,454.000,238.000,68.000,450.000,272.000,67.000, 0.121, 0.136, 6.000,30.000, 6.000,30.000,49.756,248.779,-29.305,249.093,-579.222, 2.299,67.0000,319.801,241.199,106.555,62.609,480.007,-2.139, 2.138, 0.011, 0.218, 4.430,-1.039,0.00000,0.00000,0.21816,0.04412,0.00332,0.00000,-1.03897,-0.10963,5.00000,0.56968,-0.13853,0.00000,-1.00000
1722031977.0699399,454.000,238.000,68.000,450.000,272.000,67.000,436.000,308.000,66.000, 0.136, 0.141,-4.000,34.000,-4.000,34.000,-29.305,249.093,-99.593,256.097,-500.016,49.823,66.0000,319.643,241.164,106.654,62.214,481.586,-2.130, 2.134, 0.019, 0.111, 4.594,-1.624,0.00000,0.00000,0.11057,0.04682,0.01159,0.00000,-1.62431,-0.10554,5.00000,0.40626,-0.13853,0.00000,-1.00000
1722031977.199161,450.000,272.000,67.000,436.000,308.000,66.000,414.000,336.000,65.000, 0.141, 0.129,-14.000,36.000,-14.000,36.000,-99.593,256.097,-170.044,216.420,-544.536,-306.674,65.0000,320.721,240.523,107.336,62.087,479.227,-2.140, 2.149,-0.014,-0.053, 4.778,-0.043,0.00000,0.00000,-0.05256,0.04864,-0.00740,0.00000,-0.04255,-0.10411,5.00000,0.22201,-0.13853,0.00000,0.00000
1722031977.331855,436.000,308.000,66.000,414.000,336.000,65.000,396.000,350.000,66.000, 0.129, 0.133,-22.000,28.000,-22.000,28.000,-170.044,216.420,-135.643,105.500,259.236,-835.861,66.0000,321.180,239.027,107.462,61.472,479.602,-2.139, 2.146,-0.009,-0.010, 4.771,-0.265,0.00000,0.00000,-0.00953,0.04760,-0.00194,0.00000,-0.26488,-0.10493,5.00000,0.22913,-0.14720,1.00000,0.00000
1722031977.466808,414.000,336.000,65.000,396.000,350.000,66.000,386.000,354.000,65.000, 0.133, 0.135,-18.000,14.000,-18.000,14.000,-135.643,105.500,-74.245,29.698,455.852,-562.795,65.0000,320.314,238.572,107.112,61.177,479.880,-2.135, 2.143,-0.004,-0.030, 4.824,-0.609,0.00000,0.00000,-0.02953,0.04800,0.00290,0.00000,-0.60908,-0.10466,5.00000,0.17589,-0.13619,0.00000,1.00000
1722031977.600238,396.000,350.000,66.000,386.000,354.000,65.000,394.000,350.000,65.000, 0.135, 0.134,-10.000, 4.000,-10.000, 4.000,-74.245,29.698,59.908,-29.954,1004.606,-446.705,65.0000,320.228,238.540,107.193,61.184,479.448,-2.140, 2.149,-0.009,-0.078, 4.660,-0.172,0.00000,0.00000,-0.07768,0.04861,-0.00229,0.00000,-0.17227,-0.10731,5.00000,0.34033,-0.13919,0.00000,1.00000
1722031977.736562,386.000,354.000,65.000,394.000,350.000,65.000,404.000,342.000,64.000, 0.134, 0.136, 8.000,-4.000, 8.000,-4.000,59.908,-29.954,73.362,-58.690,98.702,-210.811,64.0000,320.370,239.065,107.210,61.364,480.139,-2.138, 2.146, 0.007,-0.026, 4.396,-0.746,0.00000,0.00000,-0.02576,0.04780,0.00645,0.00000,-0.74591,-0.04380,0.00000,-4.39644,-0.13919,0.00000,0.00000
1722031977.893597,394.000,350.000,65.000,404.000,342.000,64.000,428.000,314.000,63.000, 0.136, 0.157,10.000,-8.000,10.000,-8.000,73.362,-58.690,152.823,-178.294,505.982,-761.598,63.0000,320.134,238.847,107.103,61.375,479.176,-2.140, 2.149,-0.008,-0.050, 4.634,-0.180,0.00000,0.00000,-0.04951,0.04829,-0.00056,0.00000,-0.18024,-0.03891,0.00000,-4.63441,-0.13919,0.00000,1.00000
1722031978.027528,404.000,342.000,64.000,428.000,314.000,63.000,444.000,284.000,63.000, 0.157, 0.134,24.000,-28.000,24.000,-28.000,152.823,-178.294,119.378,-223.834,-249.540,-339.779,63.0000,320.861,240.207,107.572,61.652,479.659,-2.133, 2.147,-0.018,-0.206, 5.150,-0.191,0.00000,0.00000,-0.20569,0.05035,0.00080,0.00000,-0.19115,-0.02306,0.00000,-5.14954,-0.13919,0.00000,0.00000
1722031978.163899,428.000,314.000,63.000,444.000,284.000,63.000,448.000,248.000,66.000, 0.134, 0.136,16.000,-30.000,16.000,-30.000,119.378,-223.834,29.351,-264.160,-660.597,-295.901,66.0000,316.837,238.671,105.587,61.937,475.273,-2.164, 2.165,-0.027, 0.080, 3.987, 1.463,0.00000,0.00000,0.08030,0.04612,-0.02116,0.00000,1.46250,-0.02924,0.00000,-3.98694,-0.11319,-3.00000,1.00000
1722031978.298827,444.000,284.000,63.000,448.000,248.000,66.000,446.000,222.000,70.000, 0.136, 0.135, 4.000,-36.000, 4.000,-36.000,29.351,-264.160,-14.825,-192.719,-327.440,529.539,70.0000,315.134,240.125,105.351,62.192,474.738,-2.169, 2.175, 0.034,-0.096, 1.933, 0.301,0.00000,0.00000,-0.09553,0.04932,-0.00591,0.00000,0.30055,-0.04725,0.00000,-1.93338,-0.11153,-4.00000,0.00000
1722031978.4516978,448.000,248.000,66.000,446.000,222.000,70.000,434.000,200.000,67.000, 0.135, 0.153,-2.000,-26.000,-2.000,-26.000,-14.825,-192.719,-78.432,-143.793,-415.743,319.781,67.0000,315.001,241.082,105.132,62.796,473.847,-2.172, 2.172, 0.083, 0.023, 0.571,-0.952,0.00000,0.00000,0.02302,0.04723,0.00866,0.00000,-0.95248,-0.05869,0.00000,-0.57098,-0.11187,-4.00000,-1.00000
1722031978.582586,446.000,222.000,70.000,434.000,200.000,67.000,422.000,186.000,67.000, 0.153, 0.131,-12.000,-22.000,-12.000,-22.000,-78.432,-143.793,-91.688,-106.970,-101.286,281.353,67.0000,318.136,242.601,106.968,62.834,474.442,-2.162, 2.175, 0.094,-0.308, 0.510,-1.475,0.00000,0.00000,-0.30808,0.05205,0.01574,0.00000,-1.47537,-0.05632,0.00000,-0.51048,-0.13521,-1.00000,-2.00000
1722031978.717819,434.000,200.000,67.000,422.000,186.000,67.000,418.000,184.000,68.000, 0.131, 0.135,-12.000,-14.000,-12.000,-14.000,-91.688,-106.970,-29.603,-14.802,459.483,682.125,68.0000,320.112,241.353,106.937,63.268,474.154,-2.180, 2.172, 0.059, 0.242, 1.028,-0.142,0.00000,0.00000,0.24234,0.04378,-0.00010,0.00000,-0.14162,-0.04822,0.00000,-1.02830,-0.13421,0.00000,-1.00000
1722031978.847175,422.000,186.000,67.000,418.000,184.000,68.000,430.000,186.000,68.000, 0.135, 0.129,-4.000,-2.000,-4.000,-2.000,-29.603,-14.802,92.776,15.463,946.154,233.984,68.0000,319.359,239.394,107.182,61.913,473.706,-2.174, 2.180, 0.045,-0.119, 1.335, 0.290,0.00000,0.00000,-0.11912,0.05019,-0.00365,0.00000,0.29047,-0.04280,0.00000,-1.33503,-0.13120,0.00000,0.00000
1722031978.980475,418.000,184.000,68.000,430.000,186.000,68.000,442.000,192.000,68.000, 0.129, 0.133,12.000, 2.000,12.000, 2.000,92.776,15.463,89.903,44.951,-21.527,220.925,68.0000,318.619,238.765,106.927,61.432,474.837,-2.162, 2.172, 0.031,-0.198, 2.290, 0.073,0.00000,0.00000,-0.19832,0.05023,-0.00065,0.00000,0.07321,-0.02770,0.00000,-2.29047,-0.12253,-1.00000,1.00000
1722031979.113441,430.000,186.000,68.000,442.000,192.000,68.000,438.000,208.000,67.000, 0.133, 0.133,12.000, 6.000,12.000, 6.000,89.903,44.951,-30.122,120.486,-903.829,568.810,67.0000,316.846,238.927,106.715,61.168,472.878,-2.169, 2.189, 0.060,-0.488, 0.865, 0.001,0.00000,0.00000,-0.48807,0.05401,-0.00015,0.00000,0.00143,-0.04380,0.00000,-0.86472,-0.10753,-3.00000,1.00000
1722031979.240293,442.000,192.000,68.000,438.000,208.000,67.000,442.000,232.000,68.000, 0.133, 0.127,-4.000,16.000,-4.000,16.000,-30.122,120.486,31.492,188.954,485.093,539.054,68.0000,316.822,237.658,106.932,60.796,463.805,-2.205, 2.231, 0.030,-0.666,-0.593, 3.022,0.00000,0.00000,-0.66564,0.05578,-0.04104,0.00000,3.02179,-0.05962,0.00000,0.59316,-0.11154,-3.00000,2.00000
1722031979.380424,438.000,208.000,67.000,442.000,232.000,68.000,448.000,260.000,68.000, 0.127, 0.140, 4.000,24.000, 4.000,24.000,31.492,188.954,42.850,199.969,81.116,78.661,68.0000,317.549,240.886,106.442,62.315,475.189,-2.161, 2.168, 0.073,-0.145, 1.308,-1.164,0.00000,0.00000,-0.14513,0.04855,0.01396,0.00000,-1.16358,-0.03295,0.00000,-1.30765,-0.11821,-2.00000,0.00000
1722031979.5136352,442.000,232.000,68.000,448.000,260.000,68.000,442.000,294.000,66.000, 0.140, 0.133, 6.000,28.000, 6.000,28.000,42.850,199.969,-45.095,255.541,-660.993,417.676,66.0000,319.680,243.285,106.670,63.654,478.352,-2.154, 2.148, 0.075, 0.264, 1.987,-2.010,0.00000,0.00000,0.26446,0.04465,0.02143,0.00000,-2.01002,-0.02402,0.00000,-1.98733,-0.13121,0.00000,-3.00000
1722031979.645843,448.000,260.000,68.000,442.000,294.000,66.000,424.000,322.000,66.000, 0.133, 0.132,-6.000,34.000,-6.000,34.000,-45.095,255.541,-136.188,211.848,-689.210,-330.577,66.0000,319.336,243.070,106.433,63.834,477.485,-2.164, 2.153, 0.087, 0.356, 1.206,-1.861,0.00000,0.00000,0.35608,0.04452,0.02216,0.00000,-1.86084,-0.03161,0.00000,-1.20608,-0.12521,0.00000,-3.00000
1722031979.7830348,442.000,294.000,66.000,424.000,322.000,66.000,398.000,346.000,66.000, 0.132, 0.137,-18.000,28.000,-18.000,28.000,-136.188,211.848,-189.473,174.898,-388.308,-269.273,66.0000,317.558,239.229,105.395,62.982,472.506,-2.195, 2.175, 0.073, 0.547, 0.120, 0.045,0.00000,0.00000,0.54670,0.04204,0.00037,0.00000,0.04514,-0.04270,0.00000,-0.11983,-0.10787,-2.00000,0.00000
1722031979.9247081,424.000,322.000,66.000,398.000,346.000,66.000,366.000,360.000,67.000, 0.137, 0.142,-26.000,24.000,-26.000,24.000,-189.473,174.898,-225.585,98.694,-254.577,-537.207,67.0000,317.020,236.754,105.725,61.268,473.291,-2.176, 2.172, 0.053, 0.163, 1.283,-0.106,0.00000,0.00000,0.16307,0.04752,0.00519,0.00000,-0.10630,-0.02512,0.00000,-1.28295,-0.11254,-2.00000,3.00000
1722031980.081763,398.000,346.000,66.000,366.000,360.000,67.000,332.000,368.000,66.000, 0.142, 0.157,-32.000,14.000,-32.000,14.000,-225.585,98.694,-216.398,50.917,58.477,-304.080,66.0000,317.620,238.663,105.915,62.214,472.304,-2.183, 2.176, 0.047, 0.203, 1.145, 0.388,0.00000,0.00000,0.20337,0.04574,-0.00150,0.00000,0.38823,-0.02617,0.00000,-1.14470,-0.11121,-2.00000,1.00000
1722031980.2472708,366.000,360.000,67.000,332.000,368.000,66.000,300.000,374.000,66.000, 0.157, 0.166,-34.000, 8.000,-34.000, 8.000,-216.398,50.917,-193.341,36.251,139.308,-88.609,66.0000,317.166,241.954,105.620,63.825,470.672,-2.195, 2.184, 0.088, 0.282,-0.523,-0.085,0.00000,0.00000,0.28231,0.04469,0.00485,0.00000,-0.08454,-0.04619,0.00000,0.52315,-0.10988,-2.00000,-1.00000
1722031980.411427,332.000,368.000,66.000,300.000,374.000,66.000,274.000,366.000,66.000, 0.166, 0.164,-32.000, 6.000,-32.000, 6.000,-193.341,36.251,-158.385,-48.734,212.941,-517.707,66.0000,317.502,241.525,105.383,64.019,471.022,-2.202, 2.181, 0.087, 0.530,-0.616, 0.060,0.00000,0.00000,0.53043,0.04144,0.00235,0.00000,0.06041,-0.04599,0.00000,0.61611,-0.10855,-2.00000,-1.00000
1722031980.5794098,300.000,374.000,66.000,274.000,366.000,66.000,248.000,346.000,68.000, 0.164, 0.168,-26.000,-8.000,-26.000,-8.000,-158.385,-48.734,-154.907,-119.160,20.719,-419.595,68.0000,318.601,239.606,105.829,63.228,471.388,-2.204, 2.180, 0.138, 0.520,-2.089,-1.149,0.00000,0.00000,0.52046,0.04205,0.01877,0.00000,-1.14911,-0.06697,0.00000,2.08932,-0.11589,-1.00000,0.00000
1722031980.7387872,274.000,366.000,66.000,248.000,346.000,68.000,232.000,326.000,66.000, 0.168, 0.159,-26.000,-20.000,-26.000,-20.000,-154.907,-119.160,-100.385,-125.481,342.077,-39.664,66.0000,320.675,240.209,107.015,62.588,477.309,-2.162, 2.153, 0.074, 0.322, 1.657,-1.601,0.00000,0.00000,0.32236,0.04444,0.02536,0.00000,-1.60116,-0.01836,0.00000,-1.65711,-0.12089,0.00000,0.00000
1722031980.903311,248.000,346.000,68.000,232.000,326.000,66.000,216.000,312.000,67.000, 0.159, 0.165,-16.000,-20.000,-16.000,-20.000,-100.385,-125.481,-97.253,-85.097,19.036,245.472,67.0000,321.369,239.616,107.573,62.015,477.277,-2.154, 2.155, 0.029, 0.086, 3.053,-0.578,0.00000,0.00000,0.08552,0.04688,0.01407,0.00000,-0.57819,-0.00183,0.00000,-3.05291,-0.12655,1.00000,0.00000
1722031981.039027,232.000,326.000,66.000,216.000,312.000,67.000,210.000,304.000,66.000, 0.165, 0.136,-16.000,-14.000,-16.000,-14.000,-97.253,-85.097,-44.165,-58.886,390.774,192.929,66.0000,319.978,238.435,107.332,61.409,476.301,-2.165, 2.168, 0.070,-0.035, 1.272,-0.993,0.00000,0.00000,-0.03477,0.04775,0.02235,0.00000,-0.99280,-0.02187,0.00000,-1.27170,-0.11554,0.00000,1.00000
1722031981.189412,216.000,312.000,67.000,210.000,304.000,66.000,202.000,300.000,66.000, 0.136, 0.150,-6.000,-8.000,-6.000,-8.000,-44.165,-58.886,-53.291,-26.646,-60.794,214.768,66.0000,316.401,238.688,106.100,61.569,472.459,-2.181, 2.187, 0.108,-0.203,-0.754,-0.913,0.00000,0.00000,-0.20288,0.04968,0.02264,0.00000,-0.91316,-0.04400,0.00000,0.75413,-0.09254,-3.00000,1.00000
1722031981.3411672,210.000,304.000,66.000,202.000,300.000,66.000,204.000,300.000,67.000, 0.150, 0.152,-8.000,-4.000,-8.000,-4.000,-53.291,-26.646,13.155, 0.000,437.064,175.266,67.0000,316.995,239.454,106.412,61.685,473.983,-2.169, 2.179, 0.097,-0.244, 0.091,-1.212,0.00000,0.00000,-0.24353,0.04982,0.02862,0.00000,-1.21190,-0.03106,0.00000,-0.09072,-0.09955,-3.00000,0.00000
1722031981.498327,202.000,300.000,66.000,204.000,300.000,67.000,204.000,298.000,66.000, 0.152, 0.157, 2.000, 0.000, 2.000, 0.000,13.155, 0.000, 0.000,-12.737,-83.779,-81.114,66.0000,319.133,240.027,107.279,61.856,474.636,-2.163, 2.174, 0.083,-0.241, 0.810,-1.186,0.00000,0.00000,-0.24108,0.04979,0.03024,0.00000,-1.18574,-0.02244,0.00000,-0.81017,-0.12356,0.00000,0.00000
1722031981.659553,204.000,300.000,67.000,204.000,298.000,66.000,212.000,292.000,67.000, 0.157, 0.161, 0.000,-2.000, 0.000,-2.000, 0.000,-12.737,49.689,-37.267,308.622,-152.357,67.0000,321.057,239.459,107.280,62.571,473.318,-2.182, 2.173, 0.062, 0.268, 0.848,-0.103,0.00000,0.00000,0.26790,0.04304,0.01803,0.00000,-0.10310,-0.02138,0.00000,-0.84838,-0.12322,1.00000,0.00000
1722031981.791809,204.000,298.000,66.000,212.000,292.000,67.000,216.000,290.000,66.000, 0.161, 0.133, 8.000,-6.000, 8.000,-6.000,49.689,-37.267,30.187,-15.093,-147.175,167.335,66.0000,320.063,238.856,106.960,62.255,473.503,-2.186, 2.177, 0.082, 0.233, 0.088,-0.422,0.00000,0.00000,0.23305,0.04491,0.02417,0.00000,-0.42202,-0.03001,0.00000,-0.08775,-0.11221,0.00000,1.00000
1722031981.933527,212.000,292.000,67.000,216.000,290.000,66.000,216.000,292.000,67.000, 0.133, 0.142, 4.000,-2.000, 4.000,-2.000,30.187,-15.093, 0.000,14.122,-213.150,206.290,67.0000,317.591,238.486,106.505,61.618,471.352,-2.182, 2.189, 0.056,-0.162, 0.566, 0.493,0.00000,0.00000,-0.16160,0.05002,0.01218,0.00000,0.49304,-0.02224,0.00000,-0.56574,-0.09788,-2.00000,1.00000
1722031982.0871549,216.000,290.000,66.000,216.000,292.000,67.000,210.000,296.000,67.000, 0.142, 0.154, 0.000, 2.000, 0.000, 2.000, 0.000,14.122,-39.005,26.003,-253.566,77.239,67.0000,318.378,239.408,107.414,61.213,473.867,-2.162, 2.183, 0.069,-0.529, 0.973,-0.583,0.00000,0.00000,-0.52901,0.05387,0.02709,0.00000,-0.58305,-0.01633,0.00000,-0.97331,-0.11122,-1.00000,0.00000
1722031982.256901,216.000,292.000,67.000,210.000,296.000,67.000,208.000,300.000,66.000, 0.154, 0.170,-6.000, 4.000,-6.000, 4.000,-39.005,26.003,-11.791,23.583,160.444,-14.271,66.0000,320.060,240.001,107.665,62.021,473.172,-2.175, 2.184, 0.076,-0.224, 0.369,-0.357,0.00000,0.00000,-0.22366,0.04891,0.02360,0.00000,-0.35744,-0.02315,0.00000,-0.36939,-0.11622,0.00000,0.00000
1722031982.4289432,210.000,296.000,67.000,208.000,300.000,66.000,210.000,298.000,66.000, 0.170, 0.172,-2.000, 4.000,-2.000, 4.000,-11.791,23.583,11.625,-11.625,136.114,-204.653,66.0000,319.219,239.259,106.557,62.451,473.731,-2.184, 2.174, 0.099, 0.262,-0.246,-0.943,0.00000,0.00000,0.26153,0.04339,0.03255,0.00000,-0.94267,-0.02981,0.00000,0.24603,-0.11322,0.00000,0.00000
1722031982.5845902,208.000,300.000,66.000,210.000,298.000,66.000,206.000,300.000,66.000, 0.172, 0.156, 2.000,-2.000, 2.000,-2.000,11.625,-11.625,-25.706,12.853,-239.909,157.310,66.0000,318.420,239.065,106.736,61.773,474.124,-2.171, 2.175, 0.086,-0.078, 0.474,-1.009,0.00000,0.00000,-0.07772,0.04930,0.03446,0.00000,-1.00931,-0.01966,0.00000,-0.47372,-0.10455,-1.00000,0.00000
1722031982.734845,210.000,298.000,66.000,206.000,300.000,66.000,208.000,302.000,67.000, 0.156, 0.150,-4.000, 2.000,-4.000, 2.000,-25.706,12.853,13.302,13.302,259.436, 2.985,67.0000,319.618,238.464,107.246,61.608,472.939,-2.176, 2.181, 0.064,-0.089, 0.752,-0.102,0.00000,0.00000,-0.08949,0.04848,0.02412,0.00000,-0.10188,-0.01604,0.00000,-0.75214,-0.11556,0.00000,1.00000
1722031982.890177,206.000,300.000,66.000,208.000,302.000,67.000,212.000,306.000,66.000, 0.150, 0.155, 2.000, 2.000, 2.000, 2.000,13.302,13.302,25.743,25.743,80.067,80.067,66.0000,319.851,238.421,107.462,61.474,472.893,-2.175, 2.182, 0.079,-0.160, 0.335,-0.495,0.00000,0.00000,-0.16042,0.04944,0.03099,0.00000,-0.49495,-0.02058,0.00000,-0.33499,-0.11255,0.00000,1.00000
1722031983.039598,208.000,302.000,67.000,212.000,306.000,66.000,214.000,308.000,67.000, 0.155, 0.149, 4.000, 4.000, 4.000, 4.000,25.743,25.743,13.390,13.390,-82.702,-82.702,67.0000,318.682,239.343,106.800,62.047,472.724,-2.178, 2.181, 0.055,-0.059, 0.921, 0.183,0.00000,0.00000,-0.05884,0.04794,0.02225,0.00000,0.18270,-0.01138,0.00000,-0.92098,-0.10388,-1.00000,0.00000
1722031983.184492,212.000,306.000,66.000,214.000,308.000,67.000,212.000,310.000,66.000, 0.149, 0.145, 2.000, 2.000, 2.000, 2.000,13.390,13.390,-13.815,13.815,-187.915, 2.938,66.0000,317.845,239.979,106.946,61.789,473.259,-2.171, 2.185, 0.096,-0.356,-0.083,-0.938,0.00000,0.00000,-0.35578,0.05228,0.03803,0.00000,-0.93838,-0.02398,0.00000,0.08349,-0.09755,-2.00000,0.00000
1722031983.3356328,214.000,308.000,67.000,212.000,310.000,66.000,210.000,308.000,65.000, 0.145, 0.151,-2.000, 2.000,-2.000, 2.000,-13.815,13.815,-13.232,-13.232, 3.856,-178.945,65.0000,318.152,239.581,106.989,61.805,472.166,-2.180, 2.192, 0.071,-0.297, 0.131, 0.134,0.00000,0.00000,-0.29672,0.05077,0.02375,0.00000,0.13373,-0.01974,0.00000,-0.13067,-0.10789,-1.00000,0.00000
1722031983.4860768,212.000,310.000,66.000,210.000,308.000,65.000,208.000,306.000,66.000, 0.151, 0.151,-2.000,-2.000,-2.000,-2.000,-13.232,-13.232,-13.286,-13.286,-0.360,-0.360,66.0000,319.759,239.313,107.265,62.011,472.916,-2.178, 2.180, 0.078,-0.059, 0.340,-0.436,0.00000,0.00000,-0.05899,0.04789,0.03279,0.00000,-0.43642,-0.01698,0.00000,-0.33986,-0.11289,0.00000,0.00000
1722031983.650357,210.000,308.000,65.000,208.000,306.000,66.000,210.000,306.000,66.000, 0.151, 0.164,-2.000,-2.000,-2.000,-2.000,-13.286,-13.286,12.172, 0.000,154.936,80.860,66.0000,320.645,239.264,107.294,62.405,472.240,-2.188, 2.182, 0.084, 0.164,-0.163,-0.247,0.00000,0.00000,0.16434,0.04561,0.03025,0.00000,-0.24678,-0.02340,0.00000,0.16292,-0.10989,0.00000,0.00000
1722031983.798024,208.000,306.000,66.000,210.000,306.000,66.000,210.000,308.000,66.000, 0.164, 0.147, 2.000, 0.000, 2.000, 0.000,12.172, 0.000, 0.000,13.567,-82.566,92.027,66.0000,319.744,239.444,107.304,62.014,472.853,-2.176, 2.180, 0.076,-0.092, 0.451,-0.421,0.00000,0.00000,-0.09241,0.04967,0.03338,0.00000,-0.42113,-0.01468,0.00000,-0.45138,-0.10989,0.00000,0.00000
1722031983.94523,210.000,306.000,66.000,210.000,308.000,66.000,208.000,306.000,68.000, 0.147, 0.148, 0.000, 2.000, 0.000, 2.000, 0.000,13.567,-13.558,-13.558,-91.906,-183.873,68.0000,319.704,239.541,107.315,61.998,473.317,-2.174, 2.179, 0.081,-0.105, 0.403,-0.640,0.00000,0.00000,-0.10525,0.04912,0.03691,0.00000,-0.64016,-0.01535,0.00000,-0.40311,-0.10989,0.00000,0.00000
1722031984.104185,210.000,308.000,66.000,208.000,306.000,68.000,208.000,308.000,66.000, 0.148, 0.159,-2.000,-2.000,-2.000,-2.000,-13.558,-13.558, 0.000,12.596,85.387,164.717,66.0000,319.462,239.155,107.068,62.049,472.793,-2.182, 2.182, 0.076,-0.004, 0.217,-0.232,0.00000,0.00000,-0.00428,0.04777,0.03235,0.00000,-0.23189,-0.01698,0.00000,-0.21733,-0.10989,0.00000,0.00000
1722031984.237251,208.000,306.000,68.000,208.000,308.000,66.000,208.000,308.000,66.000, 0.159, 0.133, 0.000, 2.000, 0.000, 2.000, 0.000,12.596, 0.000, 0.000, 0.000,-94.676,66.0000,319.210,238.974,107.006,61.944,472.649,-2.183, 2.184, 0.084,-0.029,-0.041,-0.348,0.00000,0.00000,-0.02948,0.04841,0.03499,0.00000,-0.34782,-0.01976,0.00000,0.04101,-0.10989,0.00000,1.00000
1722031984.376522,208.000,308.000,66.000,208.000,308.000,66.000,210.000,306.000,66.000, 0.133, 0.139, 0.000, 0.000, 0.000, 0.000, 0.000, 0.000,14.367,-14.367,103.210,-103.210,66.0000,319.480,239.183,107.076,62.062,472.721,-2.182, 2.182, 0.081,-0.006, 0.094,-0.352,0.00000,0.00000,-0.00553,0.04803,0.03557,0.00000,-0.35174,-0.01763,0.00000,-0.09376,-0.10989,0.00000,0.00000
1722031984.537123,208.000,308.000,66.000,210.000,306.000,66.000,208.000,306.000,66.000, 0.139, 0.161, 2.000,-2.000, 2.000,-2.000,14.367,-14.367,-12.432, 0.000,-166.589,89.309,66.0000,319.226,238.781,107.001,61.918,472.131,-2.186, 2.187, 0.071,-0.019, 0.079, 0.187,0.00000,0.00000,-0.01919,0.04829,0.02899,0.00000,0.18705,-0.01784,0.00000,-0.07931,-0.10989,0.00000,1.00000
1722031984.699379,210.000,306.000,66.000,208.000,306.000,66.000,208.000,306.000,66.000, 0.161, 0.162,-2.000, 0.000,-2.000, 0.000,-12.432, 0.000, 0.000, 0.000,76.686, 0.000,66.0000,319.104,238.476,106.992,61.724,472.290,-2.183, 2.186, 0.065,-0.053, 0.377, 0.193,0.00000,0.00000,-0.05304,0.04871,0.02934,0.00000,0.19313,-0.01365,0.00000,-0.37674,-0.10989,0.00000,1.00000
1722031984.8609438,208.000,306.000,66.000,208.000,306.000,66.000,208.000,306.000,66.000, 0.162, 0.162, 0.000, 0.000, 0.000, 0.000, 0.000, 0.000, 0.000, 0.000, 0.000, 0.000,66.0000,318.833,238.497,106.916,61.751,471.302,-2.186, 2.190, 0.066,-0.082, 0.167, 0.388,0.00000,0.00000,-0.08236,0.04904,0.02634,0.00000,0.38787,-0.01617,0.00000,-0.16735,-0.10122,-1.00000,1.00000
1722031984.999585,208.000,306.000,66.000,208.000,306.000,66.000,208.000,304.000,68.000, 0.162, 0.139, 0.000, 0.000, 0.000, 0.000, 0.000, 0.000, 0.000,-14.410, 0.000,-103.817,68.0000,318.802,238.735,106.986,61.771,471.337, 2.251,-2.255,-0.085,-0.132,-0.296, 0.000,0.00000,0.00000,-0.13155,0.04965,0.03109,0.00000,0.00040,-0.02178,0.00000,0.29619,-0.10356,-1.00000,1.00000
1722031985.1669362,208.000,306.000,66.000,208.000,304.000,68.000,208.000,306.000,67.000, 0.139, 0.167, 0.000,-2.000, 0.000,-2.000, 0.000,-14.410, 0.000,11.952, 0.000,157.544,67.0000,319.029,240.235,106.658,62.787,471.821,-2.188, 2.183, 0.083, 0.132,-0.159,-0.178,0.00000,0.00000,0.13207,0.04601,0.03291,0.00000,-0.17806,-0.01982,0.00000,0.15892,-0.11156,0.00000,0.00000
1722031985.321152,208.000,304.000,68.000,208.000,306.000,67.000,210.000,308.000,67.000, 0.167, 0.154, 0.000, 2.000, 0.000, 2.000, 0.000,11.952,12.999,12.999,84.482, 6.800,67.0000,319.364,240.301,106.915,62.627,473.039,-2.182, 2.180, 0.090, 0.068,-0.103,-0.617,0.00000,0.00000,0.06808,0.04760,0.03893,0.00000,-0.61698,-0.01959,0.00000,0.10335,-0.10856,0.00000,0.00000
1722031985.4509041,208.000,306.000,67.000,210.000,308.000,67.000,206.000,306.000,68.000, 0.154, 0.130, 2.000, 2.000, 2.000, 2.000,12.999,12.999,-30.745,-15.372,-336.223,-218.067,68.0000,319.281,240.310,106.903,62.622,472.869,-2.183, 2.181, 0.094, 0.053,-0.249,-0.662,0.00000,0.00000,0.05339,0.04757,0.04010,0.00000,-0.66166,-0.02185,0.00000,0.24932,-0.10856,0.00000,0.00000
1722031985.588892,210.000,308.000,67.000,206.000,306.000,68.000,210.000,310.000,68.000, 0.130, 0.138,-4.000,-2.000,-4.000,-2.000,-30.745,-15.372,29.009,29.009,433.360,321.874,68.0000,319.252,239.981,106.950,62.418,473.065,-2.182, 2.181, 0.086, 0.021,-0.050,-0.484,0.00000,0.00000,0.02071,0.04794,0.03896,0.00000,-0.48372,-0.01945,0.00000,0.05027,-0.10856,0.00000,0.00000
1722031985.751858,206.000,306.000,68.000,210.000,310.000,68.000,208.000,306.000,66.000, 0.138, 0.163, 4.000, 4.000, 4.000, 4.000,29.009,29.009,-12.275,-24.549,-253.375,-328.708,66.0000,319.353,238.867,107.107,61.921,471.691,-2.187, 2.190, 0.057,-0.059, 0.396, 0.623,0.00000,0.00000,-0.05880,0.04891,0.02525,0.00000,0.62313,-0.01382,0.00000,-0.39613,-0.10856,0.00000,1.00000
1722031985.890288,210.000,310.000,68.000,208.000,306.000,66.000,210.000,306.000,66.000, 0.163, 0.138,-2.000,-4.000,-2.000,-4.000,-12.275,-24.549,14.441, 0.000,192.902,177.260,66.0000,319.132,238.813,107.220,61.698,471.411,-2.184, 2.191, 0.068,-0.194, 0.126, 0.308,0.00000,0.00000,-0.19372,0.05052,0.02992,0.00000,0.30821,-0.01734,0.00000,-0.12599,-0.10856,0.00000,1.00000
1722031986.0534241,208.000,306.000,66.000,210.000,306.000,66.000,208.000,306.000,66.000, 0.138, 0.163, 2.000, 0.000, 2.000, 0.000,14.441, 0.000,-12.266, 0.000,-163.799, 0.000,66.0000,318.881,239.631,107.019,62.002,472.966,-2.174, 2.180, 0.074,-0.142, 0.535,-0.445,0.00000,0.00000,-0.14229,0.04952,0.03899,0.00000,-0.44451,-0.01116,0.00000,-0.53518,-0.09989,-1.00000,0.00000
1722031986.1921952,210.000,306.000,66.000,208.000,306.000,66.000,208.000,308.000,67.000, 0.163, 0.139,-2.000, 0.000,-2.000, 0.000,-12.266, 0.000, 0.000,14.393,88.273,103.576,67.0000,318.458,240.023,107.037,61.993,473.166,-2.175, 2.184, 0.092,-0.247,-0.067,-0.736,0.00000,0.00000,-0.24749,0.05116,0.04268,0.00000,-0.73603,-0.01884,0.00000,0.06719,-0.10223,-1.00000,0.00000
1722031986.348877,208.000,306.000,66.000,208.000,308.000,67.000,210.000,306.000,65.000, 0.139, 0.157, 0.000, 2.000, 0.000, 2.000, 0.000,14.393,12.778,-12.778,81.645,-173.604,65.0000,318.342,240.022,107.046,61.952,472.966,-2.176, 2.186, 0.093,-0.283,-0.186,-0.708,0.00000,0.00000,-0.28318,0.05145,0.04333,0.00000,-0.70776,-0.01967,0.00000,0.18609,-0.10156,-1.00000,0.00000
1722031986.50988,208.000,308.000,67.000,210.000,306.000,65.000,208.000,308.000,67.000, 0.157, 0.161, 2.000,-2.000, 2.000,-2.000,12.778,-12.778,-12.433,12.433,-156.723,156.723,67.0000,318.990,239.304,106.780,62.330,470.850, 2.250,-2.248,-0.089, 0.048,-0.640, 0.100,0.00000,0.00000,0.04772,0.04702,0.03389,0.00000,0.09993,-0.02599,0.00000,0.63972,-0.10089,-1.00000,0.00000
1722031986.646307,210.000,306.000,65.000,208.000,308.000,67.000,210.000,306.000,65.000, 0.161, 0.137,-2.000, 2.000,-2.000, 2.000,-12.433,12.433,14.627,-14.627,197.912,-197.912,65.0000,320.323,238.845,107.232,62.225,470.966,-2.192, 2.188, 0.058, 0.109, 0.258, 0.684,0.00000,0.00000,0.10925,0.04716,0.02702,0.00000,0.68358,-0.01447,0.00000,-0.25813,-0.10890,0.00000,1.00000
1722031986.7947829,208.000,308.000,67.000,210.000,306.000,65.000,210.000,304.000,66.000, 0.137, 0.148, 2.000,-2.000, 2.000,-2.000,14.627,-14.627, 0.000,-13.470,-98.516, 7.796,66.0000,320.645,238.502,107.427,62.031,470.722,-2.191, 2.189, 0.048, 0.066, 0.514, 0.988,0.00000,0.00000,0.06622,0.04787,0.02242,0.00000,0.98776,-0.01185,0.00000,-0.51360,-0.10589,0.00000,1.00000
1722031986.940109,210.000,306.000,65.000,210.000,304.000,66.000,210.000,306.000,66.000, 0.148, 0.145, 0.000,-2.000, 0.000,-2.000, 0.000,-13.470, 0.000,13.784, 0.000,187.828,66.0000,319.273,239.440,106.901,62.309,471.634,-2.185, 2.184, 0.067, 0.035, 0.333, 0.155,0.00000,0.00000,0.03490,0.04813,0.03215,0.00000,0.15479,-0.01365,0.00000,-0.33280,-0.10589,0.00000,0.00000
1722031987.106261,210.000,304.000,66.000,210.000,306.000,66.000,208.000,308.000,65.000, 0.145, 0.166, 0.000, 2.000, 0.000, 2.000, 0.000,13.784,-12.034,12.034,-72.403,-10.530,65.0000,318.330,240.759,106.858,62.468,472.587,-2.179, 2.186, 0.082,-0.171, 0.032,-0.340,0.00000,0.00000,-0.17117,0.05080,0.03728,0.00000,-0.34034,-0.01678,0.00000,-0.03150,-0.09722,-1.00000,0.00000
1722031987.240181,210.000,306.000,66.000,208.000,308.000,65.000,208.000,308.000,66.000, 0.166, 0.134,-2.000, 2.000,-2.000, 2.000,-12.034,12.034, 0.000, 0.000,89.858,-89.858,66.0000,318.365,240.585,106.961,62.277,472.702,-2.175, 2.185, 0.078,-0.235, 0.303,-0.382,0.00000,0.00000,-0.23537,0.05114,0.03778,0.00000,-0.38200,-0.01260,0.00000,-0.30280,-0.09956,-1.00000,0.00000
1722031987.3906088,208.000,308.000,65.000,208.000,308.000,66.000,208.000,308.000,66.000, 0.134, 0.150, 0.000, 0.000, 0.000, 0.000, 0.000, 0.000, 0.000, 0.000, 0.000, 0.000,66.0000,319.537,240.213,107.195,62.397,472.562,-2.180, 2.183, 0.084,-0.071, 0.046,-0.474,0.00000,0.00000,-0.07131,0.04884,0.03972,0.00000,-0.47420,-0.01588,0.00000,-0.04565,-0.10757,0.00000,0.00000
1722031987.537133,208.000,308.000,66.000,208.000,308.000,66.000,208.000,306.000,66.000, 0.150, 0.147, 0.000, 0.000, 0.000, 0.000, 0.000, 0.000, 0.000,-13.633, 0.000,-92.924,66.0000,320.287,239.469,107.235,62.368,472.361,-2.183, 2.180, 0.071, 0.096, 0.377,-0.105,0.00000,0.00000,0.09588,0.04712,0.03555,0.00000,-0.10549,-0.01093,0.00000,-0.37673,-0.10456,0.00000,0.00000
1722031987.6771681,208.000,308.000,66.000,208.000,306.000,66.000,208.000,306.000,65.000, 0.147, 0.140, 0.000,-2.000, 0.000,-2.000, 0.000,-13.633, 0.000, 0.000, 0.000,97.489,65.0000,319.685,239.282,106.832,62.509,471.655,-2.192, 2.183, 0.090, 0.199,-0.468,-0.232,0.00000,0.00000,0.19853,0.04618,0.03802,0.00000,-0.23194,-0.02207,0.00000,0.46767,-0.10456,0.00000,0.00000
1722031987.8390322,208.000,306.000,66.000,208.000,306.000,65.000,210.000,304.000,66.000, 0.140, 0.162, 0.000, 0.000, 0.000, 0.000, 0.000, 0.000,12.368,-12.368,76.479,-76.479,66.0000,319.785,239.126,106.965,62.348,471.861,-2.191, 2.185, 0.087, 0.147,-0.402,-0.158,0.00000,0.00000,0.14704,0.04709,0.03730,0.00000,-0.15801,0.04665,-5.00000,-4.59810,-0.10456,0.00000,0.00000
1722031988.007329,208.000,306.000,65.000,210.000,304.000,66.000,210.000,304.000,66.000, 0.162, 0.168, 2.000,-2.000, 2.000,-2.000,12.368,-12.368, 0.000, 0.000,-73.415,73.415,66.0000,319.861,238.913,106.963,62.314,471.280,-2.192, 2.185, 0.084, 0.159,-0.373,-0.029,0.00000,0.00000,0.15909,0.04670,0.03599,0.00000,-0.02948,0.04861,-5.00000,-4.62657,-0.10456,0.00000,1.00000
1722031988.162533,210.000,304.000,66.000,210.000,304.000,66.000,208.000,304.000,66.000, 0.168, 0.155, 0.000, 0.000, 0.000, 0.000, 0.000, 0.000,-12.886, 0.000,-83.028, 0.000,66.0000,318.646,238.131,106.069,62.528,467.662, 2.240,-2.223,-0.086, 0.384,-1.598, 1.170,0.00000,0.00000,0.38362,0.04362,0.02006,0.00000,1.16958,0.04128,-5.00000,-3.40218,-0.09589,-1.00000,1.00000
1722031988.3116229,210.000,304.000,66.000,208.000,304.000,66.000,204.000,306.000,65.000, 0.155, 0.149,-2.000, 0.000,-2.000, 0.000,-12.886, 0.000,-26.920,13.460,-94.447,90.586,65.0000,315.758,238.997,105.617,62.126,468.068, 2.230,-2.231,-0.146,-0.145,-3.089,-0.407,0.00000,0.00000,-0.14473,0.05124,0.04080,0.00000,-0.40697,0.02979,-5.00000,-1.91095,-0.07222,-4.00000,1.00000
1722031988.463592,208.000,304.000,66.000,204.000,306.000,65.000,200.000,300.000,66.000, 0.149, 0.152,-4.000, 2.000,-4.000, 2.000,-26.920,13.460,-26.234,-39.351, 4.498,-346.365,66.0000,314.624,239.828,104.893,62.771,464.726, 2.216,-2.213,-0.195,-0.156,-5.202,-0.903,0.00000,0.00000,-0.15616,0.04988,0.04594,0.00000,-0.90297,0.00732,-5.00000,0.20195,-0.06990,-5.00000,0.00000
1722031988.630167,204.000,306.000,65.000,200.000,300.000,66.000,196.000,290.000,66.000, 0.152, 0.166,-4.000,-6.000,-4.000,-6.000,-26.234,-39.351,-24.035,-60.088,13.213,-124.604,66.0000,315.604,241.202,105.401,63.196,468.358, 2.235,-2.232,-0.178,-0.094,-3.689,-1.454,0.00000,0.00000,-0.09378,0.04908,0.05444,0.00000,-1.45351,0.03051,-5.00000,-1.31051,-0.07824,-4.00000,-1.00000
1722031988.800873,200.000,300.000,66.000,196.000,290.000,66.000,194.000,266.000,70.000, 0.166, 0.171,-4.000,-10.000,-4.000,-10.000,-24.035,-60.088,-11.698,-140.371,72.161,-469.561,70.0000,318.872,240.400,106.131,63.522,467.169, 2.237,-2.219,-0.153, 0.321,-3.405,-0.447,0.00000,0.00000,0.32059,0.04372,0.04292,0.00000,-0.44686,0.03469,-5.00000,-1.59459,-0.09858,-1.00000,0.00000
1722031988.9598248,196.000,290.000,66.000,194.000,266.000,70.000,194.000,250.000,65.000, 0.171, 0.159,-2.000,-24.000,-2.000,-24.000,-11.698,-140.371, 0.000,-100.735,73.647,249.549,65.0000,320.024,238.557,106.594,62.783,466.182, 2.233,-2.215,-0.126, 0.353,-3.007, 0.520,0.00000,0.00000,0.35346,0.04436,0.03227,0.00000,0.52015,0.04282,-5.00000,-1.99257,-0.09758,0.00000,1.00000
1722031989.128692,194.000,266.000,70.000,194.000,250.000,65.000,190.000,226.000,66.000, 0.159, 0.169, 0.000,-16.000, 0.000,-16.000, 0.000,-100.735,-23.729,-142.371,-140.761,-246.994,66.0000,317.597,238.389,105.477,62.831,464.755, 2.229,-2.210,-0.081, 0.446,-2.158, 1.985,0.00000,0.00000,0.44597,0.04303,0.01291,0.00000,1.98502,0.05767,-5.00000,-2.84206,-0.07723,-2.00000,1.00000
1722031989.296638,194.000,250.000,65.000,190.000,226.000,66.000,194.000,202.000,66.000, 0.169, 0.168,-4.000,-24.000,-4.000,-24.000,-23.729,-142.371,23.756,-142.533,282.002,-0.960,66.0000,315.792,240.534,105.252,63.185,464.149, 2.215,-2.210,-0.143, 0.018,-4.091, 0.663,0.00000,0.00000,0.01767,0.04887,0.02899,0.00000,0.66340,0.03598,-5.00000,-0.90912,-0.06457,-4.00000,0.00000
1722031989.46242,190.000,226.000,66.000,194.000,202.000,66.000,200.000,186.000,66.000, 0.168, 0.166, 4.000,-24.000, 4.000,-24.000,23.756,-142.533,36.239,-96.638,75.401,277.200,66.0000,315.618,241.847,105.363,63.570,465.884,-2.213, 2.210, 0.190,-0.144,-4.573,-1.258,0.00000,0.00000,-0.14414,0.04976,0.05161,0.00000,-1.25773,0.03420,-5.00000,-0.42717,-0.06791,-4.00000,-1.00000
1722031989.6289861,194.000,202.000,66.000,200.000,186.000,66.000,206.000,182.000,66.000, 0.166, 0.167, 6.000,-16.000, 6.000,-16.000,36.239,-96.638,35.982,-23.988,-1.542,435.685,66.0000,318.178,241.820,106.533,63.468,465.110,-2.214, 2.214, 0.200,-0.249,-5.008,-1.357,0.00000,0.00000,-0.24873,0.05076,0.05258,0.00000,-1.35683,0.02989,-5.00000,0.00835,-0.09126,-1.00000,-1.00000
1722031989.794972,200.000,186.000,66.000,206.000,182.000,66.000,206.000,182.000,66.000, 0.167, 0.166, 6.000,-4.000, 6.000,-4.000,35.982,-23.988, 0.000, 0.000,-216.797,144.531,66.0000,319.734,239.738,106.589,63.175,465.880,-2.221, 2.206, 0.159, 0.223,-3.831,-0.388,0.00000,0.00000,0.22321,0.04420,0.04206,0.00000,-0.38779,0.04643,-5.00000,-1.16913,-0.09025,0.00000,0.00000
1722031989.9578938,206.000,182.000,66.000,206.000,182.000,66.000,204.000,180.000,66.000, 0.166, 0.163, 0.000, 0.000, 0.000, 0.000, 0.000, 0.000,-12.289,-12.289,-75.504,-75.504,66.0000,318.230,237.698,105.678,62.597,463.658,-2.236, 2.217, 0.129, 0.406,-3.724, 1.108,0.00000,0.00000,0.40604,0.04303,0.02409,0.00000,1.10814,0.04844,-5.00000,-1.27630,-0.07858,-1.00000,2.00000
1722031990.114447,206.000,182.000,66.000,204.000,180.000,66.000,206.000,174.000,67.000, 0.163, 0.157,-2.000,-2.000,-2.000,-2.000,-12.289,-12.289,12.758,-38.273,159.766,-165.751,67.0000,316.169,238.783,105.346,62.541,465.538,-2.218, 2.210, 0.152, 0.074,-3.656,-0.195,0.00000,0.00000,0.07429,0.04786,0.04171,0.00000,-0.19479,0.05175,-5.00000,-1.34414,-0.06358,-3.00000,1.00000
1722031990.291453,204.000,180.000,66.000,206.000,174.000,67.000,204.000,182.000,67.000, 0.157, 0.177, 2.000,-6.000, 2.000,-6.000,12.758,-38.273,-11.303,45.211,-135.975,471.800,67.0000,315.838,242.733,105.465,63.924,466.261,-2.211, 2.209, 0.184,-0.131,-4.332,-1.213,0.00000,0.00000,-0.13084,0.04960,0.05390,0.00000,-1.21340,0.04520,-5.00000,-0.66752,-0.05891,-4.00000,-2.00000
1722031990.450457,206.000,174.000,67.000,204.000,182.000,67.000,200.000,192.000,66.000, 0.177, 0.159,-2.000, 8.000,-2.000, 8.000,-11.303,45.211,-25.147,62.868,-87.036,111.004,66.0000,316.596,242.623,106.008,63.664,464.487,-2.216, 2.220, 0.205,-0.364,-5.356,-1.245,0.00000,0.00000,-0.36407,0.05219,0.05522,0.00000,-1.24474,0.03373,-5.00000,0.35556,-0.06792,-3.00000,-2.00000
1722031990.6164212,204.000,182.000,67.000,200.000,192.000,66.000,196.000,206.000,66.000, 0.159, 0.166,-4.000,10.000,-4.000,10.000,-25.147,62.868,-24.101,84.352, 6.305,129.447,66.0000,319.186,238.045,105.282,63.427,460.800, 2.211,-2.177,-0.173, 0.724,-5.898, 0.869,0.00000,0.00000,0.72416,0.03698,0.02912,0.00000,0.86876,0.02724,-5.00000,0.89780,-0.08893,0.00000,1.00000
1722031990.775239,200.000,192.000,66.000,196.000,206.000,66.000,192.000,226.000,67.000, 0.166, 0.159,-4.000,14.000,-4.000,14.000,-24.101,84.352,-25.186,125.931,-6.835,261.804,67.0000,320.291,237.033,106.503,62.321,462.652, 2.215,-2.196,-0.126, 0.411,-4.070, 1.542,0.00000,0.00000,0.41083,0.04412,0.02147,0.00000,1.54228,0.05093,-5.00000,-0.92995,-0.07992,0.00000,2.00000
1722031990.944198,196.000,206.000,66.000,192.000,226.000,67.000,190.000,236.000,67.000, 0.159, 0.169,-4.000,20.000,-4.000,20.000,-25.186,125.931,-11.859,59.294,79.024,-395.118,67.0000,319.031,238.783,106.212,62.866,464.763, 2.228,-2.212,-0.101, 0.340,-2.623, 1.435,0.00000,0.00000,0.33984,0.04393,0.02085,0.00000,1.43482,0.06958,-5.00000,-2.37710,-0.07992,0.00000,1.00000
1722031991.11444,192.000,226.000,67.000,190.000,236.000,67.000,188.000,244.000,66.000, 0.169, 0.170,-2.000,10.000,-2.000,10.000,-11.859,59.294,-11.746,46.985, 0.662,-72.295,66.0000,317.098,241.222,105.731,63.552,464.601, 2.219,-2.212,-0.164, 0.033,-4.404,-0.053,0.00000,0.00000,0.03284,0.04769,0.03791,0.00000,-0.05296,0.04812,-5.00000,-0.59599,-0.06258,-2.00000,-1.00000
1722031991.2805812,190.000,236.000,67.000,188.000,244.000,66.000,188.000,248.000,66.000, 0.170, 0.166,-2.000, 8.000,-2.000, 8.000,-11.746,46.985, 0.000,24.036,70.583,-137.900,66.0000,315.977,241.527,104.986,63.936,464.059, 2.216,-2.203,-0.189, 0.133,-5.332,-0.439,0.00000,0.00000,0.13274,0.04541,0.04098,0.00000,-0.43860,0.03945,-5.00000,0.33234,-0.04992,-4.00000,-1.00000
1722031991.449885,188.000,244.000,66.000,188.000,248.000,66.000,190.000,250.000,65.000, 0.166, 0.169, 0.000, 4.000, 0.000, 4.000, 0.000,24.036,11.829,11.829,69.957,-72.198,65.0000,318.192,240.357,106.326,63.037,462.983, 2.206,-2.205,-0.208,-0.205,-6.024,-0.787,0.00000,0.00000,-0.20489,0.05020,0.04598,0.00000,-0.78670,0.03084,-5.00000,1.02398,-0.07927,-1.00000,0.00000
1722031991.6063511,188.000,248.000,66.000,190.000,250.000,65.000,192.000,246.000,65.000, 0.169, 0.156, 2.000, 2.000, 2.000, 2.000,11.829,11.829,12.780,-25.559, 6.077,-238.899,65.0000,320.221,239.148,106.238,63.446,462.369, 2.215,-2.192,-0.185, 0.420,-5.638, 0.012,0.00000,0.00000,0.42046,0.04084,0.03625,0.00000,0.01180,0.03504,-5.00000,0.63823,-0.07826,0.00000,0.00000
1722031991.7683709,190.000,250.000,65.000,192.000,246.000,65.000,194.000,238.000,66.000, 0.156, 0.162, 2.000,-4.000, 2.000,-4.000,12.780,-25.559,12.329,-49.318,-2.775,-146.466,66.0000,321.346,239.108,107.161,62.985,463.463, 2.217,-2.202,-0.127, 0.291,-3.901, 1.313,0.00000,0.00000,0.29097,0.04426,0.01986,0.00000,1.31318,0.05664,-5.00000,-1.09889,-0.08393,1.00000,0.00000
1722031991.947702,192.000,246.000,65.000,194.000,238.000,66.000,192.000,228.000,66.000, 0.162, 0.179, 2.000,-8.000, 2.000,-8.000,12.329,-49.318,-11.163,-55.815,-131.122,-36.263,66.0000,319.695,239.720,106.451,63.284,465.216, 2.227,-2.211,-0.140, 0.318,-3.627, 0.405,0.00000,0.00000,0.31755,0.04337,0.03145,0.00000,0.40468,0.05993,-5.00000,-1.37301,-0.07292,0.00000,0.00000
1722031992.129164,194.000,238.000,66.000,192.000,228.000,66.000,192.000,216.000,66.000, 0.179, 0.181,-2.000,-10.000,-2.000,-10.000,-11.163,-55.815, 0.000,-66.227,61.607,-57.464,66.0000,317.139,240.442,105.253,63.695,463.241, 2.217,-2.199,-0.152, 0.331,-4.565, 0.694,0.00000,0.00000,0.33133,0.04310,0.02537,0.00000,0.69438,0.04960,-5.00000,-0.43530,-0.05859,-2.00000,0.00000
1722031992.3013802,192.000,228.000,66.000,192.000,216.000,66.000,192.000,206.000,66.000, 0.181, 0.172, 0.000,-12.000, 0.000,-12.000, 0.000,-66.227, 0.000,-57.987, 0.000,47.779,66.0000,316.619,240.746,105.213,63.660,463.619, 2.215,-2.202,-0.205, 0.109,-5.771,-0.832,0.00000,0.00000,0.10931,0.04598,0.04502,0.00000,-0.83180,0.03560,-5.00000,0.77058,-0.05459,-3.00000,0.00000
1722031992.460503,192.000,216.000,66.000,192.000,206.000,66.000,196.000,208.000,65.000, 0.172, 0.159, 0.000,-10.000, 0.000,-10.000, 0.000,-57.987,25.142,12.571,158.031,443.496,65.0000,317.560,241.338,106.049,63.478,464.741, 2.217,-2.213,-0.198,-0.116,-5.221,-1.009,0.00000,0.00000,-0.11585,0.04830,0.04678,0.00000,-1.00858,0.04329,-5.00000,0.22055,-0.06427,-2.00000,-1.00000
1722031992.631616,192.000,206.000,66.000,196.000,208.000,65.000,196.000,216.000,66.000, 0.159, 0.171, 4.000, 2.000, 4.000, 2.000,25.142,12.571, 0.000,46.695,-146.752,199.180,66.0000,319.945,241.090,107.064,63.344,463.280, 2.209,-2.207,-0.195,-0.163,-5.577,-0.528,0.00000,0.00000,-0.16320,0.04832,0.04204,0.00000,-0.52822,0.03721,-5.00000,0.57716,-0.07727,0.00000,-1.00000
1722031992.79346,196.000,208.000,65.000,196.000,216.000,66.000,192.000,224.000,67.000, 0.171, 0.162, 0.000, 8.000, 0.000, 8.000, 0.000,46.695,-24.713,49.426,-152.683,16.872,67.0000,320.073,239.315,106.881,62.819,462.480, 2.208,-2.201,-0.165, 0.033,-5.073, 0.503,0.00000,0.00000,0.03343,0.04560,0.02990,0.00000,0.50282,0.04340,-5.00000,0.07283,-0.07126,0.00000,0.00000
1722031992.952611,196.000,216.000,66.000,192.000,224.000,67.000,192.000,228.000,65.000, 0.162, 0.159,-4.000, 8.000,-4.000, 8.000,-24.713,49.426, 0.000,25.159,155.438,-152.633,65.0000,318.993,238.828,106.569,62.505,463.901, 2.216,-2.210,-0.150, 0.014,-4.220, 0.442,0.00000,0.00000,0.01425,0.04643,0.03126,0.00000,0.44229,0.05401,-5.00000,-0.77976,-0.06259,-1.00000,1.00000
1722031993.1185322,192.000,224.000,67.000,192.000,228.000,65.000,190.000,224.000,66.000, 0.159, 0.166, 0.000, 4.000, 0.000, 4.000, 0.000,25.159,-12.067,-24.134,-72.804,-297.402,66.0000,318.205,240.117,105.737,63.541,464.023, 2.221,-2.204,-0.168, 0.295,-4.670,-0.003,0.00000,0.00000,0.29526,0.04257,0.03630,0.00000,-0.00335,0.04822,-5.00000,-0.33032,-0.06493,-1.00000,0.00000
1722031993.282194,192.000,228.000,65.000,190.000,224.000,66.000,190.000,222.000,66.000, 0.166, 0.164,-2.000,-4.000,-2.000,-4.000,-12.067,-24.134, 0.000,-12.197,73.591,72.795,66.0000,318.511,241.044,105.875,63.928,463.060, 2.219,-2.202,-0.166, 0.269,-4.778, 0.156,0.00000,0.00000,0.26908,0.04362,0.03349,0.00000,0.15566,0.04810,-5.00000,-0.22245,-0.06426,-1.00000,-1.00000
1722031993.4555001,190.000,224.000,66.000,190.000,222.000,66.000,194.000,220.000,65.000, 0.164, 0.173, 0.000,-2.000, 0.000,-2.000, 0.000,-12.197,23.118,-11.559,133.608, 3.690,65.0000,318.721,240.548,105.968,63.659,462.354, 2.208,-2.193,-0.198, 0.159,-6.087,-0.226,0.00000,0.00000,0.15856,0.04490,0.03858,0.00000,-0.22635,0.03103,-5.00000,1.08682,-0.06360,-1.00000,0.00000
1722031993.619245,190.000,222.000,66.000,194.000,220.000,65.000,192.000,222.000,66.000, 0.173, 0.164, 4.000,-2.000, 4.000,-2.000,23.118,-11.559,-12.206,12.206,-215.584,145.040,66.0000,319.265,239.509,106.132,63.298,462.567, 2.212,-2.195,-0.184, 0.245,-5.605, 0.070,0.00000,0.00000,0.24546,0.04332,0.03446,0.00000,0.06982,0.03733,-5.00000,0.60528,-0.07160,0.00000,0.00000
1722031993.8034902,194.000,220.000,65.000,192.000,222.000,66.000,194.000,222.000,66.000, 0.164, 0.184,-2.000, 2.000,-2.000, 2.000,-12.206,12.206,10.857, 0.000,125.191,-66.259,66.0000,320.219,239.609,106.407,63.509,464.206, 2.227,-2.205,-0.155, 0.433,-4.192, 0.185,0.00000,0.00000,0.43314,0.04092,0.03321,0.00000,0.18499,0.05447,-5.00000,-0.80755,-0.06860,0.00000,0.00000
1722031993.978952,192.000,222.000,66.000,194.000,222.000,66.000,192.000,220.000,65.000, 0.184, 0.176, 2.000, 0.000, 2.000, 0.000,10.857, 0.000,-11.386,-11.386,-126.630,-64.822,65.0000,319.903,240.050,106.432,63.530,464.791, 2.226,-2.208,-0.155, 0.347,-4.120, 0.100,0.00000,0.00000,0.34746,0.04243,0.03416,0.00000,0.10007,0.05493,-5.00000,-0.87964,-0.06860,0.00000,0.00000
1722031994.143422,194.000,222.000,66.000,192.000,220.000,65.000,192.000,220.000,66.000, 0.176, 0.164,-2.000,-2.000,-2.000,-2.000,-11.386,-11.386, 0.000, 0.000,69.243,69.243,66.0000,318.520,239.802,105.772,63.492,464.786, 2.224,-2.203,-0.181, 0.345,-4.927,-0.423,0.00000,0.00000,0.34451,0.04204,0.04090,0.00000,-0.42337,0.04570,-5.00000,-0.07349,-0.05993,-1.00000,0.00000
1722031994.303783,192.000,220.000,65.000,192.000,220.000,66.000,190.000,222.000,66.000, 0.164, 0.160, 0.000, 0.000, 0.000, 0.000, 0.000, 0.000,-12.485,12.485,-77.934,77.934,66.0000,318.295,239.647,105.861,63.252,463.506, 2.217,-2.202,-0.179, 0.203,-5.132,-0.139,0.00000,0.00000,0.20254,0.04377,0.03712,0.00000,-0.13918,0.04428,-5.00000,0.13213,-0.06227,-1.00000,0.00000
1722031994.4779189,192.000,220.000,66.000,190.000,222.000,66.000,192.000,222.000,66.000, 0.160, 0.174,-2.000, 2.000,-2.000, 2.000,-12.485,12.485,11.476, 0.000,137.479,-71.635,66.0000,318.685,239.757,106.205,63.125,464.681, 2.221,-2.209,-0.184, 0.111,-4.929,-0.570,0.00000,0.00000,0.11102,0.04448,0.04363,0.00000,-0.56956,0.04707,-5.00000,-0.07113,-0.06160,-1.00000,0.00000
1722031994.645893,190.000,222.000,66.000,192.000,222.000,66.000,192.000,220.000,66.000, 0.174, 0.168, 2.000, 0.000, 2.000, 0.000,11.476, 0.000, 0.000,-11.914,-68.360,-70.971,66.0000,318.730,239.653,106.061,63.217,462.580, 2.210,-2.197,-0.197, 0.118,-5.884,-0.330,0.00000,0.00000,0.11843,0.04405,0.04089,0.00000,-0.33012,0.03401,-5.00000,0.88437,-0.06093,-1.00000,0.00000
1722031994.808258,192.000,222.000,66.000,192.000,220.000,66.000,192.000,222.000,66.000, 0.168, 0.162, 0.000,-2.000, 0.000,-2.000, 0.000,-11.914, 0.000,12.322, 0.000,149.312,66.0000,319.505,239.345,106.519,62.972,463.795, 2.216,-2.204,-0.176, 0.122,-5.004,-0.104,0.00000,0.00000,0.12207,0.04396,0.03887,0.00000,-0.10444,0.04557,-5.00000,0.00358,-0.06894,0.00000,0.00000
1722031994.975001,192.000,220.000,66.000,192.000,222.000,66.000,194.000,220.000,65.000, 0.162, 0.167, 0.000, 2.000, 0.000, 2.000, 0.000,12.322,11.980,-11.980,71.758,-145.565,65.0000,320.246,239.397,106.878,62.938,463.137, 2.212,-2.202,-0.171, 0.084,-5.058, 0.184,0.00000,0.00000,0.08423,0.04443,0.03553,0.00000,0.18355,0.04350,-5.00000,0.05787,-0.06593,0.00000,0.00000
1722031995.139734,192.000,222.000,66.000,194.000,220.000,65.000,194.000,220.000,66.000, 0.167, 0.165, 2.000,-2.000, 2.000,-2.000,11.980,-11.980, 0.000, 0.000,-72.709,72.709,66.0000,319.949,238.766,105.962,63.402,461.851, 2.213,-2.186,-0.158, 0.568,-5.229, 1.005,0.00000,0.00000,0.56840,0.03773,0.02450,0.00000,1.00525,0.04115,-5.00000,0.22927,-0.06593,0.00000,1.00000
1722031995.302573,194.000,220.000,65.000,194.000,220.000,66.000,194.000,220.000,66.000, 0.165, 0.163, 0.000, 0.000, 0.000, 0.000, 0.000, 0.000, 0.000, 0.000, 0.000, 0.000,66.0000,319.759,238.770,106.080,63.268,463.212, 2.220,-2.196,-0.170, 0.459,-4.991, 0.173,0.00000,0.00000,0.45907,0.04038,0.03496,0.00000,0.17294,0.04417,-5.00000,-0.00872,-0.06593,0.00000,1.00000
1722031995.46876,194.000,220.000,66.000,194.000,220.000,66.000,192.000,220.000,66.000, 0.163, 0.166, 0.000, 0.000, 0.000, 0.000, 0.000, 0.000,-12.035, 0.000,-72.416, 0.000,66.0000,319.332,240.324,106.237,63.616,464.283, 2.226,-2.208,-0.146, 0.327,-3.883, 0.346,0.00000,0.00000,0.32693,0.04160,0.03103,0.00000,0.34559,0.05879,-5.00000,-1.11705,-0.06593,0.00000,0.00000
1722031995.634613,194.000,220.000,66.000,192.000,220.000,66.000,192.000,226.000,67.000, 0.166, 0.166,-2.000, 0.000,-2.000, 0.000,-12.035, 0.000, 0.000,36.142,72.492,217.702,67.0000,319.175,241.232,106.465,63.687,464.913, 2.222,-2.211,-0.163, 0.125,-4.334,-0.092,0.00000,0.00000,0.12509,0.04377,0.03651,0.00000,-0.09232,0.05327,-5.00000,-0.66606,-0.06593,0.00000,-1.00000
1722031995.793107,192.000,220.000,66.000,192.000,226.000,67.000,192.000,228.000,65.000, 0.166, 0.158, 0.000, 6.000, 0.000, 6.000, 0.000,36.142, 0.000,12.636, 0.000,-148.510,65.0000,318.892,240.693,106.456,63.351,464.456, 2.217,-2.210,-0.182, 0.006,-4.942,-0.453,0.00000,0.00000,0.00641,0.04470,0.04090,0.00000,-0.45251,0.04706,-5.00000,-0.05768,-0.05726,-1.00000,0.00000
1722031995.960296,192.000,226.000,67.000,192.000,228.000,65.000,192.000,226.000,65.000, 0.158, 0.167, 0.000, 2.000, 0.000, 2.000, 0.000,12.636, 0.000,-11.960, 0.000,-147.086,65.0000,318.756,239.369,106.227,62.962,463.661, 2.215,-2.204,-0.193, 0.065,-5.468,-0.535,0.00000,0.00000,0.06454,0.04356,0.04238,0.00000,-0.53493,0.04100,-5.00000,0.46770,-0.05960,-1.00000,0.00000
1722031996.132024,192.000,228.000,65.000,192.000,226.000,65.000,194.000,224.000,66.000, 0.167, 0.172, 0.000,-2.000, 0.000,-2.000, 0.000,-11.960,11.651,-11.651,67.877, 1.798,66.0000,320.079,239.945,106.890,63.105,464.419, 2.219,-2.210,-0.169, 0.073,-4.576,-0.150,0.00000,0.00000,0.07307,0.04359,0.03812,0.00000,-0.14953,0.05290,-5.00000,-0.42437,-0.06761,0.00000,0.00000
1722031996.296195,192.000,226.000,65.000,194.000,224.000,66.000,194.000,218.000,67.000, 0.172, 0.164, 2.000,-2.000, 2.000,-2.000,11.651,-11.651, 0.000,-36.501,-70.881,-151.171,67.0000,320.000,240.203,106.850,63.203,463.184, 2.212,-2.204,-0.171, 0.039,-5.035, 0.155,0.00000,0.00000,0.03853,0.04404,0.03489,0.00000,0.15453,0.04620,-5.00000,0.03493,-0.06460,0.00000,0.00000
1722031996.456136,194.000,224.000,66.000,194.000,218.000,67.000,194.000,218.000,66.000, 0.164, 0.160, 0.000,-6.000, 0.000,-6.000, 0.000,-36.501, 0.000, 0.000, 0.000,228.237,66.0000,319.418,239.805,106.394,63.213,462.805, 2.210,-2.197,-0.160, 0.183,-5.019, 0.714,0.00000,0.00000,0.18282,0.04197,0.02749,0.00000,0.71432,0.04705,-5.00000,0.01850,-0.06460,0.00000,0.00000
1722031996.612587,194.000,218.000,67.000,194.000,218.000,66.000,192.000,218.000,66.000, 0.160, 0.156, 0.000, 0.000, 0.000, 0.000, 0.000, 0.000,-12.790, 0.000,-81.796, 0.000,66.0000,318.721,240.287,106.264,63.288,463.894, 2.215,-2.205,-0.173, 0.084,-4.954,-0.015,0.00000,0.00000,0.08376,0.04365,0.03675,0.00000,-0.01525,0.04785,-5.00000,-0.04567,-0.05593,-1.00000,0.00000
1722031996.7579,194.000,218.000,66.000,192.000,218.000,66.000,190.000,222.000,66.000, 0.156, 0.145,-2.000, 0.000,-2.000, 0.000,-12.790, 0.000,-13.770,27.540,-6.746,189.618,66.0000,318.662,240.503,106.221,63.399,463.730, 2.214,-2.204,-0.181, 0.073,-5.180,-0.205,0.00000,0.00000,0.07341,0.04345,0.03825,0.00000,-0.20531,0.04480,-5.00000,0.18021,-0.05827,-1.00000,0.00000
1722031996.927763,192.000,218.000,66.000,190.000,222.000,66.000,192.000,226.000,66.000, 0.145, 0.170,-2.000, 4.000,-2.000, 4.000,-13.770,27.540,11.774,23.548,150.376,-23.505,66.0000,319.228,240.567,106.570,63.308,463.028, 2.210,-2.203,-0.184,-0.023,-5.424,-0.123,0.00000,0.00000,-0.02331,0.04469,0.03727,0.00000,-0.12328,0.04149,-5.00000,0.42352,-0.06627,0.00000,0.00000
1722031997.0899782,190.000,222.000,66.000,192.000,226.000,66.000,192.000,226.000,65.000, 0.170, 0.162, 2.000, 4.000, 2.000, 4.000,11.774,23.548, 0.000, 0.000,-72.572,-145.144,65.0000,319.342,240.456,106.524,63.361,463.334, 2.213,-2.204,-0.170, 0.076,-4.983, 0.149,0.00000,0.00000,0.07632,0.04306,0.03397,0.00000,0.14860,0.04696,-5.00000,-0.01750,-0.06327,0.00000,0.00000
1722031997.2492611,192.000,226.000,66.000,192.000,226.000,65.000,192.000,226.000,66.000, 0.162, 0.159, 0.000, 0.000, 0.000, 0.000, 0.000, 0.000, 0.000, 0.000, 0.000, 0.000,66.0000,319.598,240.624,106.554,63.515,463.502, 2.216,-2.204,-0.161, 0.150,-4.644, 0.315,0.00000,0.00000,0.15016,0.04233,0.03183,0.00000,0.31507,0.05091,-5.00000,-0.35619,-0.06327,0.00000,0.00000
1722031997.416547,192.000,226.000,65.000,192.000,226.000,66.000,192.000,226.000,66.000, 0.159, 0.167, 0.000, 0.000, 0.000, 0.000, 0.000, 0.000, 0.000, 0.000, 0.000, 0.000,66.0000,319.303,240.663,106.373,63.576,462.628, 2.211,-2.199,-0.182, 0.114,-5.451,-0.005,0.00000,0.00000,0.11371,0.04297,0.03577,0.00000,-0.00470,0.04021,-5.00000,0.45136,-0.06327,0.00000,0.00000
1722031997.5767539,192.000,226.000,66.000,192.000,226.000,66.000,192.000,226.000,65.000, 0.167, 0.160, 0.000, 0.000, 0.000, 0.000, 0.000, 0.000, 0.000, 0.000, 0.000, 0.000,65.0000,319.169,240.712,106.319,63.584,462.487, 2.209,-2.198,-0.186, 0.096,-5.647,-0.036,0.00000,0.00000,0.09555,0.04305,0.03572,0.00000,-0.03643,0.03788,-5.00000,0.64668,-0.06327,0.00000,0.00000
1722031997.746986,192.000,226.000,66.000,192.000,226.000,65.000,192.000,226.000,66.000, 0.160, 0.170, 0.000, 0.000, 0.000, 0.000, 0.000, 0.000, 0.000, 0.000, 0.000, 0.000,66.0000,319.246,240.789,106.435,63.549,462.734, 2.211,-2.201,-0.180, 0.068,-5.349,-0.005,0.00000,0.00000,0.06848,0.04331,0.03532,0.00000,-0.00463,0.04090,-5.00000,0.34906,-0.06327,0.00000,0.00000
1722031997.920181,192.000,226.000,65.000,192.000,226.000,66.000,192.000,226.000,66.000, 0.170, 0.173, 0.000, 0.000, 0.000, 0.000, 0.000, 0.000, 0.000, 0.000, 0.000, 0.000,66.0000,319.507,240.654,106.515,63.521,463.173, 2.214,-2.202,-0.163, 0.137,-4.832, 0.362,0.00000,0.00000,0.13665,0.04227,0.03043,0.00000,0.36216,-0.08825,5.00000,9.83163,-0.06327,0.00000,0.00000
1722031998.077615,192.000,226.000,66.000,192.000,226.000,66.000,192.000,226.000,67.000, 0.173, 0.158, 0.000, 0.000, 0.000, 0.000, 0.000, 0.000, 0.000, 0.000, 0.000, 0.000,67.0000,319.661,240.695,106.633,63.496,463.828, 2.217,-2.207,-0.161, 0.124,-4.564, 0.202,0.00000,0.00000,0.12414,0.04258,0.03241,0.00000,0.20238,-0.09004,5.00000,9.56367,-0.06327,0.00000,0.00000
1722031998.262615,192.000,226.000,66.000,192.000,226.000,67.000,192.000,226.000,66.000, 0.158, 0.185, 0.000, 0.000, 0.000, 0.000, 0.000, 0.000, 0.000, 0.000, 0.000, 0.000,66.0000,320.237,240.991,107.185,63.312,465.749, 2.224,-2.219,-0.167,-0.034,-4.130,-0.462,0.00000,0.00000,-0.03374,0.04461,0.04073,0.00000,-0.46184,-0.10370,5.00000,9.13029,-0.06327,0.00000,0.00000
1722031998.4578629,192.000,226.000,67.000,192.000,226.000,66.000,212.000,226.000,67.000, 0.185, 0.195, 0.000, 0.000, 0.000, 0.000, 0.000, 0.000,102.506, 0.000,525.378, 0.000,67.0000,328.124,240.591,110.154,63.256,471.076,-2.190, 2.182,-0.030, 0.238, 2.804, 2.742,0.00000,0.00000,0.23821,0.04048,-0.00260,0.00000,2.74222,-0.02899,5.00000,2.19617,-0.13262,8.00000,0.00000
1722031998.644972,192.000,226.000,66.000,212.000,226.000,67.000,234.000,220.000,68.000, 0.195, 0.187,20.000, 0.000,20.000, 0.000,102.506, 0.000,117.392,-32.016,79.431,-170.838,68.0000,331.434,240.365,111.604,62.957,472.966,-2.178, 2.175,-0.052, 0.136, 3.933, 2.822,0.00000,0.00000,0.13622,0.04256,-0.00435,0.00000,2.82239,-0.02854,5.00000,1.06717,-0.13993,11.00000,0.00000
1722031998.799299,212.000,226.000,67.000,234.000,220.000,68.000,260.000,210.000,67.000, 0.187, 0.154,22.000,-6.000,22.000,-6.000,117.392,-32.016,168.405,-64.771,330.415,-212.158,67.0000,325.845,240.474,108.261,64.070,472.103,-2.197, 2.167,-0.007, 0.846, 2.431, 1.914,0.00000,0.00000,0.84595,0.03260,0.00239,0.00000,1.91444,-0.05265,5.00000,2.56940,-0.08624,5.00000,0.00000
1722031998.962652,234.000,220.000,68.000,260.000,210.000,67.000,288.000,198.000,66.000, 0.154, 0.163,26.000,-10.000,26.000,-10.000,168.405,-64.771,171.397,-73.456,18.319,-53.164,66.0000,318.687,241.963,107.540,62.348,473.577,-2.167, 2.187, 0.068,-0.513, 0.742,-0.288,0.00000,0.00000,-0.51286,0.05266,0.02694,0.00000,-0.28836,-0.07832,5.00000,4.25767,-0.05557,-1.00000,-1.00000
1722031999.1320388,260.000,210.000,67.000,288.000,198.000,66.000,322.000,192.000,67.000, 0.163, 0.169,28.000,-12.000,28.000,-12.000,171.397,-73.456,200.776,-35.431,173.483,224.544,67.0000,321.240,243.533,108.362,62.956,476.462,-2.153, 2.169, 0.084,-0.365, 1.203,-1.643,0.00000,0.00000,-0.36486,0.04683,0.04250,0.00000,-1.64338,-0.07808,5.00000,3.79743,-0.09026,1.00000,-3.00000
1722031999.2995021,288.000,198.000,66.000,322.000,192.000,67.000,358.000,190.000,65.000, 0.169, 0.167,34.000,-6.000,34.000,-6.000,200.776,-35.431,215.342,-11.963,87.133,140.376,65.0000,327.895,241.923,110.102,63.616,473.907,-2.182, 2.172, 0.048, 0.295, 1.270, 0.200,0.00000,0.00000,0.29484,0.03855,0.01887,0.00000,0.19969,-0.08545,5.00000,3.72996,-0.13693,7.00000,-1.00000
1722031999.456529,322.000,192.000,67.000,358.000,190.000,65.000,404.000,188.000,67.000, 0.167, 0.157,36.000,-2.000,36.000,-2.000,215.342,-11.963,292.346,-12.711,489.384,-4.749,67.0000,326.805,238.169,109.826,61.837,473.787,-2.176, 2.174,-0.009, 0.109, 2.918, 1.569,0.00000,0.00000,0.10938,0.04289,0.00276,0.00000,1.56852,-0.07076,5.00000,2.08227,-0.11491,6.00000,1.00000
1722031999.625741,358.000,190.000,65.000,404.000,188.000,67.000,450.000,190.000,67.000, 0.157, 0.169,46.000,-2.000,46.000,-2.000,292.346,-12.711,271.818,11.818,-121.303,144.943,67.0000,323.905,237.902,108.280,61.768,475.617,-2.160, 2.157,-0.030, 0.198, 4.396, 1.207,0.00000,0.00000,0.19829,0.04108,0.00657,0.00000,1.20659,-0.05744,5.00000,0.60406,-0.09590,3.00000,2.00000
1722031999.7828,404.000,188.000,67.000,450.000,190.000,67.000,420.000,228.000,66.000, 0.169, 0.157,46.000, 2.000,46.000, 2.000,271.818,11.818,-191.147,242.120,-2949.819,1467.388,66.0000,320.939,240.538,107.722,62.320,474.459,-2.159, 2.170,-0.034,-0.213, 4.160, 1.664,0.00000,0.00000,-0.21325,0.04680,-0.00257,0.00000,1.66437,-0.06404,5.00000,0.83982,-0.08090,0.00000,0.00000
1722031999.95163,450.000,190.000,67.000,420.000,228.000,66.000,418.000,266.000,67.000, 0.157, 0.169,-30.000,38.000,-30.000,38.000,-191.147,242.120,-11.841,224.972,1061.552,-101.523,67.0000,321.922,242.959,108.299,63.003,476.440,-2.152, 2.164, 0.035,-0.213, 2.704,-0.536,0.00000,0.00000,-0.21268,0.04567,0.02449,0.00000,-0.53555,-0.08503,5.00000,2.29615,-0.09858,1.00000,-2.00000
1722032000.1166248,420.000,228.000,66.000,418.000,266.000,67.000,438.000,310.000,68.000, 0.169, 0.165,-2.000,38.000,-2.000,38.000,-11.841,224.972,121.194,266.626,806.147,252.413,68.0000,324.321,242.521,109.155,63.096,475.974,-2.162, 2.168, 0.043,-0.077, 2.097,-0.385,0.00000,0.00000,-0.07720,0.04394,0.02022,0.00000,-0.38451,-0.09563,5.00000,2.90326,-0.12225,4.00000,-2.00000
1722032000.276417,418.000,266.000,67.000,438.000,310.000,68.000,412.000,326.000,67.000, 0.165, 0.160,20.000,44.000,20.000,44.000,121.194,266.626,-162.907,100.251,-1780.081,-1042.454,67.0000,325.592,239.499,108.858,62.667,475.741,-2.171, 2.159, 0.010, 0.400, 2.943, 0.491,0.00000,0.00000,0.40014,0.03794,0.00940,0.00000,0.49056,-0.08909,5.00000,2.05719,-0.12457,5.00000,0.00000
1722032000.4175181,438.000,310.000,68.000,412.000,326.000,67.000,398.000,334.000,65.000, 0.160, 0.141,-26.000,16.000,-26.000,16.000,-162.907,100.251,-99.096,56.626,451.675,-308.786,65.0000,324.036,238.482,108.446,61.921,476.388,-2.163, 2.160,-0.024, 0.179, 4.095, 1.183,0.00000,0.00000,0.17878,0.04217,0.00039,0.00000,1.18312,-0.07892,5.00000,0.90510,-0.11623,4.00000,1.00000
1722032000.5812101,412.000,326.000,67.000,398.000,334.000,65.000,400.000,346.000,65.000, 0.141, 0.164,-14.000, 8.000,-14.000, 8.000,-99.096,56.626,12.217,73.302,679.953,101.865,65.0000,322.122,239.756,107.871,61.990,477.530,-2.147, 2.153,-0.021,-0.024, 4.649, 0.491,0.00000,0.00000,-0.02419,0.04415,0.00840,0.00000,0.49132,-0.07497,5.00000,0.35051,-0.10456,2.00000,0.00000
1722032000.735738,398.000,334.000,65.000,400.000,346.000,65.000,408.000,340.000,67.000, 0.164, 0.155, 2.000,12.000, 2.000,12.000,12.217,73.302,51.770,-38.828,255.960,-725.623,67.0000,321.266,241.364,107.958,62.312,477.165,-2.147, 2.162,-0.010,-0.253, 4.097, 0.434,0.00000,0.00000,-0.25268,0.04664,0.00715,0.00000,0.43407,-0.08396,5.00000,0.90306,-0.10323,1.00000,-1.00000
1722032000.9047198,400.000,346.000,65.000,408.000,340.000,67.000,424.000,326.000,65.000, 0.155, 0.169, 8.000,-6.000, 8.000,-6.000,51.770,-38.828,94.772,-82.926,254.711,-261.203,65.0000,322.301,241.624,108.601,62.173,477.719,-2.145, 2.162, 0.020,-0.330, 3.383,-0.411,0.00000,0.00000,-0.32986,0.04712,0.01761,0.00000,-0.41073,-0.09458,5.00000,1.61738,-0.11557,2.00000,-1.00000
1722032001.075645,408.000,340.000,67.000,424.000,326.000,65.000,440.000,306.000,65.000, 0.169, 0.171,16.000,-14.000,16.000,-14.000,94.772,-82.926,93.659,-117.073,-6.517,-199.891,65.0000,323.946,240.691,108.759,62.323,477.825,-2.151, 2.157, 0.004,-0.016, 3.764, 0.024,0.00000,0.00000,-0.01581,0.04282,0.01129,0.00000,0.02360,-0.09160,5.00000,1.23617,-0.12257,3.00000,0.00000
1722032001.242804,424.000,326.000,65.000,440.000,306.000,65.000,452.000,278.000,65.000, 0.171, 0.167,16.000,-20.000,16.000,-20.000,93.659,-117.073,71.682,-167.258,-131.278,-299.777,65.0000,324.032,239.768,108.417,62.442,476.465,-2.160, 2.157,-0.020, 0.185, 4.128, 0.945,0.00000,0.00000,0.18476,0.04106,-0.00054,0.00000,0.94503,-0.08973,5.00000,0.87232,-0.13023,4.00000,0.00000
1722032001.401103,440.000,306.000,65.000,452.000,278.000,65.000,454.000,254.000,64.000, 0.167, 0.158,12.000,-28.000,12.000,-28.000,71.682,-167.258,12.647,-151.769,-373.318,97.947,64.0000,322.874,239.410,108.340,61.671,477.735,-2.143, 2.156,-0.059,-0.214, 5.684, 1.473,0.00000,0.00000,-0.21353,0.04695,-0.00817,0.00000,1.47288,-0.07100,5.00000,-0.68440,-0.11255,2.00000,0.00000
1722032001.570734,452.000,278.000,65.000,454.000,254.000,64.000,454.000,238.000,67.000, 0.158, 0.170, 2.000,-24.000, 2.000,-24.000,12.647,-151.769, 0.000,-94.230,-74.485,338.869,67.0000,320.783,239.691,107.828,61.590,476.650,-2.148, 2.165,-0.020,-0.315, 4.271, 0.837,0.00000,0.00000,-0.31454,0.04722,-0.00174,0.00000,0.83694,-0.09105,5.00000,0.72868,-0.10255,0.00000,0.00000
1722032001.730685,454.000,254.000,64.000,454.000,238.000,67.000,454.000,232.000,67.000, 0.170, 0.160, 0.000,-16.000, 0.000,-16.000, 0.000,-94.230, 0.000,-37.568, 0.000,354.780,67.0000,320.942,240.416,108.232,61.777,475.156,-2.157, 2.178,-0.032,-0.494, 3.951, 1.773,0.00000,0.00000,-0.49378,0.04950,-0.01700,0.00000,1.77281,-0.09471,5.00000,1.04925,-0.10856,0.00000,0.00000
1722032001.897254,454.000,238.000,67.000,454.000,232.000,67.000,458.000,242.000,66.000, 0.160, 0.167, 0.000,-6.000, 0.000,-6.000, 0.000,-37.568,23.981,59.953,143.775,584.668,66.0000,323.929,240.363,109.526,61.651,475.295,-2.151, 2.177,-0.064,-0.615, 4.987, 2.449,0.00000,0.00000,-0.61536,0.05085,-0.02827,0.00000,2.44936,-0.08233,5.00000,0.01256,-0.13457,3.00000,0.00000
1722032002.066441,454.000,232.000,67.000,458.000,242.000,66.000,458.000,262.000,67.000, 0.167, 0.169, 4.000,10.000, 4.000,10.000,23.981,59.953, 0.000,118.340,-141.897,345.479,67.0000,324.146,241.614,109.081,62.813,474.986,-2.166, 2.174,-0.013,-0.137, 3.309, 1.368,0.00000,0.00000,-0.13681,0.04433,-0.01755,0.00000,1.36796,-0.10657,5.00000,1.69142,-0.13622,4.00000,-1.00000
1722032002.23067,458.000,242.000,66.000,458.000,262.000,67.000,446.000,290.000,66.000, 0.169, 0.164, 0.000,20.000, 0.000,20.000, 0.000,118.340,-72.986,170.301,-443.914,316.033,66.0000,321.268,242.818,107.569,63.172,478.857,-2.148, 2.151, 0.037, 0.072, 3.118,-1.102,0.00000,0.00000,0.07200,0.04301,0.01144,0.00000,-1.10202,-0.11001,5.00000,1.88223,-0.10988,1.00000,-2.00000
1722032002.3983119,458.000,262.000,67.000,446.000,290.000,66.000,430.000,322.000,67.000, 0.164, 0.168,-12.000,28.000,-12.000,28.000,-72.986,170.301,-95.451,190.901,-134.015,122.893,67.0000,321.991,242.901,107.983,62.742,481.006,-2.132, 2.142, 0.026,-0.065, 4.134,-1.513,0.00000,0.00000,-0.06521,0.04546,0.01549,0.00000,-1.51332,-0.09976,5.00000,0.86567,-0.11955,1.00000,-2.00000
1722032002.562645,446.000,290.000,66.000,430.000,322.000,67.000,410.000,344.000,66.000, 0.168, 0.164,-16.000,32.000,-16.000,32.000,-95.451,190.901,-121.886,134.074,-161.104,-346.318,66.0000,324.567,240.136,108.833,61.801,480.939,-2.134, 2.140, 0.005, 0.030, 4.721,-0.981,0.00000,0.00000,0.03017,0.04379,0.01071,0.00000,-0.98103,-0.09510,5.00000,0.27922,-0.14623,4.00000,0.00000
1722032002.72618,430.000,322.000,67.000,410.000,344.000,66.000,398.000,350.000,65.000, 0.164, 0.164,-20.000,22.000,-20.000,22.000,-121.886,134.074,-73.257,36.628,296.867,-594.883,65.0000,324.581,237.891,108.760,61.159,479.525,-2.142, 2.146,-0.013, 0.074, 4.770,-0.091,0.00000,0.00000,0.07374,0.04347,0.00145,0.00000,-0.09116,-0.09587,5.00000,0.22971,-0.13988,4.00000,2.00000
1722032002.893159,410.000,344.000,66.000,398.000,350.000,65.000,404.000,342.000,65.000, 0.164, 0.167,-12.000, 6.000,-12.000, 6.000,-73.257,36.628,35.935,-47.913,653.970,-506.336,65.0000,322.038,237.876,107.315,61.648,477.910,-2.149, 2.145,-0.034, 0.256, 5.147, 0.628,0.00000,0.00000,0.25618,0.04110,-0.00674,0.00000,0.62814,-0.09131,5.00000,-0.14742,-0.12521,2.00000,2.00000
1722032003.0545092,398.000,350.000,65.000,404.000,342.000,65.000,420.000,328.000,65.000, 0.167, 0.161, 6.000,-8.000, 6.000,-8.000,35.935,-47.913,99.309,-86.895,393.346,-241.950,65.0000,319.486,241.084,107.287,61.794,479.065,-2.132, 2.152,-0.005,-0.353, 4.691,-0.415,0.00000,0.00000,-0.35315,0.04975,0.00717,0.00000,-0.41484,-0.09774,5.00000,0.30868,-0.11521,0.00000,-1.00000
1722032003.222379,404.000,342.000,65.000,420.000,328.000,65.000,438.000,300.000,64.000, 0.161, 0.168,16.000,-14.000,16.000,-14.000,99.309,-86.895,107.305,-166.919,47.670,-477.054,64.0000,319.721,242.520,107.419,62.434,478.955,-2.135, 2.155,-0.014,-0.373, 4.774, 0.021,0.00000,0.00000,-0.37291,0.04836,0.00055,0.00000,0.02079,-0.09655,5.00000,0.22591,-0.12121,0.00000,-2.00000
1722032003.412385,420.000,328.000,65.000,438.000,300.000,64.000,450.000,270.000,65.000, 0.168, 0.190,18.000,-28.000,18.000,-28.000,107.305,-166.919,63.104,-157.760,-232.438,48.163,65.0000,321.559,241.931,108.079,62.401,478.983,-2.143, 2.156, 0.017,-0.203, 3.681,-0.560,0.00000,0.00000,-0.20338,0.04620,0.00900,0.00000,-0.56018,-0.11188,5.00000,1.31886,-0.12988,1.00000,-1.00000
1722032003.591305,438.000,300.000,64.000,450.000,270.000,65.000,456.000,242.000,64.000, 0.190, 0.179,12.000,-30.000,12.000,-30.000,63.104,-157.760,33.498,-156.325,-165.291, 8.014,64.0000,322.948,238.924,108.535,61.349,478.298,-2.146, 2.159,-0.042,-0.234, 5.073, 1.192,0.00000,0.00000,-0.23366,0.04722,-0.01440,0.00000,1.19156,-0.09409,5.00000,-0.07283,-0.13621,2.00000,1.00000
1722032003.75036,450.000,270.000,65.000,456.000,242.000,64.000,454.000,230.000,64.000, 0.179, 0.159, 6.000,-28.000, 6.000,-28.000,33.498,-156.325,-12.576,-75.458,-289.724,508.505,64.0000,322.697,238.957,108.411,60.972,481.497,-2.129, 2.148,-0.057,-0.327, 6.269, 0.782,0.00000,0.00000,-0.32749,0.04851,-0.00862,0.00000,0.78196,-0.07989,5.00000,-1.26877,-0.13454,2.00000,1.00000
1722032003.902632,456.000,242.000,64.000,454.000,230.000,64.000,452.000,232.000,65.000, 0.159, 0.152,-2.000,-12.000,-2.000,-12.000,-12.576,-75.458,-13.159,13.159,-3.832,583.043,65.0000,321.002,240.612,107.906,61.990,476.254,-2.148, 2.164,-0.016,-0.311, 4.188, 0.695,0.00000,0.00000,-0.31058,0.04817,-0.00962,0.00000,0.69458,-0.10724,5.00000,0.81206,-0.12720,1.00000,0.00000
1722032004.045564,454.000,230.000,64.000,452.000,232.000,65.000,452.000,244.000,66.000, 0.152, 0.143,-2.000, 2.000,-2.000, 2.000,-13.159,13.159, 0.000,83.796,91.888,493.258,66.0000,319.584,240.971,107.487,61.602,480.434,-2.132, 2.156,-0.034,-0.474, 5.345, 0.521,0.00000,0.00000,-0.47447,0.05059,-0.00879,0.00000,0.52083,-0.09012,5.00000,-0.34507,-0.12220,0.00000,0.00000
1722032004.2057998,452.000,232.000,65.000,452.000,244.000,66.000,454.000,262.000,66.000, 0.143, 0.160, 0.000,12.000, 0.000,12.000, 0.000,83.796,12.497,112.469,78.082,179.159,66.0000,321.223,241.139,108.059,61.669,480.704,-2.128, 2.151,-0.042,-0.460, 5.807, 0.455,0.00000,0.00000,-0.45953,0.05013,-0.00920,0.00000,0.45484,-0.08493,5.00000,-0.80705,-0.13388,1.00000,-1.00000
1722032004.37871,452.000,244.000,66.000,454.000,262.000,66.000,446.000,290.000,67.000, 0.160, 0.173, 2.000,18.000, 2.000,18.000,12.497,112.469,-46.205,161.716,-339.033,284.430,67.0000,321.441,240.990,107.591,62.512,478.340,-2.150, 2.153, 0.002, 0.049, 3.947,-0.043,0.00000,0.00000,0.04934,0.04353,-0.00349,0.00000,-0.04283,-0.10912,5.00000,1.05275,-0.13154,1.00000,0.00000
1722032004.544489,454.000,262.000,66.000,446.000,290.000,67.000,430.000,316.000,66.000, 0.173, 0.166,-8.000,28.000,-8.000,28.000,-46.205,161.716,-96.569,156.925,-303.980,-28.917,66.0000,320.870,240.670,106.996,62.308,480.736,-2.137, 2.136, 0.017, 0.228, 4.423,-1.338,0.00000,0.00000,0.22846,0.04262,0.01334,0.00000,-1.33835,-0.10201,5.00000,0.57725,-0.12354,0.00000,0.00000
1722032004.713616,446.000,290.000,67.000,430.000,316.000,66.000,414.000,336.000,65.000, 0.166, 0.169,-16.000,26.000,-16.000,26.000,-96.569,156.925,-94.638,118.297,11.425,-228.479,65.0000,321.189,240.748,107.204,62.412,479.789,-2.141, 2.141, 0.005, 0.177, 4.468,-0.750,0.00000,0.00000,0.17651,0.04374,0.00612,0.00000,-0.74973,-0.10326,5.00000,0.53169,-0.13521,1.00000,0.00000
1722032004.877868,430.000,316.000,66.000,414.000,336.000,65.000,404.000,346.000,65.000, 0.169, 0.164,-16.000,20.000,-16.000,20.000,-94.638,118.297,-60.821,60.821,205.677,-349.575,65.0000,322.072,240.572,107.975,62.135,478.605,-2.144, 2.153,-0.010,-0.073, 4.473, 0.089,0.00000,0.00000,-0.07293,0.04687,-0.00282,0.00000,0.08888,-0.10433,5.00000,0.52682,-0.14154,2.00000,0.00000
1722032005.0472698,414.000,336.000,65.000,404.000,346.000,65.000,408.000,344.000,65.000, 0.164, 0.169,-10.000,10.000,-10.000,10.000,-60.821,60.821,23.664,-11.832,499.804,-429.808,65.0000,322.436,240.572,108.105,62.170,478.584,-2.145, 2.153,-0.009,-0.053, 4.415, 0.093,0.00000,0.00000,-0.05253,0.04588,-0.00179,0.00000,0.09270,-0.10618,5.00000,0.58536,-0.13987,2.00000,0.00000
1722032005.205104,404.000,346.000,65.000,408.000,344.000,65.000,420.000,330.000,65.000, 0.169, 0.158, 4.000,-2.000, 4.000,-2.000,23.664,-11.832,75.883,-88.530,330.214,-485.009,65.0000,321.396,240.301,107.559,62.178,478.404,-2.146, 2.152,-0.024,-0.016, 4.786, 0.490,0.00000,0.00000,-0.01565,0.04547,-0.00733,0.00000,0.48956,-0.10224,5.00000,0.21383,-0.13253,1.00000,0.00000
1722032005.375682,408.000,344.000,65.000,420.000,330.000,65.000,436.000,306.000,65.000, 0.158, 0.170,12.000,-14.000,12.000,-14.000,75.883,-88.530,93.886,-140.829,105.641,-306.886,65.0000,320.724,240.512,107.673,61.775,479.352,-2.139, 2.154,-0.008,-0.237, 4.556,-0.086,0.00000,0.00000,-0.23716,0.04858,0.00006,0.00000,-0.08555,-0.10633,5.00000,0.44386,-0.12753,0.00000,0.00000
1722032005.547075,420.000,330.000,65.000,436.000,306.000,65.000,450.000,274.000,65.000, 0.170, 0.172,16.000,-24.000,16.000,-24.000,93.886,-140.829,81.595,-186.503,-71.636,-266.195,65.0000,320.900,240.319,107.690,61.796,479.131,-2.141, 2.155,-0.019,-0.215, 4.740, 0.297,0.00000,0.00000,-0.21474,0.04773,-0.00580,0.00000,0.29671,-0.10439,5.00000,0.25960,-0.13054,0.00000,0.00000
1722032005.702611,436.000,306.000,65.000,450.000,274.000,65.000,454.000,248.000,66.000, 0.172, 0.155,14.000,-32.000,14.000,-32.000,81.595,-186.503,25.727,-167.227,-359.331,123.977,66.0000,321.307,239.954,107.970,61.391,479.772,-2.130, 2.153,-0.078,-0.479, 6.605, 1.582,0.00000,0.00000,-0.47852,0.05146,-0.02317,0.00000,1.58221,-0.08001,5.00000,-1.60517,-0.13921,1.00000,0.00000
1722032005.8725388,450.000,274.000,65.000,454.000,248.000,66.000,454.000,230.000,66.000, 0.155, 0.170, 4.000,-26.000, 4.000,-26.000,25.727,-167.227, 0.000,-105.949,-151.432,360.687,66.0000,321.548,240.754,107.933,62.126,477.936,-2.145, 2.159,-0.041,-0.236, 5.084, 1.118,0.00000,0.00000,-0.23637,0.04764,-0.01813,0.00000,1.11778,-0.10013,5.00000,-0.08421,-0.13687,1.00000,0.00000
1722032006.0399559,454.000,248.000,66.000,454.000,230.000,66.000,452.000,224.000,66.000, 0.170, 0.167, 0.000,-18.000, 0.000,-18.000, 0.000,-105.949,-11.960,-35.879,-71.517,419.009,66.0000,320.186,241.395,107.311,62.562,477.182,-2.153, 2.161, 0.004,-0.088, 3.609, 0.178,0.00000,0.00000,-0.08849,0.04649,-0.00838,0.00000,0.17845,-0.11759,5.00000,1.39080,-0.12886,0.00000,-1.00000
1722032006.200052,454.000,230.000,66.000,452.000,224.000,66.000,454.000,234.000,67.000, 0.167, 0.160,-2.000,-6.000,-2.000,-6.000,-11.960,-35.879,12.501,62.503,152.885,614.921,67.0000,320.036,242.094,107.516,61.819,482.728,-2.117, 2.144,-0.053,-0.515, 6.643, 0.260,0.00000,0.00000,-0.51503,0.05274,-0.01125,0.00000,0.26007,-0.07720,5.00000,-1.64327,-0.13187,0.00000,-2.00000
1722032006.381443,452.000,224.000,66.000,454.000,234.000,67.000,454.000,254.000,67.000, 0.160, 0.182, 2.000,10.000, 2.000,10.000,12.501,62.503, 0.000,110.134,-68.837,262.287,67.0000,321.135,241.759,108.080,61.893,480.731,-2.128, 2.153,-0.037,-0.474, 5.625, 0.378,0.00000,0.00000,-0.47378,0.05116,-0.01323,0.00000,0.37765,-0.09222,5.00000,-0.62490,-0.14054,1.00000,-1.00000
1722032006.5297961,454.000,234.000,67.000,454.000,254.000,67.000,448.000,284.000,65.000, 0.182, 0.148, 0.000,20.000, 0.000,20.000, 0.000,110.134,-40.531,202.656,-273.797,625.009,65.0000,321.743,241.136,107.601,62.353,480.743,-2.139, 2.141, 0.033, 0.137, 3.801,-1.562,0.00000,0.00000,0.13722,0.04327,0.01238,0.00000,-1.56248,-0.11406,5.00000,1.19883,-0.13820,1.00000,-1.00000
1722032006.689754,454.000,254.000,67.000,448.000,284.000,65.000,432.000,314.000,66.000, 0.148, 0.160,-6.000,30.000,-6.000,30.000,-40.531,202.656,-99.749,187.029,-369.178,-97.428,66.0000,320.749,240.357,107.034,62.099,480.619,-2.136, 2.137, 0.014, 0.167, 4.492,-1.240,0.00000,0.00000,0.16654,0.04464,0.00823,0.00000,-1.23950,-0.10440,5.00000,0.50825,-0.13020,0.00000,0.00000
1722032006.860495,448.000,284.000,65.000,432.000,314.000,66.000,414.000,336.000,65.000, 0.160, 0.171,-16.000,30.000,-16.000,30.000,-99.749,187.029,-105.563,129.021,-34.097,-340.191,65.0000,321.298,239.841,107.873,61.596,478.623,-2.140, 2.156,-0.032,-0.263, 5.064, 0.647,0.00000,0.00000,-0.26343,0.05045,-0.01428,0.00000,0.64732,-0.09872,5.00000,-0.06392,-0.14187,1.00000,0.00000
1722032007.021539,432.000,314.000,66.000,414.000,336.000,65.000,402.000,344.000,65.000, 0.171, 0.161,-18.000,22.000,-18.000,22.000,-105.563,129.021,-74.508,49.672,192.819,-492.678,65.0000,321.342,239.267,107.159,61.982,478.910,-2.144, 2.143,-0.016, 0.200, 4.895,-0.050,0.00000,0.00000,0.20025,0.04303,-0.00333,0.00000,-0.05020,-0.10173,5.00000,0.10467,-0.13953,1.00000,0.00000
1722032007.184381,414.000,336.000,65.000,402.000,344.000,65.000,408.000,340.000,65.000, 0.161, 0.163,-12.000, 8.000,-12.000, 8.000,-74.508,49.672,36.831,-24.554,683.455,-455.637,65.0000,320.295,239.703,107.073,61.811,479.423,-2.141, 2.147,-0.012, 0.004, 4.759,-0.123,0.00000,0.00000,0.00444,0.04696,-0.00330,0.00000,-0.12264,-0.10353,5.00000,0.24089,-0.13153,0.00000,0.00000
1722032007.351949,402.000,344.000,65.000,408.000,340.000,65.000,420.000,326.000,63.000, 0.163, 0.168, 6.000,-4.000, 6.000,-4.000,36.831,-24.554,71.507,-83.425,206.629,-350.804,63.0000,320.174,240.088,107.007,61.766,480.785,-2.133, 2.140, 0.003, 0.012, 4.784,-0.955,0.00000,0.00000,0.01231,0.04627,0.00807,0.00000,-0.95463,-0.10346,5.00000,0.21555,-0.13453,0.00000,0.00000
1722032007.516748,408.000,340.000,65.000,420.000,326.000,63.000,432.000,308.000,63.000, 0.168, 0.165,12.000,-14.000,12.000,-14.000,71.507,-83.425,72.938,-109.407, 8.699,-157.926,63.0000,320.325,240.053,107.187,61.739,480.524,-2.137, 2.144, 0.010,-0.019, 4.372,-0.920,0.00000,0.00000,-0.01859,0.04670,0.00827,0.00000,-0.92030,-0.10949,5.00000,0.62752,-0.13453,0.00000,0.00000
1722032007.700929,420.000,326.000,63.000,432.000,308.000,63.000,446.000,284.000,64.000, 0.165, 0.184,12.000,-18.000,12.000,-18.000,72.938,-109.407,75.999,-130.283,16.614,-113.326,64.0000,321.138,239.590,107.515,61.714,479.254,-2.142, 2.149,-0.014,-0.047, 4.738, 0.031,0.00000,0.00000,-0.04727,0.04701,-0.00269,0.00000,0.03115,-0.10519,5.00000,0.26196,-0.14320,1.00000,0.00000
1722032007.885341,432.000,308.000,63.000,446.000,284.000,64.000,454.000,258.000,65.000, 0.184, 0.184,14.000,-24.000,14.000,-24.000,75.999,-130.283,43.374,-140.964,-176.883,-57.909,65.0000,322.166,239.246,107.926,61.402,480.027,-2.133, 2.144,-0.034,-0.129, 5.651, 0.165,0.00000,0.00000,-0.12906,0.04805,-0.00313,0.00000,0.16484,-0.02645,0.00000,-5.65068,-0.14953,2.00000,0.00000
1722032008.086133,446.000,284.000,64.000,454.000,258.000,65.000,454.000,240.000,64.000, 0.184, 0.201, 8.000,-26.000, 8.000,-26.000,43.374,-140.964, 0.000,-89.684,-216.106,255.501,64.0000,321.179,239.088,107.676,61.342,479.938,-2.139, 2.152,-0.042,-0.189, 5.478, 0.796,0.00000,0.00000,-0.18879,0.04867,-0.01177,0.00000,0.79565,-0.02637,0.00000,-5.47797,-0.13919,1.00000,0.00000
1722032008.263069,454.000,258.000,65.000,454.000,240.000,64.000,454.000,240.000,66.000, 0.201, 0.177, 0.000,-18.000, 0.000,-18.000, 0.000,-89.684, 0.000, 0.000, 0.000,507.242,66.0000,319.763,238.987,106.775,61.567,480.413,-2.141, 2.147,-0.039, 0.012, 5.463, 0.628,0.00000,0.00000,0.01168,0.04588,-0.01014,0.00000,0.62756,-0.01536,0.00000,-5.46293,-0.13419,0.00000,1.00000
1722032008.4640052,454.000,240.000,64.000,454.000,240.000,66.000,442.000,256.000,67.000, 0.177, 0.201, 0.000, 0.000, 0.000, 0.000, 0.000, 0.000,-59.753,79.670,-297.531,396.708,67.0000,314.396,239.642,105.317,61.594,476.589,-2.161, 2.175, 0.018,-0.276, 2.591, 0.452,0.00000,0.00000,-0.27558,0.05036,-0.00928,0.00000,0.45233,-0.04320,0.00000,-2.59101,-0.09385,-5.00000,0.00000
1722032008.6693382,454.000,240.000,66.000,442.000,256.000,67.000,438.000,288.000,67.000, 0.201, 0.206,-12.000,16.000,-12.000,16.000,-59.753,79.670,-19.450,155.603,195.974,369.234,67.0000,313.551,241.924,104.459,63.009,476.034,-2.163, 2.161, 0.111, 0.072, 0.391,-2.282,0.00000,0.00000,0.07245,0.04493,0.02646,0.00000,-2.28212,-0.06341,0.00000,-0.39050,-0.09687,-6.00000,-1.00000
1722032008.834697,442.000,256.000,67.000,438.000,288.000,67.000,422.000,326.000,66.000, 0.206, 0.165,-4.000,32.000,-4.000,32.000,-19.450,155.603,-96.809,229.921,-468.063,449.665,66.0000,319.447,242.147,107.450,62.506,476.550,-2.153, 2.165, 0.099,-0.263, 0.922,-2.131,0.00000,0.00000,-0.26285,0.05047,0.02488,0.00000,-2.13131,-0.05216,0.00000,-0.92156,-0.14789,0.00000,-2.00000
1722032008.999553,438.000,288.000,67.000,422.000,326.000,66.000,394.000,354.000,66.000, 0.165, 0.165,-16.000,38.000,-16.000,38.000,-96.809,229.921,-169.585,169.585,-440.776,-365.434,66.0000,323.022,240.385,108.251,62.675,475.059,-2.173, 2.168, 0.055, 0.173, 1.437,-0.353,0.00000,0.00000,0.17257,0.04371,0.00536,0.00000,-0.35267,-0.04416,0.00000,-1.43702,-0.15588,3.00000,0.00000
1722032009.173217,422.000,326.000,66.000,394.000,354.000,66.000,370.000,362.000,66.000, 0.165, 0.174,-28.000,28.000,-28.000,28.000,-169.585,169.585,-138.168,46.056,180.866,-711.158,66.0000,322.211,237.039,107.708,61.725,471.959,-2.191, 2.181, 0.024, 0.296, 1.382, 1.375,0.00000,0.00000,0.29573,0.04327,-0.01459,0.00000,1.37514,-0.04281,0.00000,-1.38170,-0.14020,2.00000,2.00000
1722032009.332542,394.000,354.000,66.000,370.000,362.000,66.000,348.000,362.000,66.000, 0.174, 0.159,-24.000, 8.000,-24.000, 8.000,-138.168,46.056,-138.120, 0.000, 0.305,-289.148,66.0000,316.956,237.974,106.153,61.184,474.539,-2.162, 2.171, 0.031,-0.158, 2.335, 0.057,0.00000,0.00000,-0.15818,0.04962,0.00304,0.00000,0.05728,-0.02709,0.00000,-2.33544,-0.10119,-3.00000,2.00000
1722032009.500012,370.000,362.000,66.000,348.000,362.000,66.000,336.000,366.000,66.000, 0.159, 0.167,-22.000, 0.000,-22.000, 0.000,-138.120, 0.000,-71.854,23.951,396.789,143.417,66.0000,314.598,241.730,105.347,62.505,475.821,-2.159, 2.169, 0.085,-0.216, 1.020,-1.494,0.00000,0.00000,-0.21579,0.04912,0.02189,0.00000,-1.49404,-0.04162,0.00000,-1.01964,-0.09687,-5.00000,-1.00000
1722032009.664031,348.000,362.000,66.000,336.000,366.000,66.000,324.000,374.000,66.000, 0.167, 0.165,-12.000, 4.000,-12.000, 4.000,-71.854,23.951,-72.935,48.623,-6.568,149.953,66.0000,315.697,242.498,105.543,63.319,473.523,-2.175, 2.176, 0.108,-0.044,-0.268,-1.395,0.00000,0.00000,-0.04377,0.04673,0.02122,0.00000,-1.39548,-0.05499,0.00000,0.26813,-0.10821,-4.00000,-2.00000
1722032009.823554,336.000,366.000,66.000,324.000,374.000,66.000,320.000,370.000,66.000, 0.165, 0.159,-12.000, 8.000,-12.000, 8.000,-72.935,48.623,-25.083,-25.083,300.065,-462.184,66.0000,320.103,238.769,106.249,63.150,469.649,-2.211, 2.185, 0.070, 0.667,-0.544, 0.905,0.00000,0.00000,0.66672,0.03767,-0.00691,0.00000,0.90522,-0.05731,0.00000,0.54363,-0.13722,0.00000,1.00000
1722032009.990318,324.000,374.000,66.000,320.000,370.000,66.000,330.000,368.000,66.000, 0.159, 0.167,-4.000,-4.000,-4.000,-4.000,-25.083,-25.083,59.944,-11.989,509.684,78.490,66.0000,321.345,237.162,107.373,61.760,471.522,-2.191, 2.181, 0.035, 0.274, 1.112, 1.067,0.00000,0.00000,0.27372,0.04478,-0.00744,0.00000,1.06664,-0.03563,0.00000,-1.11189,-0.13388,1.00000,2.00000
1722032010.148114,320.000,370.000,66.000,330.000,368.000,66.000,342.000,366.000,67.000, 0.167, 0.158,10.000,-2.000,10.000,-2.000,59.944,-11.989,76.048,-12.675,102.057,-4.347,67.0000,320.687,238.149,107.311,61.627,474.857,-2.165, 2.165, 0.028, 0.088, 2.466, 0.033,0.00000,0.00000,0.08806,0.04597,0.00462,0.00000,0.03313,-0.01762,0.00000,-2.46590,-0.12287,0.00000,1.00000
1722032010.3179562,330.000,368.000,66.000,342.000,366.000,67.000,364.000,364.000,65.000, 0.158, 0.170,12.000,-2.000,12.000,-2.000,76.048,-12.675,129.722,-11.793,316.481, 5.200,65.0000,316.668,241.725,106.234,62.501,475.761,-2.160, 2.171, 0.075,-0.230, 1.224,-1.151,0.00000,0.00000,-0.22989,0.04966,0.01899,0.00000,-1.15066,-0.03149,0.00000,-1.22410,-0.09987,-3.00000,-1.00000
1722032010.490446,342.000,366.000,67.000,364.000,364.000,65.000,380.000,356.000,65.000, 0.170, 0.170,22.000,-2.000,22.000,-2.000,129.722,-11.793,93.984,-46.992,-209.923,-206.759,65.0000,315.696,241.262,105.623,62.705,473.782,-2.173, 2.177, 0.084,-0.092, 0.389,-0.826,0.00000,0.00000,-0.09224,0.04696,0.01513,0.00000,-0.82631,-0.03845,0.00000,-0.38894,-0.09821,-4.00000,-1.00000
1722032010.6502998,364.000,364.000,65.000,380.000,356.000,65.000,398.000,344.000,64.000, 0.170, 0.162,16.000,-8.000,16.000,-8.000,93.984,-46.992,110.915,-73.944,104.332,-166.076,64.0000,318.637,240.082,107.063,62.054,472.988,-2.174, 2.182, 0.090,-0.227, 0.062,-0.808,0.00000,0.00000,-0.22713,0.04924,0.01702,0.00000,-0.80813,-0.04084,0.00000,-0.06178,-0.12456,-1.00000,0.00000
1722032010.8268921,380.000,356.000,65.000,398.000,344.000,64.000,412.000,334.000,66.000, 0.162, 0.177,18.000,-12.000,18.000,-12.000,110.915,-73.944,79.254,-56.610,-179.237,98.127,66.0000,319.457,239.106,106.836,62.152,473.963,-2.177, 2.173, 0.082, 0.135, 0.477,-0.775,0.00000,0.00000,0.13505,0.04406,0.01822,0.00000,-0.77542,-0.03461,0.00000,-0.47749,-0.12355,0.00000,0.00000
1722032010.982419,398.000,344.000,64.000,412.000,334.000,66.000,422.000,322.000,66.000, 0.177, 0.156,14.000,-10.000,14.000,-10.000,79.254,-56.610,64.294,-77.153,-96.180,-132.082,66.0000,319.850,239.257,106.749,62.596,472.319,-2.189, 2.179, 0.052, 0.286, 0.784, 0.498,0.00000,0.00000,0.28648,0.04304,0.00263,0.00000,0.49821,-0.03014,0.00000,-0.78429,-0.12055,0.00000,0.00000
1722032011.15236,412.000,334.000,66.000,422.000,322.000,66.000,432.000,306.000,66.000, 0.156, 0.170,10.000,-12.000,10.000,-12.000,64.294,-77.153,58.907,-94.251,-31.734,-100.720,66.0000,317.559,239.250,105.996,62.247,474.241,-2.177, 2.173, 0.051, 0.156, 1.284, 0.008,0.00000,0.00000,0.15603,0.04511,0.01016,0.00000,0.00801,-0.02229,0.00000,-1.28358,-0.10321,-2.00000,0.00000
1722032011.319653,422.000,322.000,66.000,432.000,306.000,66.000,440.000,292.000,66.000, 0.170, 0.167,10.000,-16.000,10.000,-16.000,58.907,-94.251,47.841,-83.722,-66.177,62.968,66.0000,317.015,239.173,105.644,62.370,473.598,-2.180, 2.172, 0.061, 0.231, 0.967,-0.194,0.00000,0.00000,0.23069,0.04363,0.01214,0.00000,-0.19436,-0.02475,0.00000,-0.96691,-0.10788,-2.00000,0.00000
1722032011.486549,432.000,306.000,66.000,440.000,292.000,66.000,444.000,282.000,66.000, 0.167, 0.167, 8.000,-14.000, 8.000,-14.000,47.841,-83.722,23.946,-59.865,-143.047,142.817,66.0000,317.252,239.944,106.067,62.182,475.545,-2.165, 2.166, 0.084, 0.031, 0.946,-1.369,0.00000,0.00000,0.03124,0.04644,0.02808,0.00000,-1.36905,-0.02263,0.00000,-0.94583,-0.10655,-2.00000,0.00000
1722032011.6538298,440.000,292.000,66.000,444.000,282.000,66.000,444.000,278.000,66.000, 0.167, 0.167, 4.000,-10.000, 4.000,-10.000,23.946,-59.865, 0.000,-23.932,-143.272,214.990,66.0000,318.197,239.539,106.219,62.450,473.766,-2.180, 2.173, 0.086, 0.196, 0.250,-0.775,0.00000,0.00000,0.19564,0.04360,0.02103,0.00000,-0.77462,-0.03010,0.00000,-0.25015,-0.11389,-1.00000,0.00000
1722032011.850375,444.000,282.000,66.000,444.000,278.000,66.000,442.000,284.000,65.000, 0.167, 0.197, 0.000,-4.000, 0.000,-4.000, 0.000,-23.932,-10.173,30.519,-51.746,276.971,65.0000,318.933,238.510,106.211,62.390,473.252,-2.189, 2.174, 0.072, 0.398, 0.353,-0.158,0.00000,0.00000,0.39828,0.04126,0.01515,0.00000,-0.15850,-0.02717,0.00000,-0.35269,-0.11022,-1.00000,1.00000
1722032012.0050461,444.000,278.000,66.000,442.000,284.000,65.000,438.000,290.000,68.000, 0.197, 0.155,-2.000, 6.000,-2.000, 6.000,-10.173,30.519,-25.848,38.772,-101.290,53.327,68.0000,318.746,238.114,106.379,62.088,471.369,-2.192, 2.184, 0.066, 0.231, 0.173, 0.390,0.00000,0.00000,0.23127,0.04393,0.00899,0.00000,0.39001,-0.02905,0.00000,-0.17259,-0.10955,-1.00000,1.00000
1722032012.178379,442.000,284.000,65.000,438.000,290.000,68.000,440.000,284.000,66.000, 0.155, 0.173,-4.000, 6.000,-4.000, 6.000,-25.848,38.772,11.551,-34.652,215.993,-424.055,66.0000,318.050,238.946,106.246,62.204,472.244,-2.183, 2.180, 0.046, 0.118, 1.046, 0.535,0.00000,0.00000,0.11757,0.04484,0.00707,0.00000,0.53537,-0.01664,0.00000,-1.04638,-0.10889,-1.00000,1.00000
1722032012.330441,438.000,290.000,68.000,440.000,284.000,66.000,444.000,284.000,67.000, 0.173, 0.152, 2.000,-6.000, 2.000,-6.000,11.551,-34.652,26.254, 0.000,96.509,227.445,67.0000,318.207,240.934,106.564,62.672,473.677,-2.174, 2.176, 0.066,-0.034, 0.905,-0.381,0.00000,0.00000,-0.03439,0.04650,0.01860,0.00000,-0.38129,-0.01777,0.00000,-0.90487,-0.10822,-1.00000,0.00000
1722032012.506132,440.000,284.000,66.000,444.000,284.000,67.000,440.000,290.000,66.000, 0.152, 0.176, 4.000, 0.000, 4.000, 0.000,26.254, 0.000,-22.766,34.149,-278.994,194.354,66.0000,317.568,240.973,105.693,63.299,473.959,-2.183, 2.169, 0.094, 0.361, 0.071,-1.012,0.00000,0.00000,0.36051,0.04072,0.02650,0.00000,-1.01211,-0.02701,0.00000,-0.07088,-0.09888,-2.00000,0.00000
1722032012.665631,444.000,284.000,67.000,440.000,290.000,66.000,436.000,288.000,65.000, 0.176, 0.159,-4.000, 6.000,-4.000, 6.000,-22.766,34.149,-25.096,-12.548,-14.621,-292.974,65.0000,317.354,240.693,105.888,62.895,473.913,-2.179, 2.172, 0.096, 0.181, 0.059,-1.099,0.00000,0.00000,0.18074,0.04416,0.02875,0.00000,-1.09900,-0.02577,0.00000,-0.05947,-0.10056,-2.00000,0.00000
1722032012.828765,440.000,290.000,66.000,436.000,288.000,65.000,440.000,292.000,68.000, 0.159, 0.163,-4.000,-2.000,-4.000,-2.000,-25.096,-12.548,24.520,24.520,304.137,227.220,68.0000,318.532,240.455,106.428,62.687,474.515,-2.174, 2.170, 0.065, 0.140, 1.086,-0.498,0.00000,0.00000,0.13988,0.04408,0.02270,0.00000,-0.49825,-0.01177,0.00000,-1.08649,-0.10789,-1.00000,0.00000
1722032012.994026,436.000,288.000,65.000,440.000,292.000,68.000,444.000,286.000,67.000, 0.163, 0.165, 4.000, 4.000, 4.000, 4.000,24.520,24.520,24.194,-36.292,-1.967,-367.821,67.0000,319.505,239.796,107.001,62.440,472.187,-2.185, 2.184, 0.064, 0.044, 0.411, 0.248,0.00000,0.00000,0.04415,0.04518,0.01453,0.00000,0.24786,-0.02027,0.00000,-0.41069,-0.11289,0.00000,0.00000
1722032013.16429,440.000,292.000,68.000,444.000,286.000,67.000,442.000,288.000,67.000, 0.165, 0.170, 4.000,-6.000, 4.000,-6.000,24.194,-36.292,-11.758,11.758,-211.364,282.483,67.0000,319.089,239.385,106.643,62.469,472.036,-2.189, 2.184, 0.058, 0.162, 0.463, 0.494,0.00000,0.00000,0.16192,0.04328,0.01183,0.00000,0.49391,-0.01772,0.00000,-0.46316,-0.10989,0.00000,0.00000
1722032013.335409,444.000,286.000,67.000,442.000,288.000,67.000,444.000,286.000,67.000, 0.170, 0.171,-2.000, 2.000,-2.000, 2.000,-11.758,11.758,11.687,-11.687,137.005,-137.005,67.0000,318.958,239.517,106.481,62.683,471.077,-2.194, 2.186, 0.051, 0.223, 0.437, 0.877,0.00000,0.00000,0.22291,0.04273,0.00604,0.00000,0.87703,-0.01723,0.00000,-0.43713,-0.10122,-1.00000,0.00000
1722032013.5368268,442.000,288.000,67.000,444.000,286.000,67.000,442.000,288.000,67.000, 0.171, 0.201, 2.000,-2.000, 2.000,-2.000,11.687,-11.687,-9.934, 9.934,-107.394,107.394,67.0000,318.736,239.671,106.455,62.663,471.565,-2.193, 2.186, 0.060, 0.190, 0.233, 0.616,0.00000,0.00000,0.18982,0.04325,0.00839,0.00000,0.61563,-0.01907,0.00000,-0.23334,-0.10356,-1.00000,0.00000
1722032013.7097678,444.000,286.000,67.000,442.000,288.000,67.000,440.000,286.000,66.000, 0.201, 0.173,-2.000, 2.000,-2.000, 2.000,-9.934, 9.934,-11.561,-11.561,-9.404,-124.251,66.0000,318.706,239.434,106.454,62.573,471.176,-2.194, 2.188, 0.047, 0.179, 0.484, 1.040,0.00000,0.00000,0.17917,0.04320,0.00104,0.00000,1.04006,-0.01490,0.00000,-0.48436,-0.10289,-1.00000,0.00000
1722032013.88977,442.000,288.000,67.000,440.000,286.000,66.000,440.000,290.000,66.000, 0.173, 0.180,-2.000,-2.000,-2.000,-2.000,-11.561,-11.561, 0.000,22.218,64.214,187.620,66.0000,318.217,240.761,106.388,62.870,472.849,-2.183, 2.179, 0.090, 0.092,-0.081,-0.641,0.00000,0.00000,0.09234,0.04425,0.02229,0.00000,-0.64057,-0.02195,0.00000,0.08104,-0.10223,-1.00000,0.00000
1722032014.070219,440.000,286.000,66.000,440.000,290.000,66.000,442.000,290.000,66.000, 0.180, 0.181, 0.000, 4.000, 0.000, 4.000, 0.000,22.218,11.071, 0.000,61.282,-122.985,66.0000,318.391,240.755,106.454,62.946,471.773,-2.188, 2.184, 0.080, 0.093,-0.110,-0.102,0.00000,0.00000,0.09300,0.04393,0.01377,0.00000,-0.10201,-0.02165,0.00000,0.11007,-0.10156,-1.00000,0.00000
1722032014.253289,440.000,290.000,66.000,442.000,290.000,66.000,440.000,288.000,65.000, 0.181, 0.183, 2.000, 0.000, 2.000, 0.000,11.071, 0.000,-10.943,-10.943,-120.454,-59.878,65.0000,319.203,241.360,106.634,63.218,473.942,-2.181, 2.174, 0.082, 0.204, 0.336,-0.647,0.00000,0.00000,0.20386,0.04239,0.02215,0.00000,-0.64715,-0.01580,0.00000,-0.33641,-0.10956,0.00000,-1.00000
1722032014.411267,442.000,290.000,66.000,440.000,288.000,65.000,444.000,290.000,68.000, 0.183, 0.158,-2.000,-2.000,-2.000,-2.000,-10.943,-10.943,25.274,12.637,228.836,148.990,68.0000,319.803,240.898,106.768,63.252,472.206,-2.189, 2.179, 0.069, 0.266, 0.306, 0.064,0.00000,0.00000,0.26574,0.04179,0.01302,0.00000,0.06394,-0.01620,0.00000,-0.30634,-0.10656,0.00000,0.00000
1722032014.579657,440.000,288.000,65.000,444.000,290.000,68.000,444.000,288.000,67.000, 0.158, 0.168, 4.000, 2.000, 4.000, 2.000,25.274,12.637, 0.000,-11.901,-150.389,-146.009,67.0000,318.831,238.953,106.471,62.357,472.045,-2.191, 2.183, 0.071, 0.207, 0.060, 0.202,0.00000,0.00000,0.20710,0.04263,0.01210,0.00000,0.20210,-0.01887,0.00000,-0.05987,-0.09789,-1.00000,1.00000
1722032014.744843,444.000,290.000,68.000,444.000,288.000,67.000,442.000,286.000,66.000, 0.168, 0.165, 0.000,-2.000, 0.000,-2.000, 0.000,-11.901,-12.101,-12.101,-73.220,-1.213,66.0000,317.993,238.469,106.644,61.619,471.788,-2.182, 2.187, 0.067,-0.136, 0.337, 0.144,0.00000,0.00000,-0.13635,0.04699,0.01268,0.00000,0.14448,-0.01464,0.00000,-0.33697,-0.09156,-2.00000,1.00000
1722032014.915596,444.000,288.000,67.000,442.000,286.000,66.000,440.000,288.000,66.000, 0.165, 0.171,-2.000,-2.000,-2.000,-2.000,-12.101,-12.101,-11.726,11.726, 2.200,139.701,66.0000,318.752,240.085,106.716,62.594,470.882,-2.188, 2.188, 0.051, 0.010, 0.553, 0.769,0.00000,0.00000,0.01009,0.04405,0.00387,0.00000,0.76928,-0.01147,0.00000,-0.55281,-0.10190,-1.00000,0.00000
1722032015.084919,442.000,286.000,66.000,440.000,288.000,66.000,442.000,288.000,66.000, 0.171, 0.169,-2.000, 2.000,-2.000, 2.000,-11.726,11.726,11.800, 0.000,138.796,-69.181,66.0000,319.091,240.981,106.626,63.119,472.534,-2.186, 2.181, 0.062, 0.172, 0.520, 0.229,0.00000,0.00000,0.17192,0.04230,0.01057,0.00000,0.22877,-0.01113,0.00000,-0.52024,-0.10690,0.00000,0.00000
1722032015.27828,440.000,288.000,66.000,442.000,288.000,66.000,442.000,290.000,67.000, 0.169, 0.193, 2.000, 0.000, 2.000, 0.000,11.800, 0.000, 0.000,10.347,-61.046,53.532,67.0000,317.797,240.662,105.847,63.253,471.928,-2.191, 2.178, 0.099, 0.314,-0.555,-0.627,0.00000,0.00000,0.31384,0.04078,0.02085,0.00000,-0.62714,-0.02455,0.00000,0.55458,-0.08656,-2.00000,0.00000
1722032015.433455,442.000,288.000,66.000,442.000,290.000,67.000,436.000,288.000,65.000, 0.193, 0.156, 0.000, 2.000, 0.000, 2.000, 0.000,10.347,-38.577,-12.859,-248.034,-149.205,65.0000,317.205,240.922,105.927,62.936,473.341,-2.180, 2.175, 0.102, 0.116,-0.264,-1.109,0.00000,0.00000,0.11587,0.04372,0.02733,0.00000,-1.10928,-0.02013,0.00000,0.26411,-0.09123,-2.00000,0.00000
1722032015.599592,442.000,290.000,67.000,436.000,288.000,65.000,438.000,290.000,67.000, 0.156, 0.166,-6.000,-2.000,-6.000,-2.000,-38.577,-12.859,12.052,12.052,305.082,150.108,67.0000,320.055,241.508,106.960,63.260,474.297,-2.177, 2.170, 0.091, 0.217, 0.292,-1.093,0.00000,0.00000,0.21718,0.04170,0.02860,0.00000,-1.09298,-0.01358,0.00000,-0.29218,-0.10724,0.00000,-1.00000
1722032015.768863,436.000,288.000,65.000,438.000,290.000,67.000,438.000,288.000,67.000, 0.166, 0.169, 2.000, 2.000, 2.000, 2.000,12.052,12.052, 0.000,-11.804,-71.131,-140.803,67.0000,321.087,240.787,107.125,63.327,472.909,-2.187, 2.173, 0.059, 0.372, 0.796, 0.102,0.00000,0.00000,0.37225,0.03981,0.01468,0.00000,0.10189,-0.00702,0.00000,-0.79646,-0.10990,1.00000,0.00000
1722032015.941567,438.000,290.000,67.000,438.000,288.000,67.000,440.000,288.000,67.000, 0.169, 0.173, 0.000,-2.000, 0.000,-2.000, 0.000,-11.804,11.593, 0.000,67.196,68.422,67.0000,320.507,239.697,106.940,63.002,470.133,-2.203, 2.189, 0.064, 0.345,-0.237, 0.893,0.00000,0.00000,0.34451,0.04046,0.00559,0.00000,0.89256,-0.02014,0.00000,0.23698,-0.09889,0.00000,0.00000
1722032016.098927,438.000,288.000,67.000,440.000,288.000,67.000,442.000,288.000,68.000, 0.173, 0.158, 2.000, 0.000, 2.000, 0.000,11.593, 0.000,12.696, 0.000, 7.002, 0.000,68.0000,318.434,238.716,106.451,62.124,471.641,-2.189, 2.185, 0.079, 0.107,-0.129, 0.001,0.00000,0.00000,0.10744,0.04341,0.01704,0.00000,0.00088,-0.01760,0.00000,0.12874,-0.09323,-1.00000,1.00000
1722032016.263262,440.000,288.000,67.000,442.000,288.000,68.000,438.000,286.000,66.000, 0.158, 0.164, 2.000, 0.000, 2.000, 0.000,12.696, 0.000,-24.336,-12.168,-225.298,-74.029,66.0000,318.260,240.437,107.167,62.038,471.881,-2.179, 2.194, 0.055,-0.389, 0.573, 0.574,0.00000,0.00000,-0.38876,0.04934,0.00796,0.00000,0.57396,-0.00855,0.00000,-0.57261,-0.09557,-1.00000,0.00000
1722032016.425944,442.000,288.000,68.000,438.000,286.000,66.000,436.000,288.000,67.000, 0.164, 0.163,-4.000,-2.000,-4.000,-2.000,-24.336,-12.168,-12.295,12.295,74.021,150.378,67.0000,319.106,241.201,106.898,62.912,472.956,-2.181, 2.181, 0.060, 0.003, 0.723, 0.144,0.00000,0.00000,0.00342,0.04275,0.01347,0.00000,0.14424,-0.00643,0.00000,-0.72285,-0.10357,0.00000,-1.00000
1722032016.596996,438.000,286.000,66.000,436.000,288.000,67.000,436.000,288.000,67.000, 0.163, 0.171,-2.000, 2.000,-2.000, 2.000,-12.295,12.295, 0.000, 0.000,71.976,-71.976,67.0000,318.802,241.042,106.399,63.185,473.524,-2.184, 2.174, 0.086, 0.246, 0.101,-0.646,0.00000,0.00000,0.24571,0.04065,0.02321,0.00000,-0.64583,-0.01361,0.00000,-0.10079,-0.09190,-1.00000,-1.00000
1722032016.764053,436.000,288.000,67.000,436.000,288.000,67.000,436.000,288.000,66.000, 0.171, 0.167, 0.000, 0.000, 0.000, 0.000, 0.000, 0.000, 0.000, 0.000, 0.000, 0.000,66.0000,318.826,240.671,106.607,62.807,473.781,-2.179, 2.175, 0.090, 0.121, 0.118,-0.835,0.00000,0.00000,0.12100,0.04294,0.02587,0.00000,-0.83547,-0.01224,0.00000,-0.11847,-0.09423,-1.00000,0.00000
1722032016.926062,436.000,288.000,67.000,436.000,288.000,66.000,436.000,288.000,67.000, 0.167, 0.162, 0.000, 0.000, 0.000, 0.000, 0.000, 0.000, 0.000, 0.000, 0.000, 0.000,67.0000,319.410,240.218,106.809,62.785,472.084,-2.189, 2.183, 0.097, 0.142,-0.569,-0.537,0.00000,0.00000,0.14213,0.04222,0.02322,0.00000,-0.53698,-0.02132,0.00000,0.56943,-0.10224,0.00000,0.00000
1722032017.09611,436.000,288.000,66.000,436.000,288.000,67.000,436.000,288.000,66.000, 0.162, 0.170, 0.000, 0.000, 0.000, 0.000, 0.000, 0.000, 0.000, 0.000, 0.000, 0.000,66.0000,319.886,240.366,106.926,62.813,473.583,-2.181, 2.174, 0.079, 0.195, 0.377,-0.525,0.00000,0.00000,0.19519,0.04150,0.02458,0.00000,-0.52489,-0.00864,0.00000,-0.37700,-0.09923,0.00000,0.00000
1722032017.2523232,436.000,288.000,67.000,436.000,288.000,66.000,436.000,290.000,68.000, 0.170, 0.156, 0.000, 0.000, 0.000, 0.000, 0.000, 0.000, 0.000,12.790, 0.000,81.791,68.0000,320.005,239.963,106.950,62.771,472.146,-2.188, 2.181, 0.060, 0.205, 0.505, 0.351,0.00000,0.00000,0.20508,0.04143,0.01383,0.00000,0.35067,-0.00759,0.00000,-0.50462,-0.09923,0.00000,0.00000
1722032017.427093,436.000,288.000,66.000,436.000,290.000,68.000,436.000,286.000,65.000, 0.156, 0.175, 0.000, 2.000, 0.000, 2.000, 0.000,12.790, 0.000,-22.895, 0.000,-204.253,65.0000,319.349,239.177,106.620,62.548,471.495,-2.194, 2.184, 0.092, 0.243,-0.602,-0.222,0.00000,0.00000,0.24277,0.04084,0.02217,0.00000,-0.22191,-0.02171,0.00000,0.60216,-0.09923,0.00000,0.00000
1722032017.6143968,436.000,290.000,68.000,436.000,286.000,65.000,438.000,288.000,68.000, 0.175, 0.187, 0.000,-4.000, 0.000,-4.000, 0.000,-22.895,10.674,10.674,56.972,179.168,68.0000,318.654,238.850,106.610,62.100,471.920,-2.188, 2.185, 0.084, 0.069,-0.235,-0.187,0.00000,0.00000,0.06852,0.04319,0.02129,0.00000,-0.18748,-0.01629,0.00000,0.23459,-0.09056,-1.00000,1.00000
1722032017.7840781,436.000,286.000,65.000,438.000,288.000,68.000,436.000,286.000,67.000, 0.187, 0.169, 2.000, 2.000, 2.000, 2.000,10.674,10.674,-11.800,-11.800,-132.598,-132.598,67.0000,319.220,239.146,107.090,61.977,472.097,-2.185, 2.188, 0.066,-0.079, 0.235, 0.304,0.00000,0.00000,-0.07914,0.04463,0.01509,0.00000,0.30376,-0.01097,0.00000,-0.23533,-0.10157,0.00000,0.00000
1722032017.965464,438.000,288.000,68.000,436.000,286.000,67.000,432.000,286.000,66.000, 0.169, 0.181,-2.000,-2.000,-2.000,-2.000,-11.800,-11.800,-22.065, 0.000,-56.623,65.090,66.0000,319.100,239.123,106.986,62.055,471.538,-2.188, 2.190, 0.066,-0.047, 0.099, 0.465,0.00000,0.00000,-0.04683,0.04378,0.01304,0.00000,0.46482,0.05445,-5.00000,-5.09886,-0.09857,0.00000,0.00000
1722032018.1841679,436.000,286.000,67.000,432.000,286.000,66.000,434.000,286.000,66.000, 0.181, 0.219,-4.000, 0.000,-4.000, 0.000,-22.065, 0.000, 9.140, 0.000,142.610, 0.000,66.0000,319.355,239.123,107.055,62.124,470.671,-2.189, 2.191, 0.065,-0.038, 0.085, 0.538,0.00000,0.00000,-0.03814,0.04379,0.01137,0.00000,0.53788,0.05715,-5.00000,-5.08529,-0.09857,0.00000,0.00000
1722032018.378927,432.000,286.000,66.000,434.000,286.000,66.000,434.000,284.000,67.000, 0.219, 0.195, 2.000, 0.000, 2.000, 0.000, 9.140, 0.000, 0.000,-10.268,-46.924,-52.712,67.0000,319.499,239.506,106.961,62.411,471.247,-2.190, 2.187, 0.070, 0.064, 0.030, 0.298,0.00000,0.00000,0.06396,0.04245,0.01364,0.00000,0.29844,0.06658,-5.00000,-5.02980,-0.09857,0.00000,0.00000
1722032018.5949519,434.000,286.000,66.000,434.000,284.000,67.000,432.000,288.000,67.000, 0.195, 0.216, 0.000,-2.000, 0.000,-2.000, 0.000,-10.268,-9.261,18.522,-42.882,133.307,67.0000,314.718,240.073,104.859,62.819,470.287,-2.198, 2.191, 0.141, 0.092,-2.258,-1.100,0.00000,0.00000,0.09167,0.04235,0.03155,0.00000,-1.09952,0.04583,-5.00000,-2.74153,-0.05522,-5.00000,0.00000
1722032018.80386,434.000,284.000,67.000,432.000,288.000,67.000,406.000,288.000,67.000, 0.216, 0.209,-2.000, 4.000,-2.000, 4.000,-9.261,18.522,-124.484, 0.000,-551.671,-88.679,67.0000,312.950,240.902,104.109,63.294,465.983, 2.222,-2.216,-0.200,-0.081,-5.024,-1.286,0.00000,0.00000,-0.08147,0.04473,0.03417,0.00000,-1.28604,0.01740,-5.00000,0.02426,-0.04957,-7.00000,0.00000
1722032018.99383,432.000,288.000,67.000,406.000,288.000,67.000,364.000,282.000,65.000, 0.209, 0.190,-26.000, 0.000,-26.000, 0.000,-124.484, 0.000,-220.825,-31.546,-506.536,-165.863,65.0000,314.259,240.889,105.333,62.625,465.984, 2.218,-2.228,-0.201,-0.503,-4.826,-1.548,0.00000,0.00000,-0.50251,0.04994,0.03999,0.00000,-1.54765,0.02419,-5.00000,-0.17434,-0.06825,-5.00000,0.00000
1722032019.1826491,406.000,288.000,67.000,364.000,282.000,65.000,298.000,272.000,66.000, 0.190, 0.189,-42.000,-6.000,-42.000,-6.000,-220.825,-31.546,-349.869,-53.010,-684.068,-113.782,66.0000,321.794,240.477,107.425,63.475,467.572, 2.239,-2.223,-0.170, 0.257,-3.639,-1.072,0.00000,0.00000,0.25692,0.03867,0.03627,0.00000,-1.07218,0.04025,-5.00000,-1.36064,-0.11093,1.00000,0.00000
1722032019.381668,364.000,282.000,65.000,298.000,272.000,66.000,216.000,264.000,68.000, 0.189, 0.199,-66.000,-10.000,-66.000,-10.000,-349.869,-53.010,-412.265,-40.221,-313.704,64.301,68.0000,321.543,239.482,107.232,63.166,466.540, 2.235,-2.218,-0.132, 0.348,-2.987, 0.195,0.00000,0.00000,0.34841,0.03959,0.02203,0.00000,0.19470,0.04999,-5.00000,-2.01254,-0.09358,1.00000,0.00000
1722032019.5752032,298.000,272.000,66.000,216.000,264.000,68.000,210.000,230.000,65.000, 0.199, 0.194,-82.000,-8.000,-82.000,-8.000,-412.265,-40.221,-30.986,-175.589,1969.069,-699.092,65.0000,316.873,238.868,105.479,62.714,466.420, 2.232,-2.219,-0.150, 0.197,-3.494,-0.204,0.00000,0.00000,0.19669,0.04173,0.02892,0.00000,-0.20432,0.04620,-5.00000,-1.50632,-0.05957,-3.00000,1.00000
1722032019.778691,216.000,264.000,68.000,210.000,230.000,65.000,224.000,188.000,65.000, 0.194, 0.204,-6.000,-34.000,-6.000,-34.000,-30.986,-175.589,68.771,-206.312,490.026,-150.919,65.0000,315.064,239.542,104.949,62.780,464.822, 2.219,-2.214,-0.155, 0.011,-4.144, 0.109,0.00000,0.00000,0.01124,0.04368,0.02451,0.00000,0.10878,0.04119,-5.00000,-0.85622,-0.06091,-4.00000,0.00000
1722032019.957045,210.000,230.000,65.000,224.000,188.000,65.000,222.000,158.000,66.000, 0.204, 0.178,14.000,-42.000,14.000,-42.000,68.771,-206.312,-11.212,-168.176,-448.373,213.785,66.0000,317.379,241.298,106.315,63.122,466.191,-2.206, 2.209, 0.199,-0.290,-4.609,-1.706,0.00000,0.00000,-0.29001,0.04719,0.04926,0.00000,-1.70607,0.03759,-5.00000,-0.39056,-0.07859,-2.00000,-1.00000
1722032020.1379719,224.000,188.000,65.000,222.000,158.000,66.000,222.000,158.000,68.000, 0.178, 0.181,-2.000,-30.000,-2.000,-30.000,-11.212,-168.176, 0.000, 0.000,61.986,929.784,68.0000,319.307,240.517,106.778,63.118,467.003,-2.209, 2.203, 0.185,-0.030,-4.142,-1.447,0.00000,0.00000,-0.02966,0.04291,0.04645,0.00000,-1.44716,0.04538,-5.00000,-0.85758,-0.08859,0.00000,0.00000
1722032020.3242502,222.000,158.000,66.000,222.000,158.000,68.000,212.000,168.000,67.000, 0.181, 0.186, 0.000, 0.000, 0.000, 0.000, 0.000, 0.000,-53.709,53.709,-288.461,288.461,67.0000,318.526,238.436,106.107,62.628,464.686,-2.223, 2.210, 0.179, 0.145,-4.556,-0.687,0.00000,0.00000,0.14549,0.04135,0.03946,0.00000,-0.68659,0.04081,-5.00000,-0.44416,-0.07391,-1.00000,1.00000
1722032020.507156,222.000,158.000,68.000,212.000,168.000,67.000,198.000,186.000,68.000, 0.186, 0.183,-10.000,10.000,-10.000,10.000,-53.709,53.709,-76.502,98.360,-124.553,243.993,68.0000,317.164,238.283,105.283,62.816,464.693, 2.230,-2.211,-0.150, 0.359,-3.806, 0.076,0.00000,0.00000,0.35946,0.03891,0.03167,0.00000,0.07643,0.05245,-5.00000,-1.19447,-0.06758,-2.00000,1.00000
1722032020.704727,212.000,168.000,67.000,198.000,186.000,68.000,194.000,206.000,67.000, 0.183, 0.198,-14.000,18.000,-14.000,18.000,-76.502,98.360,-20.251,101.253,284.781,14.648,67.0000,318.198,239.908,106.224,62.959,463.829, 2.214,-2.208,-0.159, 0.003,-4.530, 0.318,0.00000,0.00000,0.00308,0.04419,0.02940,0.00000,0.31812,0.04392,-5.00000,-0.46984,-0.07792,-1.00000,0.00000
1722032020.8938072,198.000,186.000,68.000,194.000,206.000,67.000,190.000,226.000,66.000, 0.198, 0.189,-4.000,20.000,-4.000,20.000,-20.251,101.253,-21.155,105.775,-4.783,23.914,66.0000,317.335,239.534,105.378,63.280,464.245, 2.220,-2.203,-0.177, 0.276,-4.951,-0.196,0.00000,0.00000,0.27615,0.03943,0.03607,0.00000,-0.19586,0.04026,-5.00000,-0.04851,-0.06558,-2.00000,0.00000
1722032021.080052,194.000,206.000,67.000,190.000,226.000,66.000,188.000,240.000,67.000, 0.189, 0.186,-4.000,20.000,-4.000,20.000,-21.155,105.775,-10.733,75.131,55.929,-164.450,67.0000,317.375,239.768,105.552,63.232,463.708, 2.218,-2.204,-0.175, 0.170,-4.954,-0.119,0.00000,0.00000,0.16958,0.04155,0.03465,0.00000,-0.11886,0.04095,-5.00000,-0.04551,-0.06726,-2.00000,0.00000
1722032021.263295,190.000,226.000,66.000,188.000,240.000,67.000,190.000,242.000,66.000, 0.186, 0.183,-2.000,14.000,-2.000,14.000,-10.733,75.131,10.920,10.920,118.233,-350.604,66.0000,318.094,239.751,105.975,63.104,463.951, 2.217,-2.206,-0.183, 0.082,-5.096,-0.382,0.00000,0.00000,0.08203,0.04233,0.03856,0.00000,-0.38236,0.03913,-5.00000,0.09618,-0.07459,-1.00000,0.00000
1722032021.460995,188.000,240.000,67.000,190.000,242.000,66.000,190.000,242.000,66.000, 0.183, 0.198, 2.000, 2.000, 2.000, 2.000,10.920,10.920, 0.000, 0.000,-55.237,-55.237,66.0000,319.261,239.671,106.200,63.330,464.295, 2.222,-2.205,-0.162, 0.300,-4.490, 0.099,0.00000,0.00000,0.29972,0.03908,0.03244,0.00000,0.09865,0.04734,-5.00000,-0.50996,-0.07959,0.00000,0.00000
1722032021.6372428,190.000,242.000,66.000,190.000,242.000,66.000,190.000,240.000,66.000, 0.198, 0.176, 0.000, 0.000, 0.000, 0.000, 0.000, 0.000, 0.000,-11.366, 0.000,-64.592,66.0000,319.241,239.489,106.165,63.264,463.322, 2.217,-2.200,-0.153, 0.311,-4.559, 0.645,0.00000,0.00000,0.31079,0.03944,0.02558,0.00000,0.64512,0.04651,-5.00000,-0.44082,-0.07659,0.00000,0.00000
1722032021.822882,190.000,242.000,66.000,190.000,240.000,66.000,190.000,234.000,66.000, 0.176, 0.186, 0.000,-2.000, 0.000,-2.000, 0.000,-11.366, 0.000,-32.306, 0.000,-112.749,66.0000,319.235,239.394,106.275,63.109,463.716, 2.217,-2.202,-0.149, 0.256,-4.426, 0.685,0.00000,0.00000,0.25641,0.04005,0.02458,0.00000,0.68477,0.04930,-5.00000,-0.57431,-0.07659,0.00000,0.00000
1722032022.045263,190.000,240.000,66.000,190.000,234.000,66.000,190.000,228.000,65.000, 0.186, 0.223, 0.000,-6.000, 0.000,-6.000, 0.000,-32.306, 0.000,-26.951, 0.000,24.054,65.0000,318.278,239.538,106.094,62.965,464.980, 2.221,-2.210,-0.163, 0.123,-4.394,-0.045,0.00000,0.00000,0.12293,0.04156,0.03312,0.00000,-0.04476,0.05068,-5.00000,-0.60641,-0.06792,-1.00000,0.00000
1722032022.258379,190.000,234.000,66.000,190.000,228.000,65.000,190.000,212.000,65.000, 0.223, 0.213, 0.000,-6.000, 0.000,-6.000, 0.000,-26.951, 0.000,-75.099, 0.000,-225.992,65.0000,317.180,239.867,105.620,63.129,464.525, 2.220,-2.209,-0.182, 0.084,-4.899,-0.505,0.00000,0.00000,0.08354,0.04163,0.03833,0.00000,-0.50537,0.04503,-5.00000,-0.10136,-0.06159,-2.00000,0.00000
1722032022.458974,190.000,228.000,65.000,190.000,212.000,65.000,192.000,206.000,66.000, 0.213, 0.201, 0.000,-16.000, 0.000,-16.000, 0.000,-75.099, 9.967,-29.900,49.668,225.243,66.0000,317.382,239.816,105.686,63.126,464.696, 2.221,-2.210,-0.172, 0.120,-4.606,-0.303,0.00000,0.00000,0.11992,0.04098,0.03592,0.00000,-0.30343,0.04993,-5.00000,-0.39379,-0.06326,-2.00000,0.00000
1722032022.662515,190.000,212.000,65.000,192.000,206.000,66.000,194.000,208.000,66.000, 0.201, 0.204, 2.000,-6.000, 2.000,-6.000, 9.967,-29.900, 9.819, 9.819,-0.726,194.999,66.0000,318.711,239.931,106.276,63.140,464.779, 2.222,-2.211,-0.163, 0.119,-4.340,-0.094,0.00000,0.00000,0.11875,0.04104,0.03401,0.00000,-0.09430,0.05387,-5.00000,-0.65986,-0.07060,-1.00000,0.00000
1722032022.843862,192.000,206.000,66.000,194.000,208.000,66.000,192.000,210.000,66.000, 0.204, 0.181, 2.000, 2.000, 2.000, 2.000, 9.819, 9.819,-11.047,11.047,-115.254, 6.784,66.0000,318.644,239.435,106.094,63.074,463.264, 2.215,-2.202,-0.168, 0.166,-4.917, 0.198,0.00000,0.00000,0.16603,0.04034,0.03057,0.00000,0.19789,0.04701,-5.00000,-0.08327,-0.06693,-1.00000,0.00000
1722032023.0110872,194.000,208.000,66.000,192.000,210.000,66.000,192.000,210.000,66.000, 0.181, 0.167,-2.000, 2.000,-2.000, 2.000,-11.047,11.047, 0.000, 0.000,65.970,-65.970,66.0000,318.385,239.365,105.873,63.167,464.460, 2.223,-2.206,-0.170, 0.263,-4.624,-0.183,0.00000,0.00000,0.26311,0.03909,0.03576,0.00000,-0.18322,0.05199,-5.00000,-0.37553,-0.06626,-1.00000,0.00000
1722032023.208496,192.000,210.000,66.000,192.000,210.000,66.000,196.000,210.000,64.000, 0.167, 0.197, 0.000, 0.000, 0.000, 0.000, 0.000, 0.000,20.255, 0.000,102.565, 0.000,64.0000,318.658,239.631,106.061,63.207,463.645, 2.218,-2.204,-0.173, 0.192,-4.864,-0.070,0.00000,0.00000,0.19237,0.04021,0.03402,0.00000,-0.06991,0.04907,-5.00000,-0.13619,-0.06560,-1.00000,0.00000
1722032023.442115,192.000,210.000,66.000,196.000,210.000,64.000,192.000,210.000,66.000, 0.197, 0.233, 4.000, 0.000, 4.000, 0.000,20.255, 0.000,-17.147, 0.000,-160.338, 0.000,66.0000,318.495,239.442,105.952,63.143,463.070, 2.214,-2.200,-0.167, 0.211,-5.008, 0.334,0.00000,0.00000,0.21122,0.03964,0.02888,0.00000,0.33380,0.04774,-5.00000,0.00848,-0.06493,-1.00000,0.00000
1722032023.6703548,196.000,210.000,64.000,192.000,210.000,66.000,192.000,210.000,67.000, 0.233, 0.228,-4.000, 0.000,-4.000, 0.000,-17.147, 0.000, 0.000, 0.000,75.156, 0.000,67.0000,318.587,239.450,106.059,63.079,463.257, 2.213,-2.200,-0.180, 0.144,-5.303,-0.030,0.00000,0.00000,0.14384,0.04050,0.03373,0.00000,-0.03014,0.04397,-5.00000,0.30283,-0.06426,-1.00000,0.00000
1722032023.852853,192.000,210.000,66.000,192.000,210.000,67.000,192.000,212.000,67.000, 0.228, 0.183, 0.000, 0.000, 0.000, 0.000, 0.000, 0.000, 0.000,10.936, 0.000,59.794,67.0000,318.535,239.410,105.986,63.109,462.872, 2.212,-2.198,-0.177, 0.171,-5.338, 0.128,0.00000,0.00000,0.17126,0.03986,0.03112,0.00000,0.12762,0.04333,-5.00000,0.33811,-0.06360,-1.00000,0.00000
1722032024.025971,192.000,210.000,67.000,192.000,212.000,67.000,194.000,210.000,66.000, 0.183, 0.173, 0.000, 2.000, 0.000, 2.000, 0.000,10.936,11.551,-11.551,66.718,-129.880,66.0000,318.552,239.410,106.008,63.092,463.093, 2.212,-2.199,-0.183, 0.154,-5.439,-0.039,0.00000,0.00000,0.15442,0.04008,0.03335,0.00000,-0.03898,0.04135,-5.00000,0.43889,-0.06293,-1.00000,0.00000
1722032024.210871,192.000,212.000,67.000,194.000,210.000,66.000,194.000,210.000,66.000, 0.173, 0.185, 2.000,-2.000, 2.000,-2.000,11.551,-11.551, 0.000, 0.000,-62.479,62.479,66.0000,318.568,239.422,106.034,63.085,463.170, 2.213,-2.200,-0.176, 0.162,-5.212, 0.082,0.00000,0.00000,0.16153,0.03986,0.03154,0.00000,0.08207,0.04368,-5.00000,0.21220,-0.06227,-1.00000,0.00000
1722032024.391993,194.000,210.000,66.000,194.000,210.000,66.000,192.000,212.000,67.000, 0.185, 0.181, 0.000, 0.000, 0.000, 0.000, 0.000, 0.000,-11.046,11.046,-61.009,61.009,67.0000,318.661,239.501,106.219,62.982,463.769, 2.215,-2.204,-0.182, 0.074,-5.186,-0.229,0.00000,0.00000,0.07417,0.04098,0.03576,0.00000,-0.22924,0.04328,-5.00000,0.18572,-0.06160,-1.00000,0.00000
1722032024.593388,194.000,210.000,66.000,192.000,212.000,67.000,194.000,210.000,66.000, 0.181, 0.201,-2.000, 2.000,-2.000, 2.000,-11.046,11.046, 9.943,-9.943,104.342,-104.342,66.0000,318.640,239.418,106.161,62.991,463.743, 2.214,-2.203,-0.190, 0.084,-5.429,-0.400,0.00000,0.00000,0.08419,0.04055,0.03806,0.00000,-0.39992,0.03959,-5.00000,0.42855,-0.06093,-1.00000,0.00000
1722032024.806879,192.000,212.000,67.000,194.000,210.000,66.000,192.000,212.000,67.000, 0.201, 0.214, 2.000,-2.000, 2.000,-2.000, 9.943,-9.943,-9.365, 9.365,-90.407,90.407,67.0000,318.661,239.501,106.219,62.982,463.769, 2.215,-2.204,-0.182, 0.074,-5.186,-0.229,0.00000,0.00000,0.07417,0.04067,0.03630,0.00000,-0.22924,0.04237,-5.00000,0.18572,-0.06027,-1.00000,0.00000
1722032024.991412,194.000,210.000,66.000,192.000,212.000,67.000,192.000,210.000,66.000, 0.214, 0.185,-2.000, 2.000,-2.000, 2.000,-9.365, 9.365, 0.000,-10.836,50.740,-109.450,66.0000,319.067,239.600,106.467,62.934,462.792, 2.209,-2.202,-0.167, 0.031,-5.069, 0.375,0.00000,0.00000,0.03125,0.04118,0.02886,0.00000,0.37462,0.04322,-5.00000,0.06855,-0.06827,0.00000,0.00000
1722032025.1902888,192.000,212.000,67.000,192.000,210.000,66.000,194.000,210.000,66.000, 0.185, 0.199, 0.000,-2.000, 0.000,-2.000, 0.000,-10.836,10.056, 0.000,50.565,54.486,66.0000,319.134,239.448,106.487,62.868,462.111, 2.206,-2.199,-0.170, 0.013,-5.294, 0.479,0.00000,0.00000,0.01295,0.04128,0.02760,0.00000,0.47916,0.03987,-5.00000,0.29369,-0.06527,0.00000,0.00000
1722032025.3828359,192.000,210.000,66.000,194.000,210.000,66.000,192.000,212.000,67.000, 0.199, 0.192, 2.000, 0.000, 2.000, 0.000,10.056, 0.000,-10.394,10.394,-106.274,54.013,67.0000,319.199,239.608,106.532,62.943,462.894, 2.211,-2.204,-0.171, 0.022,-5.045, 0.181,0.00000,0.00000,0.02250,0.04109,0.03082,0.00000,0.18137,0.04298,-5.00000,0.04462,-0.06527,0.00000,0.00000
1722032025.5707462,194.000,210.000,66.000,192.000,212.000,67.000,194.000,210.000,66.000, 0.192, 0.188,-2.000, 2.000,-2.000, 2.000,-10.394,10.394,10.623,-10.623,111.633,-111.633,66.0000,319.330,239.570,106.694,62.812,462.797, 2.208,-2.204,-0.174,-0.055,-5.185, 0.165,0.00000,0.00000,-0.05524,0.04216,0.03023,0.00000,0.16542,0.04062,-5.00000,0.18495,-0.06527,0.00000,0.00000
1722032025.75381,192.000,212.000,67.000,194.000,210.000,66.000,194.000,210.000,66.000, 0.188, 0.183, 2.000,-2.000, 2.000,-2.000,10.623,-10.623, 0.000, 0.000,-58.125,58.125,66.0000,319.349,239.737,106.728,62.863,463.196, 2.210,-2.206,-0.176,-0.064,-5.116, 0.004,0.00000,0.00000,-0.06446,0.04208,0.03206,0.00000,0.00351,0.04139,-5.00000,0.11626,-0.06527,0.00000,0.00000
1722032025.947861,194.000,210.000,66.000,194.000,210.000,66.000,194.000,212.000,67.000, 0.183, 0.194, 0.000, 0.000, 0.000, 0.000, 0.000, 0.000, 0.000,10.310, 0.000,53.143,67.0000,319.436,239.687,106.705,62.907,462.989, 2.211,-2.205,-0.175,-0.029,-5.100, 0.038,0.00000,0.00000,-0.02946,0.04161,0.03135,0.00000,0.03766,0.04127,-5.00000,0.10036,-0.06527,0.00000,0.00000
1722032026.15075,194.000,210.000,66.000,194.000,212.000,67.000,194.000,210.000,66.000, 0.194, 0.203, 0.000, 2.000, 0.000, 2.000, 0.000,10.310, 0.000,-9.850, 0.000,-99.291,66.0000,319.228,239.708,106.604,62.926,463.358, 2.212,-2.206,-0.170,-0.001,-4.932, 0.119,0.00000,0.00000,-0.00093,0.04135,0.03023,0.00000,0.11904,0.04333,-5.00000,-0.06837,-0.06527,0.00000,0.00000
1722032026.329607,194.000,212.000,67.000,194.000,210.000,66.000,194.000,210.000,66.000, 0.203, 0.179, 0.000,-2.000, 0.000,-2.000, 0.000,-9.850, 0.000, 0.000, 0.000,55.085,66.0000,319.522,239.799,106.714,62.977,463.814, 2.214,-2.207,-0.168, 0.023,-4.774, 0.088,0.00000,0.00000,0.02313,0.04111,0.03054,0.00000,0.08758,0.04534,-5.00000,-0.22641,-0.06527,0.00000,0.00000
1722032026.539423,194.000,210.000,66.000,194.000,210.000,66.000,194.000,212.000,67.000, 0.179, 0.210, 0.000, 0.000, 0.000, 0.000, 0.000, 0.000, 0.000, 9.530, 0.000,45.415,67.0000,319.228,239.727,106.577,62.962,463.075, 2.211,-2.205,-0.174,-0.002,-5.094, 0.045,0.00000,0.00000,-0.00157,0.04150,0.03089,0.00000,0.04518,0.04123,-5.00000,0.09408,-0.06527,0.00000,0.00000
1722032026.710813,194.000,210.000,66.000,194.000,212.000,67.000,196.000,210.000,65.000, 0.210, 0.167, 0.000, 2.000, 0.000, 2.000, 0.000, 9.530,12.007,-12.007,72.088,-129.305,65.0000,319.341,239.976,106.641,63.059,463.791, 2.215,-2.208,-0.185,-0.017,-5.150,-0.442,0.00000,0.00000,-0.01657,0.04163,0.03731,0.00000,-0.44226,0.04077,-5.00000,0.14975,-0.06527,0.00000,0.00000
1722032026.882358,194.000,212.000,67.000,196.000,210.000,65.000,194.000,212.000,66.000, 0.167, 0.176, 2.000,-2.000, 2.000,-2.000,12.007,-12.007,-11.339,11.339,-132.371,132.371,66.0000,319.480,239.753,106.707,62.946,463.397, 2.212,-2.206,-0.170, 0.000,-4.934, 0.107,0.00000,0.00000,0.00040,0.04136,0.03006,0.00000,0.10657,0.04347,-5.00000,-0.06573,-0.06527,0.00000,0.00000
1722032027.0558789,196.000,210.000,65.000,194.000,212.000,66.000,194.000,210.000,66.000, 0.176, 0.174,-2.000, 2.000,-2.000, 2.000,-11.339,11.339, 0.000,-11.513,65.277,-131.554,66.0000,319.428,239.857,106.699,62.992,463.742, 2.215,-2.209,-0.179,-0.016,-4.972,-0.299,0.00000,0.00000,-0.01617,0.04164,0.03614,0.00000,-0.29871,0.04277,-5.00000,-0.02834,-0.06527,0.00000,0.00000
1722032027.264832,194.000,212.000,66.000,194.000,210.000,66.000,194.000,212.000,66.000, 0.174, 0.209, 0.000,-2.000, 0.000,-2.000, 0.000,-11.513, 0.000, 9.571, 0.000,100.905,66.0000,319.447,239.822,106.673,63.003,463.460, 2.214,-2.207,-0.178,-0.002,-5.060,-0.163,0.00000,0.00000,-0.00163,0.04140,0.03430,0.00000,-0.16328,0.04168,-5.00000,0.06047,-0.06527,0.00000,0.00000
1722032027.4627159,194.000,210.000,66.000,194.000,212.000,66.000,194.000,210.000,66.000, 0.209, 0.198, 0.000, 2.000, 0.000, 2.000, 0.000, 9.571, 0.000,-10.118, 0.000,-99.607,66.0000,319.358,239.667,106.637,62.937,463.509, 2.214,-2.207,-0.167, 0.024,-4.758, 0.119,0.00000,0.00000,0.02401,0.04110,0.03101,0.00000,0.11940,0.04578,-5.00000,-0.24240,-0.06527,0.00000,0.00000
1722032027.6753469,194.000,212.000,66.000,194.000,210.000,66.000,194.000,210.000,66.000, 0.198, 0.213, 0.000,-2.000, 0.000,-2.000, 0.000,-10.118, 0.000, 0.000, 0.000,47.583,66.0000,319.402,239.744,106.710,62.918,464.133, 2.217,-2.210,-0.166, 0.006,-4.590,-0.023,0.00000,0.00000,0.00646,0.04140,0.03312,0.00000,-0.02273,0.04808,-5.00000,-0.41031,-0.06527,0.00000,0.00000
1722032027.8510919,194.000,210.000,66.000,194.000,210.000,66.000,194.000,212.000,66.000, 0.213, 0.176, 0.000, 0.000, 0.000, 0.000, 0.000, 0.000, 0.000,11.387, 0.000,64.833,66.0000,319.428,239.857,106.699,62.992,463.742, 2.215,-2.209,-0.179,-0.016,-4.972,-0.299,0.00000,0.00000,-0.01617,0.04165,0.03667,0.00000,-0.29871,0.04349,-5.00000,-0.02834,-0.06527,0.00000,0.00000
1722032028.06076,194.000,210.000,66.000,194.000,212.000,66.000,194.000,210.000,66.000, 0.176, 0.210, 0.000, 2.000, 0.000, 2.000, 0.000,11.387, 0.000,-9.532, 0.000,-99.693,66.0000,319.409,239.848,106.705,62.971,463.938, 2.216,-2.209,-0.177,-0.016,-4.886,-0.264,0.00000,0.00000,-0.01571,0.04158,0.03638,0.00000,-0.26353,-0.08972,5.00000,9.88648,-0.06527,0.00000,0.00000
1722032028.2577019,194.000,212.000,66.000,194.000,210.000,66.000,194.000,210.000,66.000, 0.210, 0.197, 0.000,-2.000, 0.000,-2.000, 0.000,-9.532, 0.000, 0.000, 0.000,48.435,66.0000,319.374,239.887,106.687,62.987,463.755, 2.214,-2.208,-0.179,-0.024,-5.020,-0.254,0.00000,0.00000,-0.02407,0.04171,0.03683,0.00000,-0.25369,-0.09640,5.00000,10.02044,-0.06527,0.00000,0.00000
1722032028.468704,194.000,210.000,66.000,194.000,210.000,66.000,194.000,212.000,67.000, 0.197, 0.211, 0.000, 0.000, 0.000, 0.000, 0.000, 0.000, 0.000, 9.475, 0.000,44.884,67.0000,320.563,240.113,107.481,62.781,466.196, 2.225,-2.223,-0.162,-0.114,-3.845,-0.473,0.00000,0.00000,-0.11403,0.04291,0.04031,0.00000,-0.47316,-0.10035,5.00000,8.84528,-0.06527,0.00000,0.00000
1722032028.671909,194.000,210.000,66.000,194.000,212.000,67.000,214.000,208.000,67.000, 0.211, 0.203, 0.000, 2.000, 0.000, 2.000, 0.000, 9.475,98.415,-19.683,484.279,-143.478,67.0000,328.315,239.334,110.532,62.398,471.735,-2.184, 2.183,-0.010, 0.076, 2.407, 2.092,0.00000,0.00000,0.07643,0.04012,0.00631,0.00000,2.09155,-0.03539,5.00000,2.59313,-0.13462,8.00000,0.00000
1722032028.854817,194.000,212.000,67.000,214.000,208.000,67.000,230.000,190.000,66.000, 0.203, 0.183,20.000,-4.000,20.000,-4.000,98.415,-19.683,87.448,-98.379,-59.944,-430.108,66.0000,331.288,239.234,111.737,62.303,472.648,-2.177, 2.178,-0.051, 0.015, 3.849, 2.809,0.00000,0.00000,0.01452,0.04149,-0.00371,0.00000,2.80905,-0.03049,5.00000,1.15060,-0.14193,11.00000,0.00000
1722032029.039593,214.000,208.000,67.000,230.000,190.000,66.000,258.000,156.000,66.000, 0.183, 0.185,16.000,-18.000,16.000,-18.000,87.448,-98.379,151.685,-184.189,347.994,-464.861,66.0000,327.623,238.999,109.400,63.007,472.442,-2.187, 2.168,-0.013, 0.569, 2.867, 1.805,0.00000,0.00000,0.56851,0.03382,0.00531,0.00000,1.80478,-0.04821,5.00000,2.13297,-0.10557,7.00000,1.00000
1722032029.2181509,230.000,190.000,66.000,258.000,156.000,66.000,290.000,120.000,68.000, 0.185, 0.179,28.000,-34.000,28.000,-34.000,151.685,-184.189,179.132,-201.524,153.647,-97.039,68.0000,319.994,240.358,107.638,62.083,474.239,-2.169, 2.181, 0.030,-0.251, 1.857, 0.548,0.00000,0.00000,-0.25083,0.04626,0.01716,0.00000,0.54837,-0.06463,5.00000,3.14269,-0.06156,0.00000,0.00000
1722032029.4085262,258.000,156.000,66.000,290.000,120.000,68.000,344.000,120.000,67.000, 0.179, 0.190,32.000,-36.000,32.000,-36.000,179.132,-201.524,283.742, 0.000,549.669,1058.903,67.0000,318.355,241.506,107.140,62.225,475.172,-2.157, 2.174, 0.055,-0.380, 1.744,-0.618,0.00000,0.00000,-0.38040,0.04568,0.02992,0.00000,-0.61790,-0.07092,5.00000,3.25618,-0.07391,-1.00000,-1.00000
1722032029.5922859,290.000,120.000,68.000,344.000,120.000,67.000,388.000,130.000,68.000, 0.190, 0.184,54.000, 0.000,54.000, 0.000,283.742, 0.000,239.129,54.347,-242.460,295.365,68.0000,323.730,241.620,109.331,62.486,473.896,-2.167, 2.182, 0.048,-0.328, 1.409, 0.070,0.00000,0.00000,-0.32783,0.04477,0.02012,0.00000,0.06971,-0.08178,5.00000,3.59080,-0.11093,3.00000,-1.00000
1722032029.762927,344.000,120.000,67.000,388.000,130.000,68.000,436.000,164.000,68.000, 0.184, 0.170,44.000,10.000,44.000,10.000,239.129,54.347,281.563,199.440,248.915,851.101,68.0000,327.991,239.482,110.117,62.713,472.230,-2.186, 2.179,-0.039, 0.214, 3.270, 2.782,0.00000,0.00000,0.21394,0.03777,-0.01559,0.00000,2.78169,-0.06332,5.00000,1.72968,-0.13559,7.00000,0.00000
1722032029.931184,388.000,130.000,68.000,436.000,164.000,68.000,454.000,204.000,67.000, 0.170, 0.163,48.000,34.000,48.000,34.000,281.563,199.440,110.710,246.022,-1050.841,286.501,67.0000,326.420,238.459,109.534,62.161,472.841,-2.180, 2.177,-0.061, 0.119, 4.042, 3.167,0.00000,0.00000,0.11865,0.04058,-0.02229,0.00000,3.16745,-0.05916,5.00000,0.95806,-0.11957,6.00000,1.00000
1722032030.149073,436.000,164.000,68.000,454.000,204.000,67.000,450.000,268.000,67.000, 0.163, 0.224,18.000,40.000,18.000,40.000,110.710,246.022,-17.876,286.016,-574.649,178.732,67.0000,319.913,240.829,106.859,62.546,478.036,-2.152, 2.152, 0.019, 0.130, 3.487,-0.497,0.00000,0.00000,0.13031,0.04008,0.02144,0.00000,-0.49728,-0.06973,5.00000,1.51346,-0.07456,0.00000,0.00000
1722032030.3332732,454.000,204.000,67.000,450.000,268.000,67.000,422.000,332.000,67.000, 0.224, 0.184,-4.000,64.000,-4.000,64.000,-17.876,286.016,-152.085,347.624,-728.975,334.632,67.0000,319.743,244.111,107.157,63.394,479.245,-2.142, 2.149, 0.066,-0.050, 2.570,-2.075,0.00000,0.00000,-0.04953,0.04248,0.03823,0.00000,-2.07532,-0.08430,5.00000,2.43040,-0.09257,0.00000,-4.00000
1722032030.495372,450.000,268.000,67.000,422.000,332.000,67.000,378.000,366.000,67.000, 0.184, 0.162,-28.000,64.000,-28.000,64.000,-152.085,347.624,-271.299,209.640,-735.056,-850.792,67.0000,325.166,241.160,109.526,62.603,475.462,-2.168, 2.172, 0.050,-0.061, 1.608,-0.265,0.00000,0.00000,-0.06094,0.04211,0.01557,0.00000,-0.26529,-0.10076,5.00000,3.39227,-0.13592,5.00000,-1.00000
1722032030.6688619,422.000,332.000,67.000,378.000,366.000,67.000,344.000,366.000,65.000, 0.162, 0.173,-44.000,34.000,-44.000,34.000,-271.299,209.640,-196.116, 0.000,433.664,-1209.226,65.0000,325.706,237.434,108.651,62.269,473.626,-2.186, 2.167,-0.020, 0.554, 3.060, 1.968,0.00000,0.00000,0.55422,0.03380,-0.01133,0.00000,1.96819,-0.08649,5.00000,1.94000,-0.12423,5.00000,2.00000
1722032030.8554611,378.000,366.000,67.000,344.000,366.000,65.000,314.000,358.000,67.000, 0.173, 0.186,-34.000, 0.000,-34.000, 0.000,-196.116, 0.000,-160.868,-42.898,189.007,-230.032,67.0000,323.515,237.273,107.854,61.630,476.483,-2.156, 2.149,-0.033, 0.326, 4.798, 0.930,0.00000,0.00000,0.32574,0.03846,0.00211,0.00000,0.92984,-0.06908,5.00000,0.20153,-0.11023,3.00000,2.00000
1722032031.034723,344.000,366.000,65.000,314.000,358.000,67.000,316.000,358.000,68.000, 0.186, 0.179,-30.000,-8.000,-30.000,-8.000,-160.868,-42.898,11.151, 0.000,959.133,239.188,68.0000,321.004,240.433,107.772,62.145,475.241,-2.152, 2.166,-0.041,-0.269, 4.642, 1.562,0.00000,0.00000,-0.26881,0.04564,-0.00984,0.00000,1.56173,-0.07420,5.00000,0.35815,-0.10089,1.00000,0.00000
1722032031.212034,314.000,358.000,67.000,316.000,358.000,68.000,360.000,362.000,66.000, 0.179, 0.177, 2.000, 0.000, 2.000, 0.000,11.151, 0.000,247.997,22.545,1334.927,127.071,66.0000,321.060,243.149,108.259,62.408,479.469,-2.134, 2.156, 0.041,-0.431, 3.298,-1.440,0.00000,0.00000,-0.43128,0.04618,0.02851,0.00000,-1.43975,-0.09282,5.00000,1.70173,-0.10756,1.00000,-3.00000
1722032031.386643,316.000,358.000,68.000,360.000,362.000,66.000,396.000,348.000,64.000, 0.177, 0.174,44.000, 4.000,44.000, 4.000,247.997,22.545,206.483,-80.299,-238.105,-589.879,64.0000,322.286,242.342,108.146,62.655,480.090,-2.140, 2.146, 0.060,-0.004, 2.836,-2.064,0.00000,0.00000,-0.00426,0.04014,0.03531,0.00000,-2.06418,-0.10045,5.00000,2.16425,-0.11690,2.00000,-2.00000
1722032031.5891159,360.000,362.000,66.000,396.000,348.000,64.000,438.000,302.000,64.000, 0.174, 0.203,36.000,-14.000,36.000,-14.000,206.483,-80.299,207.124,-226.850, 3.159,-722.719,64.0000,324.387,237.472,109.057,60.928,477.056,-2.152, 2.160, 0.000,-0.092, 3.723, 0.264,0.00000,0.00000,-0.09174,0.04261,0.00706,0.00000,0.26447,-0.09211,5.00000,1.27749,-0.13257,4.00000,2.00000
1722032031.779957,396.000,348.000,64.000,438.000,302.000,64.000,456.000,238.000,65.000, 0.203, 0.191,42.000,-46.000,42.000,-46.000,207.124,-226.850,94.433,-335.761,-591.208,-571.375,65.0000,324.888,235.412,109.653,60.373,467.818,-2.185, 2.199,-0.056,-0.360, 3.101, 3.811,0.00000,0.00000,-0.36047,0.04602,-0.03785,0.00000,3.81090,-0.10438,5.00000,1.89895,-0.12922,4.00000,4.00000
1722032031.954734,438.000,302.000,64.000,456.000,238.000,65.000,442.000,190.000,66.000, 0.191, 0.175,18.000,-64.000,18.000,-64.000,94.433,-335.761,-80.132,-274.739,-999.165,349.271,66.0000,321.492,238.728,107.935,61.358,475.813,-2.146, 2.162,-0.060,-0.325, 5.462, 1.773,0.00000,0.00000,-0.32468,0.04491,-0.01263,0.00000,1.77336,-0.07538,5.00000,-0.46163,-0.10588,1.00000,1.00000
1722032032.1358132,456.000,238.000,65.000,442.000,190.000,66.000,414.000,154.000,67.000, 0.175, 0.181,-14.000,-48.000,-14.000,-48.000,-80.132,-274.739,-154.358,-198.461,-409.194,420.509,67.0000,320.942,244.502,107.873,63.128,479.451,-2.127, 2.148, 0.000,-0.357, 4.793,-0.789,0.00000,0.00000,-0.35657,0.04561,0.01535,0.00000,-0.78892,-0.08702,5.00000,0.20685,-0.10689,0.00000,-4.00000
1722032032.317507,442.000,190.000,66.000,414.000,154.000,67.000,400.000,142.000,66.000, 0.181, 0.181,-28.000,-36.000,-28.000,-36.000,-154.358,-198.461,-77.144,-66.123,425.473,729.215,66.0000,322.697,243.655,108.498,62.875,480.392,-2.131, 2.145, 0.037,-0.189, 3.784,-1.756,0.00000,0.00000,-0.18858,0.04343,0.02613,0.00000,-1.75558,-0.10006,5.00000,1.21617,-0.12723,2.00000,-3.00000
1722032032.4930172,414.000,154.000,67.000,400.000,142.000,66.000,404.000,142.000,67.000, 0.181, 0.176,-14.000,-12.000,-14.000,-12.000,-77.144,-66.123,22.763, 0.000,568.537,376.286,67.0000,324.116,239.862,108.924,62.086,476.402,-2.161, 2.165, 0.010,-0.029, 3.087, 0.387,0.00000,0.00000,-0.02871,0.04187,-0.00073,0.00000,0.38693,-0.11038,5.00000,1.91303,-0.13989,4.00000,0.00000
1722032032.67683,400.000,142.000,66.000,404.000,142.000,67.000,426.000,156.000,67.000, 0.176, 0.183, 4.000, 0.000, 4.000, 0.000,22.763, 0.000,119.929,76.318,529.684,416.036,67.0000,323.373,237.154,108.802,60.834,474.601,-2.157, 2.171,-0.071,-0.331, 5.134, 2.627,0.00000,0.00000,-0.33065,0.04644,-0.02853,0.00000,2.62693,-0.08552,5.00000,-0.13374,-0.12788,3.00000,2.00000
1722032032.8630688,404.000,142.000,67.000,426.000,156.000,67.000,440.000,182.000,66.000, 0.183, 0.187,22.000,14.000,22.000,14.000,119.929,76.318,75.021,139.324,-240.646,337.625,66.0000,321.828,238.535,108.494,60.914,476.298,-2.146, 2.170,-0.063,-0.546, 5.287, 2.066,0.00000,0.00000,-0.54645,0.04861,-0.02284,0.00000,2.06591,-0.08626,5.00000,-0.28737,-0.11554,1.00000,1.00000
1722032033.0457,426.000,156.000,67.000,440.000,182.000,66.000,454.000,234.000,67.000, 0.187, 0.183,14.000,26.000,14.000,26.000,75.021,139.324,76.695,284.867, 9.172,797.316,67.0000,320.142,241.248,107.821,61.698,479.136,-2.133, 2.159,-0.031,-0.539, 5.140, 0.546,0.00000,0.00000,-0.53851,0.04813,-0.00730,0.00000,0.54630,-0.08790,5.00000,-0.13984,-0.11355,0.00000,-1.00000
1722032033.2362618,440.000,182.000,66.000,454.000,234.000,67.000,442.000,304.000,67.000, 0.183, 0.190,14.000,52.000,14.000,52.000,76.695,284.867,-63.090,368.024,-734.918,437.197,67.0000,321.483,243.332,108.065,62.734,480.270,-2.133, 2.148, 0.040,-0.214, 3.570,-1.674,0.00000,0.00000,-0.21403,0.04404,0.01931,0.00000,-1.67415,-0.10859,5.00000,1.42979,-0.12522,1.00000,-3.00000
1722032033.4374819,454.000,234.000,67.000,442.000,304.000,67.000,404.000,348.000,66.000, 0.190, 0.201,-12.000,70.000,-12.000,70.000,-63.090,368.024,-188.634,218.418,-623.208,-742.652,66.0000,323.372,241.429,107.935,63.199,478.180,-2.159, 2.148, 0.034, 0.401, 2.974,-0.803,0.00000,0.00000,0.40129,0.03681,0.00756,0.00000,-0.80342,-0.11714,5.00000,2.02565,-0.14022,3.00000,-1.00000
1722032033.665476,442.000,304.000,67.000,404.000,348.000,66.000,346.000,368.000,66.000, 0.201, 0.228,-38.000,44.000,-38.000,44.000,-188.634,218.418,-254.462,87.745,-288.805,-573.298,66.0000,323.963,236.853,108.589,60.745,478.576,-2.146, 2.150,-0.003, 0.049, 4.304,-0.134,0.00000,0.00000,0.04928,0.04321,0.00143,0.00000,-0.13369,-0.10234,5.00000,0.69584,-0.13621,3.00000,3.00000
1722032033.864531,404.000,348.000,66.000,346.000,368.000,66.000,326.000,366.000,66.000, 0.228, 0.199,-58.000,20.000,-58.000,20.000,-254.462,87.745,-100.430,-10.043,773.471,-491.044,66.0000,322.521,237.285,107.628,61.275,477.721,-2.146, 2.146,-0.044, 0.149, 5.465, 0.846,0.00000,0.00000,0.14931,0.04078,-0.01052,0.00000,0.84612,-0.09005,5.00000,-0.46547,-0.12954,2.00000,2.00000
1722032034.059084,346.000,368.000,66.000,326.000,366.000,66.000,348.000,368.000,65.000, 0.199, 0.195,-20.000,-2.000,-20.000,-2.000,-100.430,-10.043,113.090,10.281,1097.584,104.474,65.0000,320.736,241.401,107.695,62.141,478.484,-2.136, 2.154,-0.030,-0.321, 5.157, 0.465,0.00000,0.00000,-0.32055,0.04735,-0.00559,0.00000,0.46483,-0.09503,5.00000,-0.15665,-0.11654,0.00000,-1.00000
1722032034.2618072,326.000,366.000,66.000,348.000,368.000,65.000,392.000,352.000,64.000, 0.195, 0.203,22.000, 2.000,22.000, 2.000,113.090,10.281,216.832,-78.848,511.244,-439.228,64.0000,320.107,242.347,107.090,62.753,480.200,-2.139, 2.145, 0.020, 0.009, 4.021,-1.098,0.00000,0.00000,0.00928,0.04164,0.01400,0.00000,-1.09797,-0.10958,5.00000,0.97905,-0.12254,0.00000,-2.00000
1722032034.456125,348.000,368.000,65.000,392.000,352.000,64.000,438.000,302.000,63.000, 0.203, 0.194,44.000,-16.000,44.000,-16.000,216.832,-78.848,237.080,-257.696,104.358,-921.769,63.0000,322.030,240.702,108.296,61.678,479.816,-2.134, 2.151, 0.012,-0.264, 4.230,-0.838,0.00000,0.00000,-0.26437,0.04633,0.01034,0.00000,-0.83801,-0.10702,5.00000,0.77043,-0.13988,2.00000,0.00000
1722032034.6325529,392.000,352.000,64.000,438.000,302.000,63.000,454.000,250.000,64.000, 0.194, 0.176,46.000,-50.000,46.000,-50.000,237.080,-257.696,90.667,-294.669,-829.681,-209.515,64.0000,323.836,237.461,108.724,61.015,476.800,-2.151, 2.159,-0.031,-0.102, 4.611, 1.042,0.00000,0.00000,-0.10197,0.04344,-0.01298,0.00000,1.04209,-0.10372,5.00000,0.38875,-0.14388,3.00000,2.00000
1722032034.812157,438.000,302.000,63.000,454.000,250.000,64.000,448.000,196.000,68.000, 0.176, 0.180,16.000,-52.000,16.000,-52.000,90.667,-294.669,-33.403,-300.631,-690.733,-33.191,68.0000,322.250,238.383,108.210,61.151,477.254,-2.143, 2.158,-0.057,-0.289, 5.556, 1.501,0.00000,0.00000,-0.28870,0.04650,-0.01843,0.00000,1.50137,-0.09232,5.00000,-0.55600,-0.13420,2.00000,1.00000
1722032034.9947531,454.000,250.000,64.000,448.000,196.000,68.000,432.000,176.000,66.000, 0.180, 0.183,-6.000,-54.000,-6.000,-54.000,-33.403,-300.631,-87.582,-109.478,-296.571,1046.353,66.0000,320.286,240.395,107.358,61.715,479.209,-2.131, 2.148,-0.029,-0.261, 5.458, 0.113,0.00000,0.00000,-0.26115,0.04571,-0.00200,0.00000,0.11302,-0.09394,5.00000,-0.45820,-0.12120,0.00000,0.00000
1722032035.189468,448.000,196.000,68.000,432.000,176.000,66.000,424.000,166.000,66.000, 0.183, 0.195,-16.000,-20.000,-16.000,-20.000,-87.582,-109.478,-41.063,-51.329,238.779,298.473,66.0000,320.178,242.037,107.274,62.369,480.460,-2.132, 2.144, 0.012,-0.128, 4.444,-1.089,0.00000,0.00000,-0.12771,0.04413,0.01192,0.00000,-1.08947,-0.10658,5.00000,0.55645,-0.12721,0.00000,-2.00000
1722032035.365294,432.000,176.000,66.000,424.000,166.000,66.000,430.000,168.000,68.000, 0.195, 0.176,-8.000,-10.000,-8.000,-10.000,-41.063,-51.329,34.163,11.388,428.329,357.100,68.0000,321.517,241.696,108.189,62.133,479.215,-2.139, 2.156, 0.014,-0.296, 3.856,-0.569,0.00000,0.00000,-0.29623,0.04687,0.00526,0.00000,-0.56885,-0.11410,5.00000,1.14435,-0.13588,1.00000,-1.00000
1722032035.5474298,424.000,166.000,66.000,430.000,168.000,68.000,442.000,180.000,67.000, 0.176, 0.182, 6.000, 2.000, 6.000, 2.000,34.163,11.388,65.882,65.882,174.143,299.186,67.0000,323.655,237.397,108.704,61.103,475.349,-2.157, 2.167,-0.083,-0.225, 5.559, 2.843,0.00000,0.00000,-0.22479,0.04554,-0.03888,0.00000,2.84316,-0.09251,5.00000,-0.55907,-0.15088,3.00000,2.00000
1722032035.74847,430.000,168.000,68.000,442.000,180.000,67.000,454.000,216.000,67.000, 0.182, 0.201,12.000,12.000,12.000,12.000,65.882,65.882,59.695,179.086,-30.778,563.143,67.0000,323.649,238.108,108.852,61.208,474.772,-2.153, 2.166,-0.033,-0.247, 4.423, 1.329,0.00000,0.00000,-0.24716,0.04617,-0.01900,0.00000,1.32911,-0.10929,5.00000,0.57744,-0.14687,3.00000,1.00000
1722032035.940212,442.000,180.000,67.000,454.000,216.000,67.000,452.000,266.000,67.000, 0.201, 0.192,12.000,36.000,12.000,36.000,59.695,179.086,-10.430,260.745,-365.696,425.847,67.0000,319.513,242.508,106.622,62.861,480.372,-2.132, 2.138,-0.007, 0.035, 5.138,-0.761,0.00000,0.00000,0.03475,0.04242,0.00429,0.00000,-0.76129,-0.09908,5.00000,-0.13850,-0.12286,0.00000,-2.00000
1722032036.140288,454.000,216.000,67.000,452.000,266.000,67.000,428.000,322.000,65.000, 0.192, 0.200,-2.000,50.000,-2.000,50.000,-10.430,260.745,-119.943,279.867,-547.306,95.563,65.0000,319.444,243.619,106.978,62.886,481.047,-2.127, 2.141, 0.009,-0.167, 4.778,-1.270,0.00000,0.00000,-0.16688,0.04597,0.00954,0.00000,-1.26956,-0.10475,5.00000,0.22241,-0.13187,0.00000,-3.00000
1722032036.3362718,452.000,266.000,67.000,428.000,322.000,65.000,390.000,354.000,66.000, 0.200, 0.196,-24.000,56.000,-24.000,56.000,-119.943,279.867,-193.681,163.100,-375.832,-595.148,66.0000,321.355,239.940,107.533,61.812,480.153,-2.139, 2.144, 0.011, 0.036, 4.302,-0.875,0.00000,0.00000,0.03613,0.04271,0.00598,0.00000,-0.87484,-0.11107,5.00000,0.69774,-0.14054,1.00000,0.00000
1722032036.530771,428.000,322.000,65.000,390.000,354.000,66.000,370.000,362.000,65.000, 0.196, 0.194,-38.000,32.000,-38.000,32.000,-193.681,163.100,-102.983,41.193,467.017,-627.715,65.0000,321.761,237.205,107.520,60.944,478.702,-2.142, 2.146,-0.022, 0.067, 5.057, 0.136,0.00000,0.00000,0.06678,0.04289,-0.00532,0.00000,0.13577,-0.10156,5.00000,-0.05653,-0.13820,1.00000,2.00000
1722032036.714543,390.000,354.000,66.000,370.000,362.000,65.000,376.000,360.000,64.000, 0.194, 0.184,-20.000, 8.000,-20.000, 8.000,-102.983,41.193,32.608,-10.869,736.885,-282.940,64.0000,321.727,238.470,107.919,60.762,480.016,-2.125, 2.142,-0.013,-0.238, 5.409,-0.675,0.00000,0.00000,-0.23841,0.04707,0.00686,0.00000,-0.67457,-0.09783,5.00000,-0.40890,-0.13887,1.00000,1.00000
1722032036.89183,370.000,362.000,65.000,376.000,360.000,64.000,406.000,342.000,64.000, 0.184, 0.177, 6.000,-2.000, 6.000,-2.000,32.608,-10.869,169.483,-101.690,773.268,-513.085,64.0000,320.127,240.890,107.328,61.944,479.191,-2.134, 2.150,-0.026,-0.255, 5.242, 0.169,0.00000,0.00000,-0.25508,0.04650,-0.00439,0.00000,0.16853,-0.09980,5.00000,-0.24150,-0.13086,0.00000,0.00000
1722032037.069622,376.000,360.000,64.000,406.000,342.000,64.000,436.000,308.000,66.000, 0.177, 0.178,30.000,-18.000,30.000,-18.000,169.483,-101.690,168.525,-190.995,-5.381,-501.673,66.0000,319.006,241.003,106.754,62.034,479.998,-2.135, 2.146, 0.014,-0.096, 4.268,-1.018,0.00000,0.00000,-0.09649,0.04443,0.01257,0.00000,-1.01845,-0.11221,5.00000,0.73193,-0.13387,0.00000,-1.00000
1722032037.295946,406.000,342.000,64.000,436.000,308.000,66.000,452.000,258.000,67.000, 0.178, 0.226,30.000,-34.000,30.000,-34.000,168.525,-190.995,70.789,-221.216,-432.416,-133.709,67.0000,319.179,239.688,106.881,61.539,479.871,-2.137, 2.153,-0.067,-0.291, 6.165, 1.426,0.00000,0.00000,-0.29065,0.04758,-0.02018,0.00000,1.42619,-0.08660,5.00000,-1.16463,-0.13387,0.00000,0.00000
1722032037.475849,436.000,308.000,66.000,452.000,258.000,67.000,452.000,214.000,66.000, 0.226, 0.180,16.000,-50.000,16.000,-50.000,70.789,-221.216, 0.000,-244.400,-393.202,-128.772,66.0000,321.622,239.008,108.183,61.350,476.489,-2.150, 2.167,-0.043,-0.347, 4.726, 1.582,0.00000,0.00000,-0.34691,0.04790,-0.02147,0.00000,1.58214,-0.10655,5.00000,0.27449,-0.14254,1.00000,0.00000
1722032037.675808,452.000,258.000,67.000,452.000,214.000,66.000,444.000,190.000,66.000, 0.180, 0.200, 0.000,-44.000, 0.000,-44.000, 0.000,-244.400,-39.993,-119.979,-199.930,621.995,66.0000,320.996,239.266,107.611,61.424,478.894,-2.139, 2.151,-0.008,-0.143, 4.597,-0.142,0.00000,0.00000,-0.14254,0.04514,-0.00112,0.00000,-0.14192,-0.10668,5.00000,0.40315,-0.13153,0.00000,0.00000
1722032037.854482,452.000,214.000,66.000,444.000,190.000,66.000,440.000,190.000,67.000, 0.200, 0.179,-8.000,-24.000,-8.000,-24.000,-39.993,-119.979,-22.396, 0.000,98.525,671.764,67.0000,319.731,242.230,107.171,62.373,479.998,-2.131, 2.145, 0.023,-0.170, 4.177,-1.379,0.00000,0.00000,-0.17047,0.04621,0.01328,0.00000,-1.37944,-0.11296,5.00000,0.82348,-0.13453,0.00000,-2.00000
1722032038.0582259,444.000,190.000,66.000,440.000,190.000,67.000,446.000,206.000,66.000, 0.179, 0.204,-4.000, 0.000,-4.000, 0.000,-22.396, 0.000,29.429,78.478,254.196,384.924,66.0000,320.370,242.024,107.651,62.281,479.412,-2.137, 2.155,-0.015,-0.328, 4.715, 0.084,0.00000,0.00000,-0.32809,0.04834,-0.00557,0.00000,0.08360,-0.03922,0.00000,-4.71453,-0.13453,0.00000,-2.00000
1722032038.262557,440.000,190.000,67.000,446.000,206.000,66.000,458.000,252.000,67.000, 0.204, 0.204, 6.000,16.000, 6.000,16.000,29.429,78.478,58.755,225.226,143.584,718.512,67.0000,322.406,238.304,108.358,60.829,479.942,-2.137, 2.153,-0.023,-0.253, 5.003, 0.246,0.00000,0.00000,-0.25314,0.04701,-0.00573,0.00000,0.24559,-0.03422,0.00000,-5.00301,-0.15187,2.00000,1.00000
1722032038.506758,446.000,206.000,66.000,458.000,252.000,67.000,436.000,300.000,65.000, 0.204, 0.244,12.000,46.000,12.000,46.000,58.755,225.226,-90.070,196.516,-609.299,-117.542,65.0000,320.398,236.442,106.886,60.948,477.355,-2.155, 2.152, 0.001, 0.212, 3.843, 0.108,0.00000,0.00000,0.21239,0.04108,-0.00412,0.00000,0.10799,-0.04031,0.00000,-3.84333,-0.12986,0.00000,3.00000
1722032038.7165089,458.000,252.000,67.000,436.000,300.000,65.000,398.000,344.000,66.000, 0.244, 0.209,-22.000,48.000,-22.000,48.000,-90.070,196.516,-181.392,210.033,-435.926,64.524,66.0000,314.396,240.997,105.251,62.135,476.287,-2.155, 2.166, 0.073,-0.224, 1.536,-1.415,0.00000,0.00000,-0.22422,0.04827,0.01602,0.00000,-1.41532,-0.06203,0.00000,-1.53625,-0.09252,-5.00000,0.00000
1722032038.875336,436.000,300.000,65.000,398.000,344.000,66.000,362.000,368.000,66.000, 0.209, 0.159,-38.000,44.000,-38.000,44.000,-181.392,210.033,-226.466,150.977,-283.548,-371.503,66.0000,315.302,243.689,105.355,63.596,476.111,-2.162, 2.165, 0.087,-0.032, 0.980,-1.602,0.00000,0.00000,-0.03228,0.04448,0.01909,0.00000,-1.60240,-0.06301,0.00000,-0.97981,-0.11287,-4.00000,-3.00000
1722032039.0593731,398.000,344.000,66.000,362.000,368.000,66.000,336.000,370.000,64.000, 0.159, 0.184,-36.000,24.000,-36.000,24.000,-226.466,150.977,-141.240,10.865,462.974,-761.138,64.0000,319.621,241.591,107.204,62.932,473.451,-2.176, 2.177, 0.100,-0.053,-0.131,-1.142,0.00000,0.00000,-0.05306,0.04535,0.01580,0.00000,-1.14201,-0.07522,0.00000,0.13109,-0.14188,0.00000,-1.00000
1722032039.238646,362.000,368.000,66.000,336.000,370.000,64.000,310.000,368.000,66.000, 0.184, 0.179,-26.000, 2.000,-26.000, 2.000,-141.240,10.865,-144.932,-11.149,-20.577,-122.708,66.0000,321.768,236.668,107.629,61.347,472.791,-2.179, 2.174, 0.028, 0.195, 1.841, 0.684,0.00000,0.00000,0.19467,0.04197,-0.00588,0.00000,0.68381,-0.04719,0.00000,-1.84061,-0.13854,1.00000,3.00000
1722032039.4193149,336.000,370.000,64.000,310.000,368.000,66.000,306.000,366.000,66.000, 0.179, 0.181,-26.000,-2.000,-26.000,-2.000,-144.932,-11.149,-22.146,-11.073,679.793, 0.420,66.0000,319.779,237.204,106.523,61.701,473.816,-2.171, 2.163,-0.007, 0.289, 3.275, 1.074,0.00000,0.00000,0.28926,0.04134,-0.00976,0.00000,1.07355,-0.02712,0.00000,-3.27455,-0.12753,0.00000,2.00000
1722032039.597732,310.000,368.000,66.000,306.000,366.000,66.000,328.000,370.000,64.000, 0.181, 0.178,-4.000,-2.000,-4.000,-2.000,-22.146,-11.073,123.416,22.439,816.574,187.997,64.0000,316.640,241.650,105.742,62.876,475.070,-2.157, 2.163, 0.012,-0.041, 3.216, 0.154,0.00000,0.00000,-0.04068,0.04593,0.00108,0.00000,0.15443,-0.02353,0.00000,-3.21553,-0.10453,-3.00000,-1.00000
1722032039.809101,306.000,366.000,66.000,328.000,370.000,64.000,360.000,366.000,66.000, 0.178, 0.212,22.000, 4.000,22.000, 4.000,123.416,22.439,151.262,-18.908,131.628,-195.445,66.0000,315.612,242.805,105.673,63.026,476.207,-2.159, 2.166, 0.105,-0.144, 0.550,-2.088,0.00000,0.00000,-0.14429,0.04636,0.02966,0.00000,-2.08756,-0.05300,0.00000,-0.54995,-0.10287,-4.00000,-2.00000
1722032039.9777238,328.000,370.000,64.000,360.000,366.000,66.000,384.000,354.000,64.000, 0.212, 0.168,32.000,-4.000,32.000,-4.000,151.262,-18.908,142.612,-71.306,-51.402,-311.358,64.0000,317.900,240.077,106.873,61.773,474.823,-2.163, 2.174, 0.126,-0.299,-0.356,-2.261,0.00000,0.00000,-0.29852,0.04820,0.03281,0.00000,-2.26106,-0.06012,0.00000,0.35550,-0.12055,-2.00000,0.00000
1722032040.177581,360.000,366.000,66.000,384.000,354.000,64.000,412.000,332.000,66.000, 0.168, 0.200,24.000,-12.000,24.000,-12.000,142.612,-71.306,139.769,-109.818,-14.193,-192.243,66.0000,321.499,236.704,107.199,61.666,473.187,-2.183, 2.169, 0.051, 0.418, 1.226, 0.085,0.00000,0.00000,0.41762,0.03822,0.00539,0.00000,0.08525,-0.03813,0.00000,-1.22562,-0.13922,1.00000,3.00000
1722032040.351004,384.000,354.000,64.000,412.000,332.000,66.000,432.000,306.000,63.000, 0.200, 0.173,28.000,-22.000,28.000,-22.000,139.769,-109.818,115.312,-149.906,-141.005,-231.132,63.0000,321.017,237.402,107.390,61.525,473.667,-2.175, 2.172, 0.012, 0.136, 2.407, 0.953,0.00000,0.00000,0.13587,0.04397,-0.00297,0.00000,0.95323,-0.02210,0.00000,-2.40701,-0.13087,1.00000,2.00000
1722032040.534603,412.000,332.000,66.000,432.000,306.000,63.000,444.000,282.000,65.000, 0.173, 0.183,20.000,-26.000,20.000,-26.000,115.312,-149.906,65.499,-130.997,-271.895,103.209,65.0000,319.473,238.711,106.391,62.519,472.170,-2.184, 2.173,-0.003, 0.336, 2.550, 1.607,0.00000,0.00000,0.33596,0.04035,-0.01239,0.00000,1.60650,-0.01714,0.00000,-2.54980,-0.12287,0.00000,1.00000
1722032040.7265291,432.000,306.000,63.000,444.000,282.000,65.000,448.000,246.000,66.000, 0.183, 0.192,12.000,-24.000,12.000,-24.000,65.499,-130.997,20.822,-187.395,-232.562,-293.572,66.0000,315.285,240.091,106.012,61.846,471.238,-2.181, 2.199, 0.029,-0.451, 1.020, 1.471,0.00000,0.00000,-0.45125,0.05141,-0.01279,0.00000,1.47054,-0.03291,0.00000,-1.02040,-0.09120,-4.00000,0.00000
1722032040.893842,444.000,282.000,65.000,448.000,246.000,66.000,446.000,228.000,66.000, 0.192, 0.167, 4.000,-36.000, 4.000,-36.000,20.822,-187.395,-11.960,-107.640,-196.034,476.933,66.0000,314.557,240.637,105.430,62.337,471.566,-2.183, 2.194, 0.049,-0.269, 0.593, 0.857,0.00000,0.00000,-0.26946,0.04682,-0.00765,0.00000,0.85726,-0.03434,0.00000,-0.59281,-0.09188,-5.00000,0.00000
1722032041.072693,448.000,246.000,66.000,446.000,228.000,66.000,444.000,222.000,67.000, 0.167, 0.179,-2.000,-18.000,-2.000,-18.000,-11.960,-107.640,-11.173,-33.520, 4.395,414.085,67.0000,315.762,242.302,105.904,62.716,475.169,-2.160, 2.168, 0.139,-0.260,-0.506,-2.858,0.00000,0.00000,-0.25986,0.04737,0.03987,0.00000,-2.85811,-0.04734,0.00000,0.50560,-0.10022,-4.00000,-2.00000
1722032041.253091,446.000,228.000,66.000,444.000,222.000,67.000,446.000,226.000,67.000, 0.179, 0.180,-2.000,-6.000,-2.000,-6.000,-11.173,-33.520,11.090,22.181,123.455,308.868,67.0000,319.594,241.095,107.423,62.697,470.363,-2.188, 2.195, 0.080,-0.208,-0.411, 0.217,0.00000,0.00000,-0.20833,0.04683,-0.00151,0.00000,0.21724,-0.04543,0.00000,0.41122,-0.12923,0.00000,-1.00000
1722032041.452132,444.000,222.000,67.000,446.000,226.000,67.000,454.000,248.000,67.000, 0.180, 0.199, 2.000, 4.000, 2.000, 4.000,11.090,22.181,40.151,110.415,145.850,442.833,67.0000,321.765,237.774,107.954,61.779,468.500,-2.206, 2.205, 0.011, 0.040, 0.633, 2.817,0.00000,0.00000,0.03956,0.04375,-0.03242,0.00000,2.81664,-0.03230,0.00000,-0.63277,-0.12589,1.00000,2.00000
1722032041.6120698,446.000,226.000,67.000,454.000,248.000,67.000,452.000,270.000,67.000, 0.199, 0.160, 8.000,22.000, 8.000,22.000,40.151,110.415,-12.521,137.735,-329.763,171.044,67.0000,321.144,238.148,107.043,62.237,473.702,-2.181, 2.167, 0.052, 0.422, 1.319,-0.087,0.00000,0.00000,0.42217,0.03930,0.00505,0.00000,-0.08700,-0.02334,0.00000,-1.31867,-0.12355,1.00000,1.00000
1722032041.794986,454.000,248.000,67.000,452.000,270.000,67.000,438.000,296.000,66.000, 0.160, 0.183,-2.000,22.000,-2.000,22.000,-12.521,137.735,-76.534,142.135,-349.940,24.053,66.0000,317.131,242.218,106.250,62.596,477.378,-2.146, 2.157, 0.062,-0.171, 2.335,-1.620,0.00000,0.00000,-0.17057,0.04825,0.02156,0.00000,-1.62025,-0.00802,0.00000,-2.33526,-0.09821,-2.00000,-2.00000
1722032041.972637,452.000,270.000,67.000,438.000,296.000,66.000,416.000,330.000,66.000, 0.183, 0.178,-14.000,26.000,-14.000,26.000,-76.534,142.135,-123.753,191.254,-265.610,276.302,66.0000,316.569,242.058,105.857,63.020,475.349,-2.166, 2.167, 0.109,-0.008, 0.182,-1.960,0.00000,0.00000,-0.00777,0.04435,0.02708,0.00000,-1.95978,-0.03394,0.00000,-0.18220,-0.09721,-3.00000,-2.00000
1722032042.15036,438.000,296.000,66.000,416.000,330.000,66.000,386.000,352.000,66.000, 0.178, 0.178,-22.000,34.000,-22.000,34.000,-123.753,191.254,-168.977,123.916,-254.728,-379.284,66.0000,317.694,239.040,106.189,62.033,474.207,-2.177, 2.172, 0.123, 0.084,-0.661,-1.835,0.00000,0.00000,0.08361,0.04361,0.02881,0.00000,-1.83522,-0.04172,0.00000,0.66061,-0.10689,-2.00000,0.00000
1722032042.3213608,416.000,330.000,66.000,386.000,352.000,66.000,354.000,368.000,67.000, 0.178, 0.171,-30.000,22.000,-30.000,22.000,-168.977,123.916,-187.066,93.533,-105.743,-177.616,67.0000,320.005,238.083,106.833,62.077,472.359,-2.188, 2.177, 0.077, 0.277, 0.156,-0.225,0.00000,0.00000,0.27737,0.04123,0.01093,0.00000,-0.22510,-0.03075,0.00000,-0.15624,-0.11989,0.00000,1.00000
1722032042.50769,386.000,352.000,66.000,354.000,368.000,67.000,308.000,368.000,66.000, 0.171, 0.186,-32.000,16.000,-32.000,16.000,-187.066,93.533,-246.875, 0.000,-320.990,-501.977,66.0000,320.244,237.267,106.698,62.175,468.579,-2.209, 2.194, 0.014, 0.409, 0.780, 2.479,0.00000,0.00000,0.40919,0.03989,-0.02271,0.00000,2.47862,-0.02325,0.00000,-0.77959,-0.11389,0.00000,2.00000
1722032042.687239,354.000,368.000,67.000,308.000,368.000,66.000,280.000,364.000,66.000, 0.186, 0.180,-46.000, 0.000,-46.000, 0.000,-246.875, 0.000,-155.771,-22.253,506.836,-123.799,66.0000,318.716,239.094,106.142,62.821,469.378,-2.203, 2.190, 0.037, 0.359, 0.455, 1.602,0.00000,0.00000,0.35876,0.04076,-0.01177,0.00000,1.60214,-0.02702,0.00000,-0.45460,-0.10522,-1.00000,0.00000
1722032042.904913,308.000,368.000,66.000,280.000,364.000,66.000,250.000,352.000,67.000, 0.180, 0.217,-28.000,-4.000,-28.000,-4.000,-155.771,-22.253,-138.036,-55.215,81.600,-151.663,67.0000,315.930,241.933,105.106,63.725,473.096,-2.192, 2.176, 0.178, 0.255,-2.744,-2.575,0.00000,0.00000,0.25502,0.04183,0.04010,0.00000,-2.57481,-0.06879,0.00000,2.74361,-0.08155,-4.00000,-1.00000
1722032043.109087,280.000,364.000,66.000,250.000,352.000,67.000,224.000,330.000,66.000, 0.217, 0.204,-30.000,-12.000,-30.000,-12.000,-138.036,-55.215,-127.262,-107.683,52.737,-256.819,66.0000,318.514,242.821,106.580,63.135,477.607,-2.153, 2.151, 0.140, 0.045, 0.123,-3.577,0.00000,0.00000,0.04468,0.04424,0.05251,0.00000,-3.57700,-0.03078,0.00000,-0.12254,-0.11390,-1.00000,-2.00000
1722032043.337159,250.000,352.000,67.000,224.000,330.000,66.000,230.000,304.000,65.000, 0.204, 0.224,-26.000,-22.000,-26.000,-22.000,-127.262,-107.683,26.830,-116.263,689.045,-38.365,65.0000,325.011,238.907,109.000,61.995,476.093,-2.165, 2.161, 0.051, 0.201, 1.986,-0.690,0.00000,0.00000,0.20066,0.04147,0.01917,0.00000,-0.68956,-0.00969,0.00000,-1.98558,-0.15624,5.00000,1.00000
1722032043.554046,224.000,330.000,66.000,230.000,304.000,65.000,244.000,274.000,66.000, 0.224, 0.221, 6.000,-26.000, 6.000,-26.000,26.830,-116.263,63.292,-135.626,164.842,-87.540,66.0000,321.007,234.101,107.437,60.423,468.646,-2.199, 2.195,-0.020, 0.107, 1.916, 3.140,0.00000,0.00000,0.10690,0.04311,-0.02682,0.00000,3.14018,-0.00946,0.00000,-1.91574,-0.10687,1.00000,5.00000
1722032043.7575302,230.000,304.000,65.000,244.000,274.000,66.000,252.000,244.000,66.000, 0.221, 0.199,14.000,-30.000,14.000,-30.000,63.292,-135.626,40.173,-150.647,-116.097,-75.428,66.0000,313.782,239.339,105.919,61.021,470.364,-2.176, 2.207, 0.072,-0.791,-0.183, 0.432,0.00000,0.00000,-0.79106,0.05490,0.00922,0.00000,0.43208,-0.03386,0.00000,0.18312,-0.05887,-6.00000,0.00000
1722032043.9248,244.000,274.000,66.000,252.000,244.000,66.000,244.000,226.000,66.000, 0.199, 0.172, 8.000,-30.000, 8.000,-30.000,40.173,-150.647,-46.600,-104.850,-505.448,266.769,66.0000,313.696,244.602,104.727,64.220,472.444,-2.175, 2.177, 0.116,-0.076,-0.527,-1.554,0.00000,0.00000,-0.07569,0.04294,0.03109,0.00000,-1.55372,-0.03572,0.00000,0.52684,-0.07589,-6.00000,-4.00000
1722032044.1068218,252.000,244.000,66.000,244.000,226.000,66.000,222.000,212.000,65.000, 0.172, 0.182,-8.000,-18.000,-8.000,-18.000,-46.600,-104.850,-120.777,-76.858,-407.222,153.670,65.0000,318.650,244.952,107.505,63.527,475.035,-2.162, 2.180, 0.127,-0.486,-0.534,-2.131,0.00000,0.00000,-0.48570,0.05066,0.03901,0.00000,-2.13107,-0.03635,0.00000,0.53408,-0.11524,-1.00000,-4.00000
1722032044.283531,244.000,226.000,66.000,222.000,212.000,65.000,206.000,202.000,68.000, 0.182, 0.177,-22.000,-14.000,-22.000,-14.000,-120.777,-76.858,-90.581,-56.613,170.948,114.612,68.0000,323.345,237.158,107.713,62.082,473.670,-2.185, 2.164, 0.084, 0.595, 0.401,-0.862,0.00000,0.00000,0.59483,0.03508,0.02527,0.00000,-0.86182,-0.02479,0.00000,-0.40062,-0.13424,3.00000,2.00000
1722032044.492348,222.000,212.000,65.000,206.000,202.000,68.000,212.000,208.000,67.000, 0.177, 0.209,-16.000,-10.000,-16.000,-10.000,-90.581,-56.613,28.731,28.731,571.315,408.662,67.0000,321.404,233.821,108.138,59.751,469.364,-2.195, 2.202, 0.041,-0.174, 0.211, 1.630,0.00000,0.00000,-0.17405,0.04841,-0.00475,0.00000,1.63024,-0.02795,0.00000,-0.21123,-0.10689,1.00000,6.00000
1722032044.682348,206.000,202.000,68.000,212.000,208.000,67.000,212.000,212.000,66.000, 0.209, 0.190, 6.000, 6.000, 6.000, 6.000,28.731,28.731, 0.000,21.031,-151.057,-40.483,66.0000,317.553,239.592,107.104,61.444,471.252,-2.172, 2.195, 0.036,-0.569, 1.227, 0.926,0.00000,0.00000,-0.56898,0.05152,0.00524,0.00000,0.92635,-0.01354,0.00000,-1.22651,-0.08755,-2.00000,0.00000
1722032044.857834,212.000,208.000,67.000,212.000,212.000,66.000,210.000,214.000,66.000, 0.190, 0.175, 0.000, 4.000, 0.000, 4.000, 0.000,21.031,-11.412,11.412,-65.119,-54.885,66.0000,317.283,244.826,106.712,63.860,472.345,-2.173, 2.187, 0.094,-0.369,-0.141,-0.800,0.00000,0.00000,-0.36921,0.04792,0.02563,0.00000,-0.79959,-0.03108,0.00000,0.14122,-0.09523,-2.00000,-4.00000
1722032045.060544,212.000,212.000,66.000,210.000,214.000,66.000,202.000,214.000,67.000, 0.175, 0.203,-2.000, 2.000,-2.000, 2.000,-11.412,11.412,-39.462, 0.000,-138.367,-56.294,67.0000,319.472,243.936,107.749,63.406,472.704,-2.177, 2.191, 0.138,-0.439,-1.585,-1.619,0.00000,0.00000,-0.43907,0.04965,0.03570,0.00000,-1.61876,-0.04880,0.00000,1.58533,-0.11123,0.00000,-3.00000
1722032045.248445,210.000,214.000,66.000,202.000,214.000,67.000,196.000,220.000,67.000, 0.203, 0.188,-8.000, 0.000,-8.000, 0.000,-39.462, 0.000,-31.953,31.953,39.990,170.169,67.0000,321.266,236.850,106.895,61.999,472.720,-2.192, 2.170, 0.098, 0.569,-0.329,-0.817,0.00000,0.00000,0.56935,0.03604,0.02688,0.00000,-0.81732,-0.03284,0.00000,0.32925,-0.11390,1.00000,3.00000
1722032045.457907,202.000,214.000,67.000,196.000,220.000,67.000,196.000,236.000,67.000, 0.188, 0.210,-6.000, 6.000,-6.000, 6.000,-31.953,31.953, 0.000,76.278,152.333,211.313,67.0000,321.868,235.489,108.252,60.411,471.254,-2.183, 2.190, 0.025,-0.148, 1.352, 1.360,0.00000,0.00000,-0.14830,0.04848,0.00032,0.00000,1.36034,-0.01269,0.00000,-1.35218,-0.11156,1.00000,4.00000
1722032045.642207,196.000,220.000,67.000,196.000,236.000,67.000,194.000,256.000,66.000, 0.210, 0.184, 0.000,16.000, 0.000,16.000, 0.000,76.278,-10.857,108.573,-58.941,175.319,66.0000,319.259,241.125,107.445,62.462,471.653,-2.178, 2.192, 0.041,-0.318, 1.004, 0.841,0.00000,0.00000,-0.31765,0.04868,0.00789,0.00000,0.84074,-0.01721,0.00000,-1.00371,-0.10356,0.00000,-1.00000
1722032045.8272698,196.000,236.000,67.000,194.000,256.000,66.000,192.000,270.000,66.000, 0.184, 0.185,-2.000,20.000,-2.000,20.000,-10.857,108.573,-10.809,75.665, 0.260,-177.858,66.0000,317.473,244.058,106.643,63.844,470.373,-2.189, 2.198, 0.105,-0.278,-1.192,-0.280,0.00000,0.00000,-0.27770,0.04779,0.02056,0.00000,-0.28010,-0.04432,0.00000,1.19153,-0.08922,-2.00000,-4.00000
1722032046.009181,194.000,256.000,66.000,192.000,270.000,66.000,200.000,286.000,66.000, 0.185, 0.182,-2.000,14.000,-2.000,14.000,-10.809,75.665,43.984,87.969,301.257,67.648,66.0000,318.405,241.475,106.754,62.994,471.615,-2.190, 2.191, 0.115,-0.089,-1.324,-0.700,0.00000,0.00000,-0.08938,0.04551,0.02511,0.00000,-0.70034,-0.04519,0.00000,1.32362,-0.10257,-1.00000,-1.00000
1722032046.18203,192.000,270.000,66.000,200.000,286.000,66.000,210.000,304.000,67.000, 0.182, 0.173, 8.000,16.000, 8.000,16.000,43.984,87.969,57.845,104.120,80.175,93.429,67.0000,321.655,237.979,107.874,61.422,475.805,-2.169, 2.167, 0.085, 0.072, 0.767,-1.262,0.00000,0.00000,0.07223,0.04394,0.03346,0.00000,-1.26183,-0.01942,0.00000,-0.76657,-0.11623,1.00000,2.00000
1722032046.36032,200.000,286.000,66.000,210.000,304.000,67.000,228.000,318.000,66.000, 0.173, 0.178,10.000,18.000,10.000,18.000,57.845,104.120,101.049,78.594,242.542,-143.303,66.0000,322.840,238.126,108.387,61.472,475.013,-2.167, 2.168, 0.064, 0.028, 1.383,-0.778,0.00000,0.00000,0.02776,0.04499,0.02860,0.00000,-0.77771,-0.01271,0.00000,-1.38280,-0.11956,2.00000,1.00000
1722032046.5387032,210.000,304.000,67.000,228.000,318.000,66.000,236.000,338.000,66.000, 0.178, 0.179,18.000,14.000,18.000,14.000,101.049,78.594,44.798,111.996,-314.992,187.046,66.0000,319.273,240.348,107.501,61.873,474.287,-2.164, 2.179, 0.070,-0.344, 0.994,-0.680,0.00000,0.00000,-0.34372,0.04986,0.02956,0.00000,-0.68003,-0.01611,0.00000,-0.99443,-0.10055,0.00000,0.00000
1722032046.6999722,228.000,318.000,66.000,236.000,338.000,66.000,244.000,344.000,66.000, 0.179, 0.161, 8.000,20.000, 8.000,20.000,44.798,111.996,49.686,37.264,30.354,-464.137,66.0000,316.468,239.072,105.491,62.633,465.647,-2.221, 2.214, 0.069, 0.163,-1.585, 2.028,0.00000,0.00000,0.16345,0.04206,-0.00549,0.00000,2.02761,-0.04837,0.00000,1.58523,-0.08055,-3.00000,0.00000
1722032046.875744,236.000,338.000,66.000,244.000,344.000,66.000,242.000,344.000,67.000, 0.161, 0.176, 8.000, 6.000, 8.000, 6.000,49.686,37.264,-11.359, 0.000,-346.706,-211.644,67.0000,317.109,238.317,106.018,62.070,465.880,-2.213, 2.212, 0.050, 0.004,-0.801, 2.217,0.00000,0.00000,0.00420,0.04566,-0.00803,0.00000,2.21736,-0.03707,0.00000,0.80107,-0.09623,-2.00000,1.00000
1722032047.072665,244.000,344.000,66.000,242.000,344.000,67.000,242.000,336.000,65.000, 0.176, 0.197,-2.000, 0.000,-2.000, 0.000,-11.359, 0.000, 0.000,-40.648,57.715,-206.529,65.0000,320.857,239.485,107.236,62.332,475.308,-2.169, 2.162, 0.087, 0.239, 0.851,-1.477,0.00000,0.00000,0.23874,0.04201,0.03770,0.00000,-1.47741,-0.01756,0.00000,-0.85055,-0.10924,0.00000,0.00000
1722032047.259239,242.000,344.000,67.000,242.000,336.000,65.000,228.000,332.000,66.000, 0.197, 0.187, 0.000,-8.000, 0.000,-8.000, 0.000,-40.648,-75.049,-21.443,-402.315,102.952,66.0000,321.886,242.460,107.409,63.617,477.651,-2.162, 2.150, 0.087, 0.404, 1.353,-2.008,0.00000,0.00000,0.40368,0.04037,0.04226,0.00000,-2.00753,-0.01155,0.00000,-1.35313,-0.11190,1.00000,-2.00000
1722032047.4361038,242.000,336.000,65.000,228.000,332.000,66.000,224.000,324.000,67.000, 0.187, 0.177,-14.000,-4.000,-14.000,-4.000,-75.049,-21.443,-22.613,-45.226,296.436,-134.454,67.0000,320.696,240.401,107.341,62.730,473.920,-2.179, 2.173, 0.101, 0.152,-0.152,-1.185,0.00000,0.00000,0.15159,0.04406,0.03437,0.00000,-1.18497,-0.02993,0.00000,0.15246,-0.10089,0.00000,0.00000
1722032047.615317,228.000,332.000,66.000,224.000,324.000,67.000,220.000,318.000,65.000, 0.177, 0.179,-4.000,-8.000,-4.000,-8.000,-22.613,-45.226,-22.321,-33.482, 1.629,65.537,65.0000,318.634,236.971,106.292,61.641,471.952,-2.195, 2.183, 0.100, 0.270,-0.837,-0.401,0.00000,0.00000,0.26962,0.04164,0.02739,0.00000,-0.40112,-0.03721,0.00000,0.83721,-0.09523,-1.00000,3.00000
1722032047.804736,224.000,324.000,67.000,220.000,318.000,65.000,216.000,310.000,66.000, 0.179, 0.190,-4.000,-6.000,-4.000,-6.000,-22.321,-33.482,-21.108,-42.216, 6.402,-46.090,66.0000,320.149,237.106,107.692,60.905,471.370,-2.178, 2.189, 0.052,-0.245, 0.803, 0.501,0.00000,0.00000,-0.24520,0.04881,0.01719,0.00000,0.50085,-0.01571,0.00000,-0.80337,-0.10623,0.00000,2.00000
1722032048.003278,220.000,318.000,65.000,216.000,310.000,66.000,206.000,298.000,66.000, 0.190, 0.198,-4.000,-8.000,-4.000,-8.000,-21.108,-42.216,-50.390,-60.468,-147.553,-91.973,66.0000,321.260,239.878,107.772,62.299,473.361,-2.173, 2.176, 0.033,-0.022, 1.818, 0.456,0.00000,0.00000,-0.02180,0.04437,0.01815,0.00000,0.45595,-0.00287,0.00000,-1.81834,-0.11190,1.00000,0.00000
1722032048.224776,216.000,310.000,66.000,206.000,298.000,66.000,200.000,282.000,66.000, 0.198, 0.222,-10.000,-12.000,-10.000,-12.000,-50.390,-60.468,-27.069,-72.183,105.213,-52.852,66.0000,319.992,242.254,107.087,63.616,471.797,-2.189, 2.185, 0.070, 0.119, 0.103, 0.208,0.00000,0.00000,0.11929,0.04315,0.02052,0.00000,0.20828,0.04358,-5.00000,-5.10265,-0.10089,0.00000,-2.00000
1722032048.46728,206.000,298.000,66.000,200.000,282.000,66.000,194.000,264.000,65.000, 0.222, 0.242,-6.000,-16.000,-6.000,-16.000,-27.069,-72.183,-24.761,-74.284, 9.522,-8.670,65.0000,317.745,240.197,106.318,62.605,471.506,-2.189, 2.187, 0.113, 0.003,-1.114,-0.784,0.00000,0.00000,0.00300,0.04508,0.03312,0.00000,-0.78393,0.03242,-5.00000,-3.88606,-0.08656,-2.00000,0.00000
1722032048.679754,200.000,282.000,66.000,194.000,264.000,65.000,188.000,254.000,66.000, 0.242, 0.212,-6.000,-18.000,-6.000,-18.000,-24.761,-74.284,-28.237,-47.062,-16.357,128.113,66.0000,315.162,238.244,104.637,62.577,466.781, 2.236,-2.220,-0.175, 0.242,-3.938,-1.042,0.00000,0.00000,0.24157,0.04151,0.03669,0.00000,-1.04235,0.00389,-5.00000,-1.06238,-0.07389,-4.00000,1.00000
1722032048.883307,194.000,264.000,65.000,188.000,254.000,66.000,188.000,252.000,65.000, 0.212, 0.204,-6.000,-10.000,-6.000,-10.000,-28.237,-47.062, 0.000,-9.822,138.672,182.884,65.0000,315.203,237.852,104.920,62.167,465.597, 2.226,-2.218,-0.167, 0.064,-4.093,-0.501,0.00000,0.00000,0.06427,0.04450,0.03107,0.00000,-0.50072,0.00815,-5.00000,-0.90691,-0.07724,-4.00000,2.00000
1722032049.062717,188.000,254.000,66.000,188.000,252.000,65.000,192.000,254.000,66.000, 0.204, 0.179, 0.000,-2.000, 0.000,-2.000, 0.000,-9.822,22.310,11.155,124.438,117.003,66.0000,318.070,239.406,106.206,62.733,465.823, 2.229,-2.222,-0.147, 0.047,-3.407,-0.160,0.00000,0.00000,0.04733,0.04416,0.02829,0.00000,-0.15998,0.01946,-5.00000,-1.59263,-0.10058,-1.00000,0.00000
1722032049.246392,188.000,252.000,65.000,192.000,254.000,66.000,192.000,252.000,66.000, 0.179, 0.184, 4.000, 2.000, 4.000, 2.000,22.310,11.155, 0.000,-10.879,-121.360,-119.859,66.0000,320.912,240.215,106.967,63.467,467.060, 2.241,-2.224,-0.099, 0.389,-1.855, 0.779,0.00000,0.00000,0.38907,0.03947,0.01644,0.00000,0.77898,0.04257,-5.00000,-3.14508,-0.09957,0.00000,0.00000
1722032049.443062,192.000,254.000,66.000,192.000,252.000,66.000,190.000,246.000,66.000, 0.184, 0.197, 0.000,-2.000, 0.000,-2.000, 0.000,-10.879,-10.162,-30.485,-51.631,-99.618,66.0000,319.048,240.055,106.147,63.437,466.818, 2.235,-2.217,-0.126, 0.389,-2.888, 0.408,0.00000,0.00000,0.38861,0.04031,0.02130,0.00000,0.40843,0.03257,-5.00000,-2.11177,-0.09657,0.00000,0.00000
1722032049.625324,192.000,252.000,66.000,190.000,246.000,66.000,188.000,244.000,67.000, 0.197, 0.182,-2.000,-6.000,-2.000,-6.000,-10.162,-30.485,-11.006,-11.006,-4.644,107.195,67.0000,316.285,239.207,105.460,62.609,467.599, 2.236,-2.229,-0.141, 0.088,-2.848,-0.375,0.00000,0.00000,0.08838,0.04417,0.03050,0.00000,-0.37461,0.03888,-5.00000,-2.15177,-0.07056,-3.00000,0.00000
1722032049.8070998,190.000,246.000,66.000,188.000,244.000,67.000,188.000,248.000,66.000, 0.182, 0.182,-2.000,-2.000,-2.000,-2.000,-11.006,-11.006, 0.000,21.981,60.480,181.274,66.0000,315.651,239.820,105.567,62.507,467.005, 2.227,-2.229,-0.165,-0.191,-3.675,-0.807,0.00000,0.00000,-0.19067,0.04699,0.03591,0.00000,-0.80697,0.03196,-5.00000,-1.32544,-0.06890,-4.00000,0.00000
1722032050.0095239,188.000,244.000,67.000,188.000,248.000,66.000,190.000,254.000,66.000, 0.182, 0.198, 0.000, 4.000, 0.000, 4.000, 0.000,21.981,10.092,30.277,50.928,41.863,66.0000,317.190,239.841,106.354,62.387,466.096, 2.221,-2.226,-0.177,-0.322,-4.214,-0.894,0.00000,0.00000,-0.32200,0.04802,0.03804,0.00000,-0.89358,0.02857,-5.00000,-0.78560,-0.08658,-2.00000,0.00000
1722032050.211443,188.000,248.000,66.000,190.000,254.000,66.000,194.000,258.000,65.000, 0.198, 0.207, 2.000, 6.000, 2.000, 6.000,10.092,30.277,19.369,19.369,44.916,-52.821,65.0000,319.111,239.054,106.223,62.983,463.926, 2.219,-2.204,-0.155, 0.251,-4.417, 0.378,0.00000,0.00000,0.25086,0.04005,0.02253,0.00000,0.37763,0.02821,-5.00000,-0.58285,-0.09658,0.00000,0.00000
1722032050.419771,190.000,254.000,66.000,194.000,258.000,65.000,192.000,258.000,66.000, 0.207, 0.208, 4.000, 4.000, 4.000, 4.000,19.369,19.369,-9.603, 0.000,-139.099,-92.994,66.0000,318.907,239.116,106.410,62.750,465.518, 2.227,-2.217,-0.138, 0.147,-3.423, 0.308,0.00000,0.00000,0.14723,0.04305,0.02462,0.00000,0.30844,0.04309,-5.00000,-1.57663,-0.08191,-1.00000,0.00000
1722032050.610903,194.000,258.000,65.000,192.000,258.000,66.000,190.000,254.000,65.000, 0.208, 0.191,-2.000, 0.000,-2.000, 0.000,-9.603, 0.000,-10.482,-20.964,-4.609,-109.873,65.0000,317.392,239.460,105.913,62.754,466.212, 2.229,-2.222,-0.149, 0.059,-3.437,-0.216,0.00000,0.00000,0.05851,0.04386,0.03098,0.00000,-0.21604,0.04457,-5.00000,-1.56325,-0.07557,-2.00000,0.00000
1722032050.794872,192.000,258.000,66.000,190.000,254.000,65.000,188.000,250.000,66.000, 0.191, 0.184,-2.000,-4.000,-2.000,-4.000,-10.482,-20.964,-10.869,-21.738,-2.103,-4.205,66.0000,317.165,239.785,105.867,62.840,465.581, 2.223,-2.217,-0.171,-0.026,-4.314,-0.511,0.00000,0.00000,-0.02552,0.04470,0.03460,0.00000,-0.51063,0.03587,-5.00000,-0.68588,-0.07725,-2.00000,0.00000
1722032050.9821599,190.000,254.000,65.000,188.000,250.000,66.000,188.000,248.000,66.000, 0.184, 0.187,-2.000,-4.000,-2.000,-4.000,-10.869,-21.738, 0.000,-10.681,58.044,59.049,66.0000,317.355,239.417,105.764,62.869,465.736, 2.227,-2.216,-0.157, 0.118,-3.900,-0.219,0.00000,0.00000,0.11763,0.04253,0.03125,0.00000,-0.21920,0.04415,-5.00000,-1.09978,-0.07591,-2.00000,0.00000
1722032051.1884632,188.000,250.000,66.000,188.000,248.000,66.000,190.000,246.000,65.000, 0.187, 0.207, 0.000,-2.000, 0.000,-2.000, 0.000,-10.681, 9.685,-9.685,46.896, 4.824,65.0000,317.246,239.596,105.832,62.834,465.732, 2.226,-2.219,-0.157, 0.047,-3.836,-0.257,0.00000,0.00000,0.04738,0.04385,0.03263,0.00000,-0.25726,0.04658,-5.00000,-1.16361,-0.07458,-2.00000,0.00000
1722032051.3859131,188.000,248.000,66.000,190.000,246.000,65.000,190.000,250.000,66.000, 0.207, 0.197, 2.000,-2.000, 2.000,-2.000, 9.685,-9.685, 0.000,20.282,-49.106,151.948,66.0000,317.406,239.528,105.875,62.823,466.165, 2.228,-2.220,-0.156, 0.073,-3.707,-0.321,0.00000,0.00000,0.07338,0.04326,0.03395,0.00000,-0.32094,0.05056,-5.00000,-1.29317,-0.07325,-2.00000,0.00000
1722032051.566217,190.000,246.000,65.000,190.000,250.000,66.000,188.000,246.000,67.000, 0.197, 0.180, 0.000, 4.000, 0.000, 4.000, 0.000,20.282,-11.094,-22.187,-61.534,-235.568,67.0000,317.272,239.564,105.814,62.844,465.872, 2.226,-2.218,-0.159, 0.065,-3.901,-0.298,0.00000,0.00000,0.06455,0.04342,0.03419,0.00000,-0.29795,0.05033,-5.00000,-1.09893,-0.07192,-2.00000,0.00000
1722032051.7427971,190.000,250.000,66.000,188.000,246.000,67.000,190.000,248.000,66.000, 0.180, 0.177,-2.000,-4.000,-2.000,-4.000,-11.094,-22.187,11.306,11.306,126.627,189.340,66.0000,317.531,239.541,105.800,62.960,465.248, 2.224,-2.213,-0.163, 0.120,-4.195,-0.213,0.00000,0.00000,0.12009,0.04261,0.03367,0.00000,-0.21286,0.04885,-5.00000,-0.80528,-0.07059,-2.00000,0.00000
1722032051.92193,188.000,246.000,67.000,190.000,248.000,66.000,190.000,248.000,66.000, 0.177, 0.179, 2.000, 2.000, 2.000, 2.000,11.306,11.306, 0.000, 0.000,-63.185,-63.185,66.0000,317.291,239.575,105.743,62.922,465.555, 2.224,-2.214,-0.162, 0.102,-4.152,-0.185,0.00000,0.00000,0.10167,0.04297,0.03384,0.00000,-0.18488,0.05147,-5.00000,-0.84780,-0.06925,-2.00000,0.00000
1722032052.126752,190.000,248.000,66.000,190.000,248.000,66.000,188.000,248.000,66.000, 0.179, 0.205, 0.000, 0.000, 0.000, 0.000, 0.000, 0.000,-9.766, 0.000,-47.690, 0.000,66.0000,317.403,239.506,105.789,62.890,465.937, 2.225,-2.215,-0.161, 0.112,-4.045,-0.244,0.00000,0.00000,0.11215,0.04272,0.03505,0.00000,-0.24405,0.05455,-5.00000,-0.95504,-0.06792,-2.00000,0.00000
1722032052.335904,190.000,248.000,66.000,188.000,248.000,66.000,190.000,248.000,65.000, 0.205, 0.209,-2.000, 0.000,-2.000, 0.000,-9.766, 0.000, 9.561, 0.000,92.388, 0.000,65.0000,317.473,239.572,105.616,63.121,464.520, 2.220,-2.206,-0.179, 0.167,-4.906,-0.345,0.00000,0.00000,0.16708,0.04196,0.03682,0.00000,-0.34502,0.04468,-5.00000,-0.09422,-0.06659,-2.00000,0.00000
1722032052.543315,188.000,248.000,66.000,190.000,248.000,65.000,190.000,248.000,66.000, 0.209, 0.207, 2.000, 0.000, 2.000, 0.000, 9.561, 0.000, 0.000, 0.000,-46.126, 0.000,66.0000,317.513,239.528,105.815,62.929,464.234, 2.217,-2.208,-0.185, 0.034,-5.074,-0.493,0.00000,0.00000,0.03362,0.04384,0.03936,0.00000,-0.49338,0.04389,-5.00000,0.07389,-0.06526,-2.00000,0.00000
1722032052.733897,190.000,248.000,65.000,190.000,248.000,66.000,190.000,248.000,66.000, 0.207, 0.191, 0.000, 0.000, 0.000, 0.000, 0.000, 0.000, 0.000, 0.000, 0.000, 0.000,66.0000,318.050,239.538,106.166,62.801,465.336, 2.221,-2.214,-0.177,-0.001,-4.628,-0.535,0.00000,0.00000,-0.00134,0.04389,0.04068,0.00000,-0.53486,0.05001,-5.00000,-0.37197,-0.07260,-1.00000,0.00000
1722032052.944758,190.000,248.000,66.000,190.000,248.000,66.000,190.000,246.000,66.000, 0.191, 0.211, 0.000, 0.000, 0.000, 0.000, 0.000, 0.000, 0.000,-9.481, 0.000,-44.948,66.0000,318.711,239.400,106.035,63.123,462.555, 2.211,-2.197,-0.179, 0.173,-5.468, 0.167,0.00000,0.00000,0.17323,0.04143,0.03221,0.00000,0.16683,0.03875,-5.00000,0.46810,-0.06893,-1.00000,0.00000
1722032053.1324658,190.000,248.000,66.000,190.000,246.000,66.000,190.000,244.000,66.000, 0.211, 0.188, 0.000,-2.000, 0.000,-2.000, 0.000,-9.481, 0.000,-10.651, 0.000,-6.229,66.0000,318.716,239.371,106.019,63.134,462.579, 2.212,-2.197,-0.173, 0.200,-5.289, 0.284,0.00000,0.00000,0.19962,0.04151,0.03135,0.00000,0.28393,0.04149,-5.00000,0.28923,-0.06826,-1.00000,0.00000
1722032053.3278568,190.000,246.000,66.000,190.000,244.000,66.000,190.000,244.000,66.000, 0.188, 0.195, 0.000,-2.000, 0.000,-2.000, 0.000,-10.651, 0.000, 0.000, 0.000,54.510,66.0000,318.753,239.427,106.240,62.976,464.039, 2.217,-2.206,-0.185, 0.086,-5.154,-0.429,0.00000,0.00000,0.08583,0.04303,0.04058,0.00000,-0.42856,0.04247,-5.00000,0.15412,-0.06759,-1.00000,0.00000
1722032053.53311,190.000,244.000,66.000,190.000,244.000,66.000,190.000,244.000,65.000, 0.195, 0.205, 0.000, 0.000, 0.000, 0.000, 0.000, 0.000, 0.000, 0.000, 0.000, 0.000,65.0000,318.815,239.474,106.154,63.084,462.989, 2.212,-2.199,-0.174, 0.151,-5.233, 0.206,0.00000,0.00000,0.15063,0.04177,0.03180,0.00000,0.20605,0.04089,-5.00000,0.23327,-0.06693,-1.00000,0.00000
1722032053.738084,190.000,244.000,66.000,190.000,244.000,65.000,192.000,244.000,65.000, 0.205, 0.201, 0.000, 0.000, 0.000, 0.000, 0.000, 0.000, 9.968, 0.000,49.676, 0.000,65.0000,318.839,239.548,106.169,63.116,463.378, 2.214,-2.201,-0.175, 0.157,-5.141, 0.081,0.00000,0.00000,0.15667,0.04181,0.03403,0.00000,0.08068,0.04178,-5.00000,0.14130,-0.06626,-1.00000,0.00000
1722032053.9211211,190.000,244.000,65.000,192.000,244.000,65.000,192.000,242.000,66.000, 0.201, 0.188, 2.000, 0.000, 2.000, 0.000, 9.968, 0.000, 0.000,-10.664,-53.145,-56.856,66.0000,318.858,239.494,106.119,63.152,462.969, 2.213,-2.200,-0.169, 0.195,-5.066, 0.293,0.00000,0.00000,0.19516,0.04123,0.03082,0.00000,0.29298,0.04238,-5.00000,0.06578,-0.06560,-1.00000,0.00000
1722032054.0997498,192.000,244.000,65.000,192.000,242.000,66.000,190.000,244.000,66.000, 0.188, 0.179, 0.000,-2.000, 0.000,-2.000, 0.000,-10.664,-11.188,11.188,-62.586,122.239,66.0000,319.345,239.643,106.489,63.064,465.086, 2.223,-2.211,-0.157, 0.170,-4.165, 0.043,0.00000,0.00000,0.16956,0.04159,0.03392,0.00000,0.04330,0.05429,-5.00000,-0.83461,-0.07360,0.00000,0.00000
1722032054.297076,192.000,242.000,66.000,190.000,244.000,66.000,192.000,244.000,65.000, 0.179, 0.198,-2.000, 2.000,-2.000, 2.000,-11.188,11.188,10.126, 0.000,107.909,-56.643,65.0000,319.046,239.684,106.295,63.150,463.710, 2.217,-2.205,-0.157, 0.181,-4.504, 0.376,0.00000,0.00000,0.18102,0.04127,0.02897,0.00000,0.37594,0.05004,-5.00000,-0.49612,-0.07060,0.00000,0.00000
1722032054.482144,190.000,244.000,66.000,192.000,244.000,65.000,192.000,244.000,66.000, 0.198, 0.185, 2.000, 0.000, 2.000, 0.000,10.126, 0.000, 0.000, 0.000,-54.761, 0.000,66.0000,318.651,239.690,106.065,63.218,463.561, 2.217,-2.203,-0.177, 0.174,-5.053,-0.138,0.00000,0.00000,0.17371,0.04132,0.03566,0.00000,-0.13814,0.04412,-5.00000,0.05285,-0.06193,-1.00000,0.00000
1722032054.6579,192.000,244.000,65.000,192.000,244.000,66.000,190.000,244.000,66.000, 0.185, 0.176, 0.000, 0.000, 0.000, 0.000, 0.000, 0.000,-11.375, 0.000,-64.694, 0.000,66.0000,318.773,239.683,106.135,63.208,463.837, 2.219,-2.205,-0.184, 0.157,-5.073,-0.438,0.00000,0.00000,0.15652,0.04144,0.03921,0.00000,-0.43791,0.04457,-5.00000,0.07329,-0.06426,-1.00000,0.00000
1722032054.842918,192.000,244.000,66.000,190.000,244.000,66.000,190.000,244.000,66.000, 0.176, 0.185,-2.000, 0.000,-2.000, 0.000,-11.375, 0.000, 0.000, 0.000,61.504, 0.000,66.0000,318.546,239.495,106.001,63.145,463.072, 2.214,-2.200,-0.174, 0.180,-5.133, 0.126,0.00000,0.00000,0.18038,0.04099,0.03202,0.00000,0.12626,0.04365,-5.00000,0.13287,-0.06360,-1.00000,0.00000
1722032055.02856,190.000,244.000,66.000,190.000,244.000,66.000,192.000,244.000,66.000, 0.185, 0.185, 0.000, 0.000, 0.000, 0.000, 0.000, 0.000,10.789, 0.000,58.202, 0.000,66.0000,318.649,239.698,106.106,63.191,463.980, 2.220,-2.206,-0.178, 0.158,-4.901,-0.330,0.00000,0.00000,0.15825,0.04127,0.03877,0.00000,-0.32983,0.04660,-5.00000,-0.09903,-0.06293,-1.00000,0.00000
1722032055.203785,190.000,244.000,66.000,192.000,244.000,66.000,192.000,244.000,66.000, 0.185, 0.175, 2.000, 0.000, 2.000, 0.000,10.789, 0.000, 0.000, 0.000,-61.487, 0.000,66.0000,318.581,239.580,106.024,63.188,463.311, 2.216,-2.202,-0.187, 0.153,-5.324,-0.364,0.00000,0.00000,0.15291,0.04120,0.03920,0.00000,-0.36375,0.04073,-5.00000,0.32449,-0.06227,-1.00000,0.00000
1722032055.378898,192.000,244.000,66.000,192.000,244.000,66.000,190.000,244.000,66.000, 0.175, 0.175, 0.000, 0.000, 0.000, 0.000, 0.000, 0.000,-11.409, 0.000,-65.082, 0.000,66.0000,318.601,239.589,106.101,63.123,463.965, 2.218,-2.206,-0.177, 0.150,-4.923,-0.235,0.00000,0.00000,0.15046,0.04114,0.03814,0.00000,-0.23519,0.04614,-5.00000,-0.07678,-0.06160,-1.00000,0.00000
1722032055.554919,192.000,244.000,66.000,190.000,244.000,66.000,190.000,244.000,65.000, 0.175, 0.176,-2.000, 0.000,-2.000, 0.000,-11.409, 0.000, 0.000, 0.000,64.839, 0.000,65.0000,318.815,239.441,105.890,63.332,462.593, 2.214,-2.195,-0.178, 0.296,-5.395, 0.172,0.00000,0.00000,0.29605,0.03909,0.03330,0.00000,0.17225,0.03933,-5.00000,0.39466,-0.06093,-1.00000,0.00000
1722032055.7457879,190.000,244.000,66.000,190.000,244.000,65.000,190.000,244.000,66.000, 0.176, 0.191, 0.000, 0.000, 0.000, 0.000, 0.000, 0.000, 0.000, 0.000, 0.000, 0.000,66.0000,318.785,239.557,106.016,63.253,463.229, 2.215,-2.199,-0.176, 0.231,-5.187, 0.050,0.00000,0.00000,0.23120,0.04025,0.03522,0.00000,0.04991,0.04205,-5.00000,0.18694,-0.06027,-1.00000,0.00000
1722032055.9617379,190.000,244.000,65.000,190.000,244.000,66.000,192.000,244.000,66.000, 0.191, 0.216, 0.000, 0.000, 0.000, 0.000, 0.000, 0.000, 9.257, 0.000,42.843, 0.000,66.0000,318.666,239.582,105.944,63.281,462.829, 2.213,-2.197,-0.184, 0.216,-5.482,-0.051,0.00000,0.00000,0.21575,0.04015,0.03631,0.00000,-0.05131,0.03738,-5.00000,0.48193,-0.05960,-1.00000,0.00000
1722032056.14989,190.000,244.000,66.000,192.000,244.000,66.000,190.000,244.000,66.000, 0.216, 0.188, 2.000, 0.000, 2.000, 0.000, 9.257, 0.000,-10.630, 0.000,-105.694, 0.000,66.0000,318.821,239.570,106.073,63.215,462.900, 2.213,-2.199,-0.174, 0.200,-5.209, 0.162,0.00000,0.00000,0.20045,0.04020,0.03338,0.00000,0.16188,0.04055,-5.00000,0.20850,-0.05894,-1.00000,0.00000
1722032056.316316,192.000,244.000,66.000,190.000,244.000,66.000,192.000,244.000,65.000, 0.188, 0.166,-2.000, 0.000,-2.000, 0.000,-10.630, 0.000,12.019, 0.000,136.110, 0.000,65.0000,319.002,239.632,106.211,63.190,464.138, 2.219,-2.204,-0.172, 0.199,-4.839,-0.083,0.00000,0.00000,0.19939,0.04007,0.03668,0.00000,-0.08304,0.04471,-5.00000,-0.16063,-0.06694,0.00000,0.00000
1722032056.4957361,190.000,244.000,66.000,192.000,244.000,65.000,192.000,244.000,65.000, 0.166, 0.180, 2.000, 0.000, 2.000, 0.000,12.019, 0.000, 0.000, 0.000,-66.913, 0.000,65.0000,319.122,239.624,106.246,63.204,464.255, 2.220,-2.205,-0.169, 0.220,-4.702,-0.046,0.00000,0.00000,0.21957,0.03970,0.03598,0.00000,-0.04618,0.04633,-5.00000,-0.29829,-0.06394,0.00000,0.00000
1722032056.670382,192.000,244.000,65.000,192.000,244.000,65.000,190.000,244.000,66.000, 0.180, 0.175, 0.000, 0.000, 0.000, 0.000, 0.000, 0.000,-11.457, 0.000,-65.634, 0.000,66.0000,318.910,239.550,106.087,63.232,463.540, 2.216,-2.201,-0.173, 0.235,-5.032, 0.076,0.00000,0.00000,0.23514,0.03944,0.03448,0.00000,0.07565,0.04227,-5.00000,0.03188,-0.05527,-1.00000,0.00000
1722032056.861033,192.000,244.000,65.000,190.000,244.000,66.000,192.000,244.000,66.000, 0.175, 0.191,-2.000, 0.000,-2.000, 0.000,-11.457, 0.000,10.486, 0.000,115.041, 0.000,66.0000,319.079,239.557,106.217,63.189,464.294, 2.221,-2.206,-0.164, 0.238,-4.545, 0.053,0.00000,0.00000,0.23764,0.03933,0.03483,0.00000,0.05256,0.04928,-5.00000,-0.45537,-0.06627,0.00000,0.00000
1722032057.033154,190.000,244.000,66.000,192.000,244.000,66.000,192.000,244.000,66.000, 0.191, 0.172, 2.000, 0.000, 2.000, 0.000,10.486, 0.000, 0.000, 0.000,-61.026, 0.000,66.0000,320.544,239.597,107.162,62.882,464.632, 2.220,-2.212,-0.152, 0.063,-4.077, 0.229,0.00000,0.00000,0.06279,0.04158,0.03231,0.00000,0.22867,0.05577,-5.00000,-0.92304,-0.06327,0.00000,0.00000
1722032057.219721,192.000,244.000,66.000,192.000,244.000,66.000,192.000,244.000,66.000, 0.172, 0.186, 0.000, 0.000, 0.000, 0.000, 0.000, 0.000, 0.000, 0.000, 0.000, 0.000,66.0000,320.286,239.546,107.125,62.791,465.314, 2.223,-2.217,-0.155, 0.028,-3.940,-0.064,0.00000,0.00000,0.02772,0.04150,0.03606,0.00000,-0.06357,0.05876,-5.00000,-1.06025,-0.06327,0.00000,0.00000
1722032057.432503,192.000,244.000,66.000,192.000,244.000,66.000,192.000,246.000,66.000, 0.186, 0.213, 0.000, 0.000, 0.000, 0.000, 0.000, 0.000, 0.000, 9.372, 0.000,43.913,66.0000,319.617,239.882,106.623,63.148,465.311, 2.224,-2.212,-0.183, 0.111,-4.744,-0.728,0.00000,0.00000,0.11056,0.04026,0.04472,0.00000,-0.72771,0.04981,-5.00000,-0.25551,-0.06327,0.00000,0.00000
1722032057.659557,192.000,244.000,66.000,192.000,246.000,66.000,192.000,244.000,66.000, 0.213, 0.227, 0.000, 2.000, 0.000, 2.000, 0.000, 9.372, 0.000,-8.818, 0.000,-80.203,66.0000,319.614,239.334,106.511,63.022,463.886, 2.218,-2.204,-0.167, 0.178,-4.744, 0.101,0.00000,0.00000,0.17781,0.03955,0.03398,0.00000,0.10122,0.05153,-5.00000,-0.25592,-0.06327,0.00000,0.00000
1722032057.863827,192.000,246.000,66.000,192.000,244.000,66.000,190.000,244.000,65.000, 0.227, 0.204, 0.000,-2.000, 0.000,-2.000, 0.000,-8.818,-9.791, 0.000,-47.936,43.172,65.0000,319.257,239.159,106.553,62.751,463.461, 2.212,-2.204,-0.183, 0.008,-5.314,-0.202,0.00000,0.00000,0.00834,0.04195,0.03912,0.00000,-0.20213,0.04436,-5.00000,0.31364,-0.06327,0.00000,0.00000
1722032058.081554,192.000,244.000,66.000,190.000,244.000,65.000,192.000,244.000,65.000, 0.204, 0.218,-2.000, 0.000,-2.000, 0.000,-9.791, 0.000, 9.191, 0.000,87.230, 0.000,65.0000,319.374,239.157,106.635,62.724,463.942, 2.214,-2.207,-0.184,-0.000,-5.189,-0.362,0.00000,0.00000,-0.00047,0.04156,0.04122,0.00000,-0.36160,0.04627,-5.00000,0.18901,-0.06327,0.00000,0.00000
1722032058.297292,190.000,244.000,65.000,192.000,244.000,65.000,192.000,244.000,65.000, 0.218, 0.216, 2.000, 0.000, 2.000, 0.000, 9.191, 0.000, 0.000, 0.000,-42.644, 0.000,65.0000,319.374,239.157,106.635,62.724,463.942, 2.214,-2.207,-0.184,-0.000,-5.189,-0.362,0.00000,0.00000,-0.00047,0.04153,0.04171,0.00000,-0.36160,-0.08929,5.00000,10.18901,-0.06327,0.00000,0.00000
1722032058.541238,192.000,244.000,65.000,192.000,244.000,65.000,190.000,242.000,67.000, 0.216, 0.244, 0.000, 0.000, 0.000, 0.000, 0.000, 0.000,-8.192,-8.192,-33.551,-33.551,67.0000,319.372,239.170,106.657,62.707,464.407, 2.216,-2.208,-0.183, 0.002,-5.035,-0.413,0.00000,0.00000,0.00202,0.04150,0.04312,0.00000,-0.41304,-0.09256,5.00000,10.03529,-0.06327,0.00000,0.00000
1722032058.757437,192.000,244.000,65.000,190.000,242.000,67.000,192.000,244.000,65.000, 0.244, 0.216,-2.000,-2.000,-2.000,-2.000,-8.192,-8.192, 9.254, 9.254,80.719,80.719,65.0000,319.372,239.170,106.657,62.707,464.407, 2.216,-2.208,-0.183, 0.002,-5.035,-0.413,0.00000,0.00000,0.00202,0.04150,0.04387,0.00000,-0.41304,-0.11284,5.00000,10.03529,-0.06327,0.00000,0.00000
1722032058.9465752,190.000,242.000,67.000,192.000,244.000,65.000,208.000,244.000,67.000, 0.216, 0.189, 2.000, 2.000, 2.000, 2.000, 9.254, 9.254,84.537, 0.000,397.760,-48.893,67.0000,328.002,238.786,109.835,62.836,470.273,-2.201, 2.184, 0.010, 0.469, 1.353, 2.092,0.00000,0.00000,0.46913,0.03519,0.01088,0.00000,2.09207,-0.04666,5.00000,3.64748,-0.13262,8.00000,1.00000
1722032059.119817,192.000,244.000,65.000,208.000,244.000,67.000,222.000,244.000,68.000, 0.189, 0.173,16.000, 0.000,16.000, 0.000,84.537, 0.000,80.756, 0.000,-21.809, 0.000,68.0000,331.088,238.614,111.578,62.166,471.624,-2.179, 2.179,-0.069, 0.020, 4.208, 3.422,0.00000,0.00000,0.02014,0.04242,-0.00749,0.00000,3.42174,-0.02499,5.00000,0.79156,-0.13993,11.00000,1.00000
1722032059.313068,208.000,244.000,67.000,222.000,244.000,68.000,246.000,240.000,66.000, 0.173, 0.193,14.000, 0.000,14.000, 0.000,80.756, 0.000,124.313,-20.719,225.613,-107.317,66.0000,324.365,239.666,107.198,63.991,474.113,-2.190, 2.152,-0.027, 1.066, 3.547, 1.798,0.00000,0.00000,1.06595,0.02695,0.00958,0.00000,1.79847,-0.03978,5.00000,1.45303,-0.07757,4.00000,0.00000
1722032059.498038,222.000,244.000,68.000,246.000,240.000,66.000,272.000,242.000,67.000, 0.193, 0.185,24.000,-4.000,24.000,-4.000,124.313,-20.719,140.491,10.807,87.420,170.350,67.0000,316.707,241.920,106.441,62.560,473.606,-2.166, 2.181, 0.071,-0.357, 0.879,-0.597,0.00000,0.00000,-0.35749,0.04877,0.03589,0.00000,-0.59707,-0.07771,5.00000,4.12129,-0.04057,-3.00000,-1.00000
1722032059.677753,246.000,240.000,66.000,272.000,242.000,67.000,288.000,248.000,67.000, 0.185, 0.179,26.000, 2.000,26.000, 2.000,140.491,10.807,89.145,33.430,-286.078,126.043,67.0000,321.633,241.464,108.736,62.037,474.549,-2.158, 2.179, 0.074,-0.508, 1.087,-0.942,0.00000,0.00000,-0.50829,0.04671,0.03815,0.00000,-0.94226,-0.07913,5.00000,3.91319,-0.09427,1.00000,-1.00000
1722032059.867179,272.000,242.000,67.000,288.000,248.000,67.000,296.000,264.000,65.000, 0.179, 0.190,16.000, 6.000,16.000, 6.000,89.145,33.430,42.156,84.313,-247.611,268.133,65.0000,330.415,239.874,110.429,63.547,472.643,-2.194, 2.168, 0.014, 0.717, 1.917, 1.309,0.00000,0.00000,0.71656,0.02998,0.00912,0.00000,1.30931,-0.07606,5.00000,3.08326,-0.16094,10.00000,0.00000
1722032060.047829,288.000,248.000,67.000,296.000,264.000,65.000,304.000,290.000,66.000, 0.190, 0.181, 8.000,16.000, 8.000,16.000,42.156,84.313,44.237,143.770,11.504,328.772,66.0000,328.198,238.022,110.258,61.992,472.673,-2.180, 2.176,-0.030, 0.173, 3.264, 2.299,0.00000,0.00000,0.17268,0.04064,-0.00348,0.00000,2.29908,-0.06528,5.00000,1.73597,-0.12324,8.00000,1.00000
1722032060.253737,296.000,264.000,65.000,304.000,290.000,66.000,324.000,326.000,67.000, 0.181, 0.206, 8.000,26.000, 8.000,26.000,44.237,143.770,97.235,175.022,257.661,151.942,67.0000,319.768,238.252,106.582,61.939,475.387,-2.163, 2.160,-0.033, 0.193, 4.301, 1.427,0.00000,0.00000,0.19267,0.03865,0.00518,0.00000,1.42726,-0.05677,5.00000,0.69907,-0.06522,0.00000,1.00000
1722032060.432009,304.000,290.000,66.000,324.000,326.000,67.000,348.000,362.000,68.000, 0.206, 0.178,20.000,36.000,20.000,36.000,97.235,175.022,134.623,201.935,209.725,150.962,68.0000,318.601,241.178,106.983,62.329,475.788,-2.160, 2.172, 0.025,-0.236, 2.545, 0.157,0.00000,0.00000,-0.23570,0.04440,0.01816,0.00000,0.15736,-0.08344,5.00000,2.45537,-0.08057,-1.00000,-1.00000
1722032060.604494,324.000,326.000,67.000,348.000,362.000,68.000,372.000,354.000,65.000, 0.178, 0.172,24.000,36.000,24.000,36.000,134.623,201.935,139.260,-46.420,26.902,-1441.076,65.0000,319.609,242.536,107.899,62.011,479.058,-2.137, 2.161, 0.072,-0.526, 2.226,-2.017,0.00000,0.00000,-0.52628,0.04715,0.04529,0.00000,-2.01694,-0.09000,5.00000,2.77356,-0.09158,0.00000,-2.00000
1722032060.7692769,348.000,362.000,68.000,372.000,354.000,65.000,402.000,338.000,65.000, 0.172, 0.165,24.000,-8.000,24.000,-8.000,139.260,-46.420,181.813,-96.967,257.889,-306.336,65.0000,325.589,242.173,109.028,63.676,475.452,-2.173, 2.164, 0.028, 0.331, 2.278, 0.209,0.00000,0.00000,0.33055,0.03497,0.01600,0.00000,0.20939,-0.09436,5.00000,2.72176,-0.13192,5.00000,-2.00000
1722032060.959041,372.000,354.000,65.000,402.000,338.000,65.000,436.000,306.000,66.000, 0.165, 0.190,30.000,-16.000,30.000,-16.000,181.813,-96.967,179.349,-168.799,-12.998,-378.910,66.0000,327.065,238.186,109.454,62.291,474.249,-2.179, 2.167,-0.018, 0.398, 3.228, 1.697,0.00000,0.00000,0.39798,0.03647,-0.00116,0.00000,1.69729,-0.08706,5.00000,1.77197,-0.13758,7.00000,1.00000
1722032061.154506,402.000,338.000,65.000,436.000,306.000,66.000,454.000,248.000,68.000, 0.190, 0.195,34.000,-32.000,34.000,-32.000,179.349,-168.799,92.077,-296.692,-446.428,-654.220,68.0000,323.354,235.902,108.531,60.839,471.648,-2.176, 2.180,-0.046,-0.065, 3.705, 2.742,0.00000,0.00000,-0.06455,0.04272,-0.01642,0.00000,2.74229,-0.08558,5.00000,1.29480,-0.10156,3.00000,4.00000
1722032061.3471239,436.000,306.000,66.000,454.000,248.000,68.000,442.000,200.000,66.000, 0.195, 0.188,18.000,-58.000,18.000,-58.000,92.077,-296.692,-63.908,-255.633,-830.729,218.664,66.0000,320.219,239.893,107.808,61.275,477.989,-2.138, 2.161,-0.010,-0.460, 4.409, 0.155,0.00000,0.00000,-0.46042,0.04671,0.01460,0.00000,0.15495,-0.07939,5.00000,0.59100,-0.08956,0.00000,0.00000
1722032061.5289521,454.000,248.000,68.000,442.000,200.000,66.000,426.000,166.000,67.000, 0.188, 0.187,-12.000,-48.000,-12.000,-48.000,-63.908,-255.633,-85.690,-182.091,-116.653,393.866,67.0000,321.405,244.359,108.318,62.991,478.809,-2.133, 2.156, 0.019,-0.437, 3.925,-0.927,0.00000,0.00000,-0.43664,0.04543,0.02502,0.00000,-0.92748,-0.08816,5.00000,1.07487,-0.10724,1.00000,-4.00000
1722032061.732199,442.000,200.000,66.000,426.000,166.000,67.000,416.000,150.000,67.000, 0.187, 0.203,-16.000,-34.000,-16.000,-34.000,-85.690,-182.091,-49.182,-78.692,179.552,508.540,67.0000,325.486,243.392,109.483,63.628,476.687,-2.165, 2.167, 0.036, 0.041, 2.212,-0.128,0.00000,0.00000,0.04128,0.03927,0.01445,0.00000,-0.12804,-0.11270,5.00000,2.78805,-0.13958,5.00000,-3.00000
1722032061.924166,426.000,166.000,67.000,416.000,150.000,67.000,426.000,152.000,67.000, 0.203, 0.192,-10.000,-16.000,-10.000,-16.000,-49.182,-78.692,52.109,10.422,527.816,464.360,67.0000,324.454,237.365,108.508,61.599,475.747,-2.165, 2.159,-0.020, 0.251, 3.917, 1.116,0.00000,0.00000,0.25108,0.03785,-0.00089,0.00000,1.11617,-0.09269,5.00000,1.08308,-0.12222,4.00000,2.00000
1722032062.101844,416.000,150.000,67.000,426.000,152.000,67.000,438.000,172.000,67.000, 0.192, 0.178,10.000, 2.000,10.000, 2.000,52.109,10.422,67.528,112.546,86.767,574.686,67.0000,323.434,236.158,108.591,60.535,475.880,-2.154, 2.164,-0.058,-0.169, 5.091, 1.991,0.00000,0.00000,-0.16904,0.04402,-0.01307,0.00000,1.99146,-0.08156,5.00000,-0.09142,-0.11922,3.00000,3.00000
1722032062.291211,426.000,152.000,67.000,438.000,172.000,67.000,450.000,212.000,67.000, 0.178, 0.189,12.000,20.000,12.000,20.000,67.528,112.546,63.368,211.227,-21.966,521.100,67.0000,321.234,239.132,107.753,61.351,478.377,-2.138, 2.153,-0.035,-0.237, 5.265, 0.593,0.00000,0.00000,-0.23703,0.04377,0.00315,0.00000,0.59287,-0.08079,5.00000,-0.26508,-0.10689,1.00000,0.00000
1722032062.479885,438.000,172.000,67.000,450.000,212.000,67.000,454.000,260.000,67.000, 0.189, 0.189,12.000,40.000,12.000,40.000,63.368,211.227,21.206,254.472,-223.522,229.263,67.0000,320.802,242.967,108.231,62.404,478.453,-2.137, 2.165,-0.032,-0.597, 4.882, 0.837,0.00000,0.00000,-0.59663,0.04854,-0.00344,0.00000,0.83745,-0.08569,5.00000,0.11773,-0.10489,0.00000,-2.00000
1722032062.6909811,450.000,212.000,67.000,454.000,260.000,67.000,444.000,304.000,67.000, 0.189, 0.211, 4.000,48.000, 4.000,48.000,21.206,254.472,-47.357,208.372,-324.697,-218.316,67.0000,322.704,242.998,107.964,63.412,479.548,-2.150, 2.146, 0.059, 0.238, 2.593,-1.747,0.00000,0.00000,0.23755,0.03649,0.03015,0.00000,-1.74713,-0.11625,5.00000,2.40659,-0.12523,2.00000,-2.00000
1722032062.887181,454.000,260.000,67.000,444.000,304.000,67.000,414.000,340.000,66.000, 0.211, 0.196,-10.000,44.000,-10.000,44.000,-47.357,208.372,-152.957,183.548,-538.404,-126.567,66.0000,324.349,240.251,108.841,62.142,478.317,-2.149, 2.152, 0.021, 0.051, 3.513,-0.622,0.00000,0.00000,0.05131,0.04139,0.01457,0.00000,-0.62180,-0.10520,5.00000,1.48685,-0.13789,4.00000,0.00000
1722032063.0811808,444.000,304.000,67.000,414.000,340.000,66.000,388.000,354.000,66.000, 0.196, 0.194,-30.000,36.000,-30.000,36.000,-152.957,183.548,-133.900,72.100,98.139,-573.957,66.0000,324.679,236.981,108.669,60.946,478.707,-2.144, 2.146,-0.028, 0.108, 5.140, 0.348,0.00000,0.00000,0.10829,0.04004,0.00440,0.00000,0.34845,-0.08759,5.00000,-0.14029,-0.13455,4.00000,3.00000
1722032063.27761,414.000,340.000,66.000,388.000,354.000,66.000,388.000,354.000,65.000, 0.194, 0.196,-26.000,14.000,-26.000,14.000,-133.900,72.100, 0.000, 0.000,681.903,-367.179,65.0000,321.908,237.994,107.964,61.074,477.292,-2.144, 2.156,-0.045,-0.201, 5.294, 1.136,0.00000,0.00000,-0.20099,0.04433,-0.00547,0.00000,1.13610,-0.08768,5.00000,-0.29398,-0.11121,1.00000,2.00000
1722032063.4850318,388.000,354.000,66.000,388.000,354.000,65.000,412.000,340.000,65.000, 0.196, 0.207, 0.000, 0.000, 0.000, 0.000, 0.000, 0.000,115.867,-67.589,559.382,-326.306,65.0000,320.085,241.801,107.847,62.193,476.536,-2.147, 2.170,-0.023,-0.505, 4.246, 1.012,0.00000,0.00000,-0.50506,0.04761,-0.00489,0.00000,1.01227,-0.10146,5.00000,0.75357,-0.11221,0.00000,-1.00000
1722032063.707676,388.000,354.000,65.000,412.000,340.000,65.000,438.000,308.000,64.000, 0.207, 0.223,24.000,-14.000,24.000,-14.000,115.867,-67.589,116.626,-143.540, 3.404,-340.685,64.0000,322.045,243.102,108.444,62.931,477.085,-2.149, 2.165, 0.000,-0.317, 3.682, 0.320,0.00000,0.00000,-0.31680,0.04440,0.00225,0.00000,0.31978,-0.10901,5.00000,1.31788,-0.13256,2.00000,-3.00000
1722032063.889463,412.000,340.000,65.000,438.000,308.000,64.000,456.000,272.000,67.000, 0.223, 0.182,26.000,-32.000,26.000,-32.000,116.626,-143.540,98.936,-197.873,-97.230,-298.640,67.0000,323.949,242.375,109.003,62.736,478.246,-2.146, 2.158, 0.010,-0.164, 3.724,-0.226,0.00000,0.00000,-0.16442,0.04307,0.00794,0.00000,-0.22621,-0.11023,5.00000,1.27592,-0.13655,3.00000,-2.00000
1722032064.0650141,438.000,308.000,64.000,456.000,272.000,67.000,456.000,236.000,65.000, 0.182, 0.176,18.000,-36.000,18.000,-36.000,98.936,-197.873, 0.000,-205.065,-563.567,-40.971,65.0000,323.454,239.354,108.113,61.686,481.865,-2.133, 2.138,-0.051, 0.061, 6.256, 0.468,0.00000,0.00000,0.06145,0.04056,-0.00179,0.00000,0.46757,-0.07867,5.00000,-1.25581,-0.13555,3.00000,0.00000
1722032064.249588,456.000,272.000,67.000,456.000,236.000,65.000,448.000,208.000,64.000, 0.176, 0.184, 0.000,-36.000, 0.000,-36.000, 0.000,-205.065,-43.389,-151.862,-235.327,288.557,64.0000,322.730,238.382,108.381,61.024,478.198,-2.137, 2.153,-0.041,-0.265, 5.470, 0.727,0.00000,0.00000,-0.26482,0.04561,-0.00518,0.00000,0.72693,-0.09057,5.00000,-0.46999,-0.12887,2.00000,1.00000
1722032064.423521,456.000,236.000,65.000,448.000,208.000,64.000,444.000,198.000,66.000, 0.184, 0.174,-8.000,-28.000,-8.000,-28.000,-43.389,-151.862,-22.973,-57.433,117.255,542.333,66.0000,320.376,239.120,107.590,61.382,477.036,-2.147, 2.163,-0.045,-0.329, 5.000, 1.406,0.00000,0.00000,-0.32852,0.04563,-0.01541,0.00000,1.40597,-0.09479,5.00000,-0.00023,-0.11587,0.00000,0.00000
1722032064.611609,448.000,208.000,64.000,444.000,198.000,66.000,444.000,194.000,67.000, 0.174, 0.188,-4.000,-10.000,-4.000,-10.000,-22.973,-57.433, 0.000,-21.288,122.261,192.362,67.0000,320.600,241.883,107.795,62.242,478.328,-2.139, 2.157, 0.008,-0.321, 4.016,-0.415,0.00000,0.00000,-0.32062,0.04549,0.00738,0.00000,-0.41542,-0.10738,5.00000,0.98447,-0.12188,0.00000,-1.00000
1722032064.78594,444.000,198.000,66.000,444.000,194.000,67.000,448.000,198.000,66.000, 0.188, 0.174, 0.000,-4.000, 0.000,-4.000, 0.000,-21.288,22.945,22.945,131.621,253.734,66.0000,322.201,241.860,108.624,61.899,479.722,-2.131, 2.153, 0.015,-0.425, 4.169,-0.921,0.00000,0.00000,-0.42532,0.04709,0.01230,0.00000,-0.92074,-0.10580,5.00000,0.83098,-0.13922,2.00000,-1.00000
1722032064.947507,444.000,194.000,67.000,448.000,198.000,66.000,452.000,212.000,66.000, 0.174, 0.162, 4.000, 4.000, 4.000, 4.000,22.945,22.945,24.738,86.582,11.086,393.560,66.0000,323.262,241.033,108.878,61.908,478.643,-2.138, 2.157,-0.020,-0.353, 4.767, 0.350,0.00000,0.00000,-0.35319,0.04601,-0.00378,0.00000,0.35036,-0.09962,5.00000,0.23331,-0.14321,3.00000,-1.00000
1722032065.129219,448.000,198.000,66.000,452.000,212.000,66.000,456.000,232.000,67.000, 0.162, 0.182, 4.000,14.000, 4.000,14.000,24.738,86.582,22.006,110.031,-15.028,129.004,67.0000,321.867,238.519,107.588,61.649,478.330,-2.150, 2.152,-0.036, 0.081, 4.973, 0.931,0.00000,0.00000,0.08141,0.04054,-0.01041,0.00000,0.93122,-0.09820,5.00000,0.02715,-0.12487,1.00000,1.00000
1722032065.312997,452.000,212.000,66.000,456.000,232.000,67.000,452.000,258.000,65.000, 0.182, 0.184, 4.000,20.000, 4.000,20.000,22.006,110.031,-21.788,141.621,-238.546,172.073,65.0000,320.845,238.072,107.779,60.930,477.265,-2.146, 2.162,-0.034,-0.302, 4.767, 1.083,0.00000,0.00000,-0.30161,0.04698,-0.01344,0.00000,1.08259,-0.10134,5.00000,0.23297,-0.12287,0.00000,1.00000
1722032065.4993432,456.000,232.000,67.000,452.000,258.000,65.000,450.000,280.000,65.000, 0.184, 0.186,-4.000,26.000,-4.000,26.000,-21.788,141.621,-10.726,117.981,59.325,-126.779,65.0000,321.815,241.173,107.691,62.368,479.117,-2.136, 2.145,-0.028,-0.062, 5.393, 0.122,0.00000,0.00000,-0.06190,0.04274,-0.00242,0.00000,0.12247,-0.09305,5.00000,-0.39310,-0.13454,1.00000,-1.00000
1722032065.690615,452.000,258.000,65.000,450.000,280.000,65.000,442.000,300.000,65.000, 0.186, 0.191,-2.000,22.000,-2.000,22.000,-10.726,117.981,-41.808,104.521,-162.439,-70.344,65.0000,322.137,242.321,107.798,62.893,479.582,-2.139, 2.144, 0.005, 0.054, 4.429,-0.711,0.00000,0.00000,0.05351,0.04193,0.00715,0.00000,-0.71093,-0.10622,5.00000,0.57118,-0.14088,2.00000,-2.00000
1722032065.871831,450.000,280.000,65.000,442.000,300.000,65.000,434.000,312.000,64.000, 0.191, 0.181,-8.000,20.000,-8.000,20.000,-41.808,104.521,-44.143,66.215,-12.885,-211.367,64.0000,321.626,240.027,108.050,61.538,479.176,-2.137, 2.152, 0.002,-0.232, 4.367,-0.472,0.00000,0.00000,-0.23242,0.04611,0.00409,0.00000,-0.47161,-0.10675,5.00000,0.63345,-0.13053,1.00000,0.00000
1722032066.055237,442.000,300.000,65.000,434.000,312.000,64.000,430.000,318.000,66.000, 0.181, 0.183,-8.000,12.000,-8.000,12.000,-44.143,66.215,-21.835,32.752,121.775,-182.663,66.0000,321.442,238.342,108.026,60.918,478.002,-2.140, 2.158,-0.033,-0.327, 5.028, 0.751,0.00000,0.00000,-0.32735,0.04665,-0.01112,0.00000,0.75126,-0.09900,5.00000,-0.02754,-0.13420,1.00000,1.00000
1722032066.235768,434.000,312.000,64.000,430.000,318.000,66.000,432.000,316.000,66.000, 0.183, 0.181,-4.000, 6.000,-4.000, 6.000,-21.835,32.752,11.079,-11.079,182.320,-242.795,66.0000,321.921,239.514,108.025,61.285,479.743,-2.129, 2.146,-0.019,-0.238, 5.339,-0.292,0.00000,0.00000,-0.23770,0.04532,0.00330,0.00000,-0.29230,-0.09574,5.00000,-0.33874,-0.13487,1.00000,0.00000
1722032066.400773,430.000,318.000,66.000,432.000,316.000,66.000,436.000,306.000,64.000, 0.181, 0.165, 2.000,-2.000, 2.000,-2.000,11.079,-11.079,24.211,-60.526,79.482,-299.290,64.0000,321.500,239.890,107.642,61.869,478.745,-2.141, 2.149,-0.017,-0.052, 4.822, 0.075,0.00000,0.00000,-0.05187,0.04320,-0.00264,0.00000,0.07479,-0.10250,5.00000,0.17753,-0.13554,1.00000,0.00000
1722032066.6030478,432.000,316.000,66.000,436.000,306.000,64.000,448.000,290.000,65.000, 0.165, 0.202, 4.000,-10.000, 4.000,-10.000,24.211,-60.526,59.328,-79.103,173.617,-91.843,65.0000,320.746,240.359,107.562,61.765,479.707,-2.137, 2.150, 0.000,-0.157, 4.471,-0.465,0.00000,0.00000,-0.15662,0.04520,0.00505,0.00000,-0.46456,-0.10683,5.00000,0.52940,-0.12753,0.00000,0.00000
1722032066.801156,436.000,306.000,64.000,448.000,290.000,65.000,452.000,272.000,66.000, 0.202, 0.197,12.000,-16.000,12.000,-16.000,59.328,-79.103,20.256,-91.150,-197.856,-61.002,66.0000,320.770,239.723,107.446,61.700,479.185,-2.142, 2.150,-0.000,-0.068, 4.333,-0.302,0.00000,0.00000,-0.06779,0.04376,0.00297,0.00000,-0.30221,-0.10921,5.00000,0.66706,-0.13054,0.00000,0.00000
1722032066.971678,448.000,290.000,65.000,452.000,272.000,66.000,454.000,258.000,64.000, 0.197, 0.171, 4.000,-18.000, 4.000,-18.000,20.256,-91.150,11.689,-81.822,-50.067,54.518,64.0000,322.480,239.358,108.311,61.763,475.623,-2.154, 2.165,-0.042,-0.212, 4.646, 1.567,0.00000,0.00000,-0.21185,0.04601,-0.02141,0.00000,1.56708,-0.10611,5.00000,0.35370,-0.14787,2.00000,0.00000
1722032067.158616,452.000,272.000,66.000,454.000,258.000,64.000,456.000,244.000,66.000, 0.171, 0.187, 2.000,-14.000, 2.000,-14.000,11.689,-81.822,10.700,-74.902,-5.288,37.019,66.0000,322.608,239.172,107.853,61.863,478.831,-2.144, 2.149,-0.066, 0.002, 6.032, 1.507,0.00000,0.00000,0.00195,0.04279,-0.02092,0.00000,1.50667,-0.08857,5.00000,-1.03249,-0.14320,2.00000,0.00000
1722032067.3179111,454.000,258.000,64.000,456.000,244.000,66.000,452.000,240.000,66.000, 0.187, 0.159, 2.000,-14.000, 2.000,-14.000,10.700,-74.902,-25.200,-25.200,-226.172,313.125,66.0000,319.933,239.810,106.782,61.183,484.669,-2.112, 2.127,-0.047,-0.133, 7.104,-0.530,0.00000,0.00000,-0.13308,0.04526,0.00347,0.00000,-0.53007,-0.07412,5.00000,-2.10439,-0.12719,0.00000,0.00000
1722032067.493103,456.000,244.000,66.000,452.000,240.000,66.000,450.000,242.000,65.000, 0.159, 0.176,-4.000,-4.000,-4.000,-4.000,-25.200,-25.200,-11.389,11.389,78.646,208.349,65.0000,318.726,240.664,106.225,61.750,484.398,-2.121, 2.129,-0.015, 0.044, 5.947,-1.145,0.00000,0.00000,0.04401,0.04253,0.00977,0.00000,-1.14487,-0.08716,5.00000,-0.94675,-0.12453,-1.00000,0.00000
1722032067.682594,452.000,240.000,66.000,450.000,242.000,65.000,452.000,256.000,66.000, 0.176, 0.189,-2.000, 2.000,-2.000, 2.000,-11.389,11.389,10.561,73.930,115.912,330.260,66.0000,319.014,239.538,107.111,61.318,479.265,-2.141, 2.160,-0.050,-0.391, 5.391, 1.318,0.00000,0.00000,-0.39103,0.04891,-0.02211,0.00000,1.31788,-0.09103,5.00000,-0.39119,-0.13554,0.00000,0.00000
1722032067.859757,450.000,242.000,65.000,452.000,256.000,66.000,450.000,272.000,65.000, 0.189, 0.177, 2.000,14.000, 2.000,14.000,10.561,73.930,-11.281,90.249,-123.204,92.050,65.0000,320.139,240.056,107.517,61.595,478.484,-2.143, 2.156, 0.038,-0.201, 3.115,-1.136,0.00000,0.00000,-0.20076,0.04523,0.01208,0.00000,-1.13585,-0.12014,5.00000,1.88485,-0.13253,0.00000,0.00000
1722032068.0569248,452.000,256.000,66.000,450.000,272.000,65.000,444.000,294.000,66.000, 0.177, 0.197,-2.000,16.000,-2.000,16.000,-11.281,90.249,-30.428,111.570,-97.101,108.125,66.0000,321.487,240.077,107.745,61.832,479.157,-2.142, 2.149, 0.021,-0.033, 3.807,-0.920,0.00000,0.00000,-0.03336,0.04364,0.00775,0.00000,-0.91966,-0.11115,5.00000,1.19342,-0.14120,1.00000,0.00000
1722032068.269435,450.000,272.000,65.000,444.000,294.000,66.000,436.000,314.000,66.000, 0.197, 0.213,-6.000,22.000,-6.000,22.000,-30.428,111.570,-37.644,94.111,-33.956,-82.153,66.0000,321.611,240.279,107.875,61.663,479.842,-2.132, 2.146,-0.006,-0.175, 4.886,-0.575,0.00000,0.00000,-0.17527,0.04608,0.00525,0.00000,-0.57480,-0.03251,0.00000,-4.88562,-0.13887,1.00000,0.00000
1722032068.4757152,444.000,294.000,66.000,436.000,314.000,66.000,428.000,322.000,66.000, 0.213, 0.206,-8.000,20.000,-8.000,20.000,-37.644,94.111,-38.796,38.796,-5.587,-268.251,66.0000,322.038,239.221,107.578,61.971,478.197,-2.148, 2.149,-0.027, 0.126, 4.889, 0.538,0.00000,0.00000,0.12611,0.04167,-0.00810,0.00000,0.53770,-0.03184,0.00000,-4.88853,-0.14820,2.00000,0.00000
1722032068.7063448,436.000,314.000,66.000,428.000,322.000,66.000,424.000,322.000,65.000, 0.206, 0.231,-8.000, 8.000,-8.000, 8.000,-38.796,38.796,-17.336, 0.000,93.009,-168.144,65.0000,319.959,238.522,106.247,62.367,476.776,-2.165, 2.151,-0.011, 0.497, 3.909, 0.662,0.00000,0.00000,0.49653,0.03751,-0.00918,0.00000,0.66183,-0.03530,0.00000,-3.90852,-0.12919,0.00000,1.00000
1722032068.883544,428.000,322.000,66.000,424.000,322.000,65.000,424.000,318.000,66.000, 0.231, 0.177,-4.000, 0.000,-4.000, 0.000,-17.336, 0.000, 0.000,-22.589,97.899,-127.560,66.0000,315.366,239.187,105.367,61.511,477.894,-2.151, 2.157, 0.060,-0.056, 2.236,-1.406,0.00000,0.00000,-0.05594,0.04583,0.01759,0.00000,-1.40551,-0.04860,0.00000,-2.23629,-0.10052,-4.00000,0.00000
1722032069.076878,424.000,322.000,65.000,424.000,318.000,66.000,422.000,322.000,65.000, 0.177, 0.193, 0.000,-4.000, 0.000,-4.000, 0.000,-22.589,-10.356,20.711,-53.619,224.198,65.0000,315.828,241.140,105.556,62.416,476.764,-2.154, 2.159, 0.072,-0.049, 1.754,-1.586,0.00000,0.00000,-0.04916,0.04411,0.01973,0.00000,-1.58587,-0.04812,0.00000,-1.75426,-0.10987,-4.00000,-1.00000
1722032069.263641,424.000,318.000,66.000,422.000,322.000,65.000,422.000,328.000,66.000, 0.193, 0.187,-2.000, 4.000,-2.000, 4.000,-10.356,20.711, 0.000,32.082,55.371,60.799,66.0000,319.958,240.512,106.592,63.145,474.742,-2.180, 2.165, 0.080, 0.425, 0.629,-0.849,0.00000,0.00000,0.42469,0.03776,0.01269,0.00000,-0.84931,-0.05909,0.00000,-0.62885,-0.14188,0.00000,0.00000
1722032069.4374468,422.000,322.000,65.000,422.000,328.000,66.000,414.000,332.000,66.000, 0.187, 0.174, 0.000, 6.000, 0.000, 6.000, 0.000,32.082,-46.020,23.010,-264.725,-52.187,66.0000,320.770,238.193,107.196,61.982,473.436,-2.179, 2.173, 0.029, 0.219, 1.822, 0.658,0.00000,0.00000,0.21886,0.04175,-0.00486,0.00000,0.65786,-0.04003,0.00000,-1.82217,-0.12987,0.00000,1.00000
1722032069.6354969,422.000,328.000,66.000,414.000,332.000,66.000,412.000,334.000,65.000, 0.174, 0.198,-8.000, 4.000,-8.000, 4.000,-46.020,23.010,-10.104,10.104,181.440,-65.199,65.0000,318.749,238.495,106.441,61.930,474.093,-2.171, 2.170,-0.001, 0.108, 2.947, 1.116,0.00000,0.00000,0.10761,0.04252,-0.01009,0.00000,1.11595,-0.02300,0.00000,-2.94666,-0.12120,-1.00000,1.00000
1722032069.828328,414.000,332.000,66.000,412.000,334.000,65.000,418.000,328.000,66.000, 0.198, 0.193,-2.000, 2.000,-2.000, 2.000,-10.104,10.104,31.099,-31.099,213.556,-213.556,66.0000,316.362,239.846,105.430,62.323,475.900,-2.162, 2.161, 0.035, 0.141, 2.489,-0.363,0.00000,0.00000,0.14070,0.04169,0.00833,0.00000,-0.36274,-0.02498,0.00000,-2.48907,-0.10620,-3.00000,0.00000
1722032069.993858,412.000,334.000,65.000,418.000,328.000,66.000,418.000,326.000,65.000, 0.193, 0.165, 6.000,-6.000, 6.000,-6.000,31.099,-31.099, 0.000,-12.090,-187.990,114.907,65.0000,315.946,242.079,105.642,62.864,476.469,-2.160, 2.162, 0.107,-0.037, 0.559,-2.236,0.00000,0.00000,-0.03692,0.04412,0.03212,0.00000,-2.23566,-0.04538,0.00000,-0.55854,-0.10154,-4.00000,-2.00000
1722032070.172097,418.000,328.000,66.000,418.000,326.000,65.000,416.000,330.000,66.000, 0.165, 0.178, 0.000,-2.000, 0.000,-2.000, 0.000,-12.090,-11.215,22.431,-62.894,193.584,66.0000,316.878,241.821,106.030,62.854,475.591,-2.165, 2.167, 0.103,-0.035, 0.409,-1.854,0.00000,0.00000,-0.03517,0.04358,0.02862,0.00000,-1.85444,-0.04338,0.00000,-0.40943,-0.11055,-3.00000,-1.00000
1722032070.379839,418.000,326.000,65.000,416.000,330.000,66.000,408.000,338.000,65.000, 0.178, 0.208,-2.000, 4.000,-2.000, 4.000,-11.215,22.431,-38.469,38.469,-131.053,77.122,65.0000,320.053,238.767,106.963,62.162,473.879,-2.181, 2.173, 0.081, 0.221, 0.347,-0.602,0.00000,0.00000,0.22099,0.04014,0.01600,0.00000,-0.60248,-0.04318,0.00000,-0.34704,-0.13155,0.00000,1.00000
1722032070.5638459,416.000,330.000,66.000,408.000,338.000,65.000,400.000,342.000,65.000, 0.208, 0.184,-8.000, 8.000,-8.000, 8.000,-38.469,38.469,-43.527,21.763,-27.519,-90.893,65.0000,321.098,237.488,107.615,61.350,474.171,-2.173, 2.173, 0.042, 0.053, 1.628, 0.135,0.00000,0.00000,0.05293,0.04307,0.00914,0.00000,0.13450,-0.02510,0.00000,-1.62822,-0.13121,1.00000,2.00000
1722032070.745895,408.000,338.000,65.000,400.000,342.000,65.000,398.000,344.000,64.000, 0.184, 0.182,-8.000, 4.000,-8.000, 4.000,-43.527,21.763,-10.973,10.973,178.612,-59.202,64.0000,318.465,238.408,106.333,61.988,473.271,-2.179, 2.175, 0.026, 0.155, 1.843, 0.797,0.00000,0.00000,0.15540,0.04115,0.00104,0.00000,0.79665,-0.02086,0.00000,-1.84341,-0.11154,-1.00000,1.00000
1722032070.925204,400.000,342.000,65.000,398.000,344.000,64.000,400.000,344.000,68.000, 0.182, 0.179,-2.000, 2.000,-2.000, 2.000,-10.973,10.973,11.184, 0.000,123.903,-61.363,68.0000,316.124,241.040,105.806,62.465,475.004,-2.164, 2.171, 0.064,-0.117, 1.396,-0.767,0.00000,0.00000,-0.11657,0.04506,0.02155,0.00000,-0.76733,-0.02354,0.00000,-1.39613,-0.09954,-3.00000,-1.00000
1722032071.113346,398.000,344.000,64.000,400.000,344.000,68.000,408.000,338.000,66.000, 0.179, 0.188, 2.000, 0.000, 2.000, 0.000,11.184, 0.000,42.486,-31.864,166.236,-169.223,66.0000,316.405,241.852,106.166,62.676,474.200,-2.169, 2.177, 0.119,-0.244,-0.447,-1.824,0.00000,0.00000,-0.24430,0.04602,0.03501,0.00000,-1.82448,-0.04496,0.00000,0.44693,-0.10355,-3.00000,-1.00000
1722032071.2943192,400.000,344.000,68.000,408.000,338.000,66.000,412.000,334.000,66.000, 0.188, 0.181, 8.000,-6.000, 8.000,-6.000,42.486,-31.864,22.066,-22.066,-112.646,54.052,66.0000,319.174,239.620,106.701,62.466,472.916,-2.182, 2.176, 0.107, 0.142,-0.463,-1.140,0.00000,0.00000,0.14226,0.04054,0.02783,0.00000,-1.14041,-0.04331,0.00000,0.46334,-0.12756,0.00000,0.00000
1722032071.4922628,408.000,338.000,66.000,412.000,334.000,66.000,418.000,328.000,66.000, 0.181, 0.198, 4.000,-4.000, 4.000,-4.000,22.066,-22.066,30.316,-30.316,41.682,-41.682,66.0000,320.704,238.158,107.481,61.719,472.960,-2.181, 2.180, 0.059, 0.056, 0.752, 0.134,0.00000,0.00000,0.05609,0.04279,0.01393,0.00000,0.13397,-0.02780,0.00000,-0.75211,-0.11855,0.00000,1.00000
1722032071.6845288,412.000,334.000,66.000,418.000,328.000,66.000,424.000,322.000,66.000, 0.198, 0.190, 6.000,-6.000, 6.000,-6.000,30.316,-30.316,31.520,-31.520, 6.327,-6.327,66.0000,319.269,238.090,106.907,61.781,470.871,-2.187, 2.188, 0.021, 0.010, 1.373, 1.531,0.00000,0.00000,0.01005,0.04313,-0.00328,0.00000,1.53093,-0.01975,0.00000,-1.37264,-0.11855,0.00000,1.00000
1722032071.877909,418.000,328.000,66.000,424.000,322.000,66.000,426.000,318.000,65.000, 0.190, 0.195, 6.000,-6.000, 6.000,-6.000,31.520,-31.520,10.238,-20.477,-108.945,56.533,65.0000,317.681,239.698,106.733,61.710,474.448,-2.166, 2.179, 0.059,-0.278, 1.238,-0.343,0.00000,0.00000,-0.27787,0.04687,0.02105,0.00000,-0.34268,-0.01976,0.00000,-1.23756,-0.10121,-2.00000,0.00000
1722032072.073764,424.000,322.000,66.000,426.000,318.000,65.000,428.000,316.000,66.000, 0.195, 0.196, 2.000,-4.000, 2.000,-4.000,10.238,-20.477,10.225,-10.225,-0.070,52.411,66.0000,317.229,240.727,105.725,62.850,475.730,-2.170, 2.163, 0.075, 0.242, 1.120,-1.076,0.00000,0.00000,0.24215,0.03913,0.02882,0.00000,-1.07576,-0.01867,0.00000,-1.12000,-0.10588,-2.00000,0.00000
1722032072.2455711,426.000,318.000,65.000,428.000,316.000,66.000,428.000,316.000,66.000, 0.196, 0.172, 2.000,-2.000, 2.000,-2.000,10.225,-10.225, 0.000, 0.000,-59.539,59.539,66.0000,318.711,240.309,106.897,62.325,473.457,-2.175, 2.179, 0.086,-0.098, 0.232,-0.733,0.00000,0.00000,-0.09780,0.04516,0.02524,0.00000,-0.73267,-0.02825,0.00000,-0.23171,-0.11322,-1.00000,0.00000
1722032072.433528,428.000,316.000,66.000,428.000,316.000,66.000,426.000,318.000,66.000, 0.172, 0.188, 0.000, 0.000, 0.000, 0.000, 0.000, 0.000,-10.634,10.634,-56.541,56.541,66.0000,318.962,238.629,106.321,62.369,472.518,-2.188, 2.176, 0.061, 0.321, 0.642, 0.159,0.00000,0.00000,0.32086,0.03853,0.01518,0.00000,0.15880,-0.02091,0.00000,-0.64210,-0.10955,-1.00000,1.00000
1722032072.6197948,428.000,316.000,66.000,426.000,318.000,66.000,420.000,322.000,66.000, 0.188, 0.186,-2.000, 2.000,-2.000, 2.000,-10.634,10.634,-32.178,21.452,-115.540,58.017,66.0000,318.908,239.304,106.802,62.311,470.052,-2.196, 2.195, 0.063, 0.010,-0.185, 0.887,0.00000,0.00000,0.01046,0.04382,0.00637,0.00000,0.88721,-0.03141,0.00000,0.18519,-0.10889,-1.00000,0.00000
1722032072.8117719,426.000,318.000,66.000,420.000,322.000,66.000,412.000,334.000,66.000, 0.186, 0.192,-6.000, 4.000,-6.000, 4.000,-32.178,21.452,-41.670,62.505,-49.441,213.834,66.0000,318.033,240.504,106.093,63.032,472.019,-2.188, 2.181, 0.048, 0.218, 0.817, 0.640,0.00000,0.00000,0.21811,0.04008,0.00903,0.00000,0.64002,-0.01701,0.00000,-0.81741,-0.10822,-1.00000,0.00000
1722032072.999722,420.000,322.000,66.000,412.000,334.000,66.000,408.000,340.000,67.000, 0.192, 0.188,-8.000,12.000,-8.000,12.000,-41.670,62.505,-21.310,31.965,108.468,-162.701,67.0000,318.528,240.153,106.614,62.499,473.061,-2.180, 2.179, 0.079, 0.030, 0.292,-0.438,0.00000,0.00000,0.03044,0.04313,0.02193,0.00000,-0.43780,-0.02397,0.00000,-0.29223,-0.10755,-1.00000,0.00000
1722032073.199019,412.000,334.000,66.000,408.000,340.000,67.000,406.000,342.000,66.000, 0.188, 0.199,-4.000, 6.000,-4.000, 6.000,-21.310,31.965,-10.031,10.031,56.570,-110.011,66.0000,318.001,240.925,106.339,62.771,474.131,-2.173, 2.171, 0.097, 0.062, 0.198,-1.306,0.00000,0.00000,0.06164,0.04213,0.03291,0.00000,-1.30630,-0.02387,0.00000,-0.19762,-0.10689,-1.00000,0.00000
1722032073.386212,408.000,340.000,67.000,406.000,342.000,66.000,404.000,342.000,67.000, 0.199, 0.187,-2.000, 2.000,-2.000, 2.000,-10.031,10.031,-10.685, 0.000,-3.495,-53.594,67.0000,317.626,240.697,106.403,62.517,473.337,-2.174, 2.177, 0.102,-0.080,-0.113,-1.238,0.00000,0.00000,-0.07984,0.04410,0.03329,0.00000,-1.23787,-0.02753,0.00000,0.11326,-0.09755,-2.00000,0.00000
1722032073.5878122,406.000,342.000,66.000,404.000,342.000,67.000,400.000,344.000,65.000, 0.187, 0.201,-2.000, 0.000,-2.000, 0.000,-10.685, 0.000,-19.858, 9.929,-45.536,49.292,65.0000,318.454,240.203,106.432,62.757,471.996,-2.188, 2.183, 0.088, 0.127,-0.317,-0.311,0.00000,0.00000,0.12708,0.04092,0.02335,0.00000,-0.31055,-0.03005,0.00000,0.31744,-0.10789,-1.00000,0.00000
1722032073.778783,404.000,342.000,67.000,400.000,344.000,65.000,398.000,348.000,66.000, 0.201, 0.191,-4.000, 2.000,-4.000, 2.000,-19.858, 9.929,-10.453,20.906,49.154,57.375,66.0000,320.299,239.745,107.137,62.646,471.521,-2.189, 2.183, 0.058, 0.158, 0.480, 0.492,0.00000,0.00000,0.15828,0.04106,0.01453,0.00000,0.49170,-0.01961,0.00000,-0.48038,-0.11289,0.00000,0.00000
1722032073.954441,400.000,344.000,65.000,398.000,348.000,66.000,398.000,348.000,66.000, 0.191, 0.175,-2.000, 4.000,-2.000, 4.000,-10.453,20.906, 0.000, 0.000,59.612,-119.224,66.0000,320.874,239.193,106.891,62.946,470.873,-2.200, 2.182, 0.055, 0.467, 0.268, 0.837,0.00000,0.00000,0.46741,0.03690,0.01009,0.00000,0.83727,-0.02271,0.00000,-0.26817,-0.10989,0.00000,0.00000
1722032074.111817,398.000,348.000,66.000,398.000,348.000,66.000,398.000,344.000,65.000, 0.175, 0.157, 0.000, 0.000, 0.000, 0.000, 0.000, 0.000, 0.000,-25.410, 0.000,-161.411,65.0000,319.287,239.222,106.752,62.300,472.707,-2.182, 2.178, 0.059, 0.132, 0.789, 0.085,0.00000,0.00000,0.13177,0.04213,0.01909,0.00000,0.08476,-0.01483,0.00000,-0.78853,-0.10989,0.00000,0.00000
1722032074.2695282,398.000,348.000,66.000,398.000,344.000,65.000,400.000,344.000,66.000, 0.157, 0.158, 0.000,-4.000, 0.000,-4.000, 0.000,-25.410,12.673, 0.000,80.304,161.009,66.0000,317.778,240.577,106.608,62.303,473.652,-2.171, 2.177, 0.107,-0.166,-0.176,-1.428,0.00000,0.00000,-0.16605,0.04507,0.03822,0.00000,-1.42830,-0.02706,0.00000,0.17637,-0.09255,-2.00000,0.00000
1722032074.4365199,398.000,344.000,65.000,400.000,344.000,66.000,400.000,344.000,65.000, 0.158, 0.167, 2.000, 0.000, 2.000, 0.000,12.673, 0.000, 0.000, 0.000,-75.927, 0.000,65.0000,317.657,240.694,106.559,62.398,473.123,-2.174, 2.181, 0.093,-0.167, 0.009,-0.906,0.00000,0.00000,-0.16680,0.04427,0.03175,0.00000,-0.90604,-0.02347,0.00000,-0.00861,-0.09723,-2.00000,0.00000
1722032074.611695,400.000,344.000,66.000,400.000,344.000,65.000,400.000,344.000,65.000, 0.167, 0.175, 0.000, 0.000, 0.000, 0.000, 0.000, 0.000, 0.000, 0.000, 0.000, 0.000,65.0000,320.400,240.124,107.080,62.906,471.596,-2.191, 2.183, 0.072, 0.226, 0.058, 0.164,0.00000,0.00000,0.22641,0.03904,0.01990,0.00000,0.16403,-0.02307,0.00000,-0.05751,-0.11323,0.00000,0.00000
1722032074.768162,400.000,344.000,65.000,400.000,344.000,65.000,398.000,346.000,66.000, 0.175, 0.157, 0.000, 0.000, 0.000, 0.000, 0.000, 0.000,-12.766,12.766,-81.490,81.490,66.0000,320.899,239.289,107.227,62.658,470.856,-2.195, 2.185, 0.054, 0.259, 0.360, 0.794,0.00000,0.00000,0.25919,0.03967,0.01268,0.00000,0.79358,-0.01894,0.00000,-0.36041,-0.10723,0.00000,0.00000
1722032074.942956,400.000,344.000,65.000,398.000,346.000,66.000,400.000,342.000,65.000, 0.157, 0.175,-2.000, 2.000,-2.000, 2.000,-12.766,12.766,11.443,-22.885,138.508,-203.976,65.0000,320.228,239.125,106.881,62.662,470.815,-2.197, 2.186, 0.051, 0.304, 0.367, 0.940,0.00000,0.00000,0.30381,0.03904,0.01007,0.00000,0.93960,-0.01858,0.00000,-0.36707,-0.10723,0.00000,0.00000
1722032075.112263,398.000,346.000,66.000,400.000,342.000,65.000,402.000,344.000,66.000, 0.175, 0.169, 2.000,-4.000, 2.000,-4.000,11.443,-22.885,11.829,11.829, 2.283,205.313,66.0000,318.686,239.456,107.004,61.938,472.010,-2.179, 2.186, 0.062,-0.185, 0.576, 0.157,0.00000,0.00000,-0.18521,0.04562,0.01898,0.00000,0.15651,-0.01503,0.00000,-0.57650,-0.09856,-1.00000,0.00000
1722032075.275017,400.000,342.000,65.000,402.000,344.000,66.000,400.000,344.000,66.000, 0.169, 0.163, 2.000, 2.000, 2.000, 2.000,11.829,11.829,-12.273, 0.000,-147.906,-72.589,66.0000,317.455,240.491,106.206,62.621,472.590,-2.180, 2.180, 0.093,-0.001,-0.125,-0.766,0.00000,0.00000,-0.00111,0.04176,0.02994,0.00000,-0.76558,-0.02367,0.00000,0.12539,-0.09222,-2.00000,0.00000
1722032075.441152,402.000,344.000,66.000,400.000,344.000,66.000,398.000,348.000,66.000, 0.163, 0.166,-2.000, 0.000,-2.000, 0.000,-12.273, 0.000,-12.047,24.093, 1.366,145.121,66.0000,317.350,240.555,106.319,62.458,473.223,-2.177, 2.180, 0.100,-0.092,-0.208,-1.021,0.00000,0.00000,-0.09226,0.04354,0.03353,0.00000,-1.02083,-0.02398,0.00000,0.20787,-0.09390,-2.00000,0.00000
1722032075.636357,400.000,344.000,66.000,398.000,348.000,66.000,392.000,352.000,66.000, 0.166, 0.195,-2.000, 4.000,-2.000, 4.000,-12.047,24.093,-30.747,20.498,-95.833,-18.423,66.0000,318.650,240.518,106.802,62.559,472.179,-2.180, 2.183, 0.088,-0.065,-0.051,-0.545,0.00000,0.00000,-0.06490,0.04295,0.02876,0.00000,-0.54455,-0.02215,0.00000,0.05102,-0.10123,-1.00000,0.00000
1722032075.795952,398.000,348.000,66.000,392.000,352.000,66.000,388.000,354.000,67.000, 0.195, 0.160,-6.000, 4.000,-6.000, 4.000,-30.747,20.498,-25.030,12.515,35.774,-49.955,67.0000,320.538,239.880,106.895,63.026,471.698,-2.192, 2.178, 0.056, 0.369, 0.590, 0.461,0.00000,0.00000,0.36867,0.03721,0.01698,0.00000,0.46136,-0.01384,0.00000,-0.58967,-0.10623,0.00000,0.00000
1722032075.965019,392.000,352.000,66.000,388.000,354.000,67.000,384.000,356.000,66.000, 0.160, 0.169,-4.000, 2.000,-4.000, 2.000,-25.030,12.515,-23.702,11.851, 7.872,-3.936,66.0000,320.648,239.833,106.921,63.056,471.211,-2.194, 2.180, 0.060, 0.381, 0.362, 0.482,0.00000,0.00000,0.38102,0.03816,0.01729,0.00000,0.48230,-0.01670,0.00000,-0.36224,-0.10323,0.00000,0.00000
1722032076.1266508,388.000,354.000,67.000,384.000,356.000,66.000,382.000,354.000,65.000, 0.169, 0.162,-4.000, 2.000,-4.000, 2.000,-23.702,11.851,-12.370,-12.370,70.088,-149.803,65.0000,319.370,239.309,106.402,62.851,470.837,-2.197, 2.183, 0.057, 0.375, 0.294, 0.718,0.00000,0.00000,0.37464,0.03809,0.01317,0.00000,0.71793,-0.01655,0.00000,-0.29443,-0.10323,0.00000,0.00000
1722032076.29697,384.000,356.000,66.000,382.000,354.000,65.000,384.000,356.000,66.000, 0.162, 0.170,-2.000,-2.000,-2.000,-2.000,-12.370,-12.370,11.747,11.747,141.655,141.655,66.0000,317.979,239.963,106.630,62.298,471.345,-2.187, 2.191, 0.084,-0.124,-0.369,-0.032,0.00000,0.00000,-0.12397,0.04462,0.02222,0.00000,-0.03212,-0.02481,0.00000,0.36890,-0.08589,-2.00000,0.00000
1722032076.45981,382.000,354.000,65.000,384.000,356.000,66.000,384.000,356.000,66.000, 0.170, 0.163, 2.000, 2.000, 2.000, 2.000,11.747,11.747, 0.000, 0.000,-72.084,-72.084,66.0000,318.216,240.031,106.761,62.238,472.137,-2.181, 2.187, 0.078,-0.144, 0.059,-0.131,0.00000,0.00000,-0.14386,0.04345,0.02249,0.00000,-0.13089,-0.01878,0.00000,-0.05877,-0.09924,-1.00000,0.00000
1722032076.62701,384.000,356.000,66.000,384.000,356.000,66.000,384.000,354.000,64.000, 0.163, 0.164, 0.000, 0.000, 0.000, 0.000, 0.000, 0.000, 0.000,-12.217, 0.000,-74.633,64.0000,319.717,240.241,107.510,62.160,472.971,-2.178, 2.185, 0.091,-0.211,-0.143,-0.624,0.00000,0.00000,-0.21121,0.04437,0.02926,0.00000,-0.62362,-0.02203,0.00000,0.14316,-0.10424,0.00000,0.00000
1722032076.786033,384.000,356.000,66.000,384.000,354.000,64.000,384.000,356.000,67.000, 0.164, 0.163, 0.000,-2.000, 0.000,-2.000, 0.000,-12.217, 0.000,12.293, 0.000,150.646,67.0000,319.887,239.743,106.865,62.773,471.137,-2.193, 2.184, 0.069, 0.224, 0.023, 0.338,0.00000,0.00000,0.22432,0.03839,0.01678,0.00000,0.33786,-0.01977,0.00000,-0.02303,-0.10123,0.00000,0.00000
1722032076.9639318,384.000,354.000,64.000,384.000,356.000,67.000,386.000,354.000,66.000, 0.163, 0.178, 0.000, 2.000, 0.000, 2.000, 0.000,12.293,11.260,-11.260,63.389,-132.594,66.0000,319.765,239.712,106.882,62.679,471.484,-2.192, 2.185, 0.070, 0.187, 0.037, 0.290,0.00000,0.00000,0.18702,0.04009,0.01820,0.00000,0.29010,-0.01979,0.00000,-0.03682,-0.10123,0.00000,0.00000
1722032077.120681,384.000,356.000,67.000,386.000,354.000,66.000,386.000,356.000,66.000, 0.178, 0.157, 2.000,-2.000, 2.000,-2.000,11.260,-11.260, 0.000,12.764,-71.859,153.318,66.0000,319.508,239.668,106.874,62.517,471.990,-2.186, 2.182, 0.073, 0.120, 0.182,-0.023,0.00000,0.00000,0.11978,0.04080,0.02177,0.00000,-0.02280,-0.01777,0.00000,-0.18196,-0.10123,0.00000,0.00000
1722032077.287627,386.000,354.000,66.000,386.000,356.000,66.000,386.000,356.000,66.000, 0.157, 0.167, 0.000, 2.000, 0.000, 2.000, 0.000,12.764, 0.000, 0.000, 0.000,-76.394,66.0000,319.475,239.653,106.948,62.447,471.626,-2.187, 2.185, 0.074, 0.064, 0.056, 0.039,0.00000,0.00000,0.06409,0.04129,0.02052,0.00000,0.03856,-0.01933,0.00000,-0.05554,-0.10123,0.00000,0.00000
1722032077.4441411,386.000,356.000,66.000,386.000,356.000,66.000,384.000,354.000,65.000, 0.167, 0.157, 0.000, 0.000, 0.000, 0.000, 0.000, 0.000,-12.762,-12.762,-81.430,-81.430,65.0000,319.183,239.907,106.865,62.502,472.000,-2.186, 2.184, 0.087, 0.046,-0.260,-0.300,0.00000,0.00000,0.04616,0.04133,0.02510,0.00000,-0.30024,-0.02329,0.00000,0.25960,-0.10123,0.00000,0.00000
1722032077.6109571,386.000,356.000,66.000,384.000,354.000,65.000,384.000,356.000,65.000, 0.157, 0.167,-2.000,-2.000,-2.000,-2.000,-12.762,-12.762, 0.000,11.989,76.499,148.366,65.0000,319.226,239.956,106.904,62.540,471.300,-2.189, 2.187, 0.088, 0.027,-0.420,-0.162,0.00000,0.00000,0.02724,0.04151,0.02333,0.00000,-0.16229,-0.02549,0.00000,0.41968,-0.10123,0.00000,0.00000
1722032077.788641,384.000,354.000,65.000,384.000,356.000,65.000,386.000,356.000,66.000, 0.167, 0.177, 0.000, 2.000, 0.000, 2.000, 0.000,11.989,11.269, 0.000,63.499,-67.553,66.0000,319.186,239.765,106.898,62.453,471.316,-2.189, 2.188, 0.086, 0.023,-0.411,-0.076,0.00000,0.00000,0.02339,0.04149,0.02269,0.00000,-0.07567,-0.02597,0.00000,0.41058,-0.10123,0.00000,0.00000
1722032077.986306,384.000,356.000,65.000,386.000,356.000,66.000,386.000,356.000,67.000, 0.177, 0.198, 2.000, 0.000, 2.000, 0.000,11.269, 0.000, 0.000, 0.000,-57.013, 0.000,67.0000,319.143,239.894,106.912,62.454,471.702,-2.187, 2.187, 0.083, 0.007,-0.251,-0.088,0.00000,0.00000,0.00671,0.04169,0.02314,0.00000,-0.08813,-0.02465,0.00000,0.25080,-0.10123,0.00000,0.00000
1722032078.153866,386.000,356.000,66.000,386.000,356.000,67.000,386.000,356.000,66.000, 0.198, 0.168, 0.000, 0.000, 0.000, 0.000, 0.000, 0.000, 0.000, 0.000, 0.000, 0.000,66.0000,319.158,239.870,106.868,62.482,471.850,-2.187, 2.185, 0.089, 0.037,-0.359,-0.321,0.00000,0.00000,0.03657,0.04123,0.02645,0.00000,-0.32124,0.04065,-5.00000,-4.64119,-0.10123,0.00000,0.00000
1722032078.327764,386.000,356.000,67.000,386.000,356.000,66.000,384.000,354.000,65.000, 0.168, 0.174, 0.000, 0.000, 0.000, 0.000, 0.000, 0.000,-11.507,-11.507,-66.207,-66.207,65.0000,319.339,239.766,106.897,62.490,471.736,-2.188, 2.185, 0.081, 0.065,-0.147,-0.080,0.00000,0.00000,0.06519,0.04092,0.02349,0.00000,-0.08046,0.04544,-5.00000,-4.85324,-0.10123,0.00000,0.00000
1722032078.554925,386.000,356.000,66.000,384.000,354.000,65.000,384.000,356.000,67.000, 0.174, 0.227,-2.000,-2.000,-2.000,-2.000,-11.507,-11.507, 0.000, 8.819,50.739,89.623,67.0000,319.236,239.858,106.920,62.449,471.951,-2.186, 2.185, 0.079, 0.025,-0.056,-0.110,0.00000,0.00000,0.02479,0.04152,0.02441,0.00000,-0.10962,0.05604,-5.00000,-4.94374,-0.10123,0.00000,0.00000
1722032078.750352,384.000,354.000,65.000,384.000,356.000,67.000,372.000,356.000,66.000, 0.227, 0.196, 0.000, 2.000, 0.000, 2.000, 0.000, 8.819,-61.262, 0.000,-312.750,-45.020,66.0000,315.033,239.532,105.234,62.447,467.555,-2.207, 2.206, 0.166,-0.138,-3.628,-0.995,0.00000,0.00000,-0.13788,0.04358,0.03654,0.00000,-0.99548,0.01757,-5.00000,-1.37214,-0.06656,-4.00000,0.00000
1722032078.935982,384.000,356.000,67.000,372.000,356.000,66.000,346.000,368.000,66.000, 0.196, 0.186,-12.000, 0.000,-12.000, 0.000,-61.262, 0.000,-140.065,64.645,-424.522,348.252,66.0000,313.067,239.793,104.587,62.417,465.039, 2.214,-2.220,-0.195,-0.362,-5.048,-1.048,0.00000,0.00000,-0.36192,0.04619,0.03790,0.00000,-1.04753,0.00650,-5.00000,0.04822,-0.05857,-6.00000,0.00000
1722032079.113062,372.000,356.000,66.000,346.000,368.000,66.000,302.000,368.000,65.000, 0.186, 0.177,-26.000,12.000,-26.000,12.000,-140.065,64.645,-248.493, 0.000,-612.358,-365.090,65.0000,317.673,239.583,105.754,63.060,461.914, 2.208,-2.198,-0.175, 0.074,-5.395, 0.316,0.00000,0.00000,0.07410,0.03981,0.02150,0.00000,0.31636,0.00385,-5.00000,0.39545,-0.09525,-2.00000,0.00000
1722032079.294199,346.000,368.000,66.000,302.000,368.000,65.000,236.000,336.000,66.000, 0.177, 0.181,-44.000, 0.000,-44.000, 0.000,-248.493, 0.000,-363.919,-176.446,-636.451,-972.910,66.0000,323.366,240.192,108.039,63.327,469.803, 2.250,-2.232,-0.132, 0.373,-2.150,-0.603,0.00000,0.00000,0.37292,0.03705,0.03533,0.00000,-0.60258,0.04739,-5.00000,-2.84994,-0.12525,3.00000,0.00000
1722032079.458816,302.000,368.000,65.000,236.000,336.000,66.000,198.000,278.000,66.000, 0.181, 0.165,-66.000,-32.000,-66.000,-32.000,-363.919,-176.446,-230.864,-352.372,808.360,-1068.815,66.0000,321.378,239.060,106.913,63.193,468.330,-2.216, 2.193, 0.086, 0.570,-1.357, 0.856,0.00000,0.00000,0.57038,0.03509,0.01546,0.00000,0.85560,0.05892,-5.00000,-3.64308,-0.09490,1.00000,0.00000
1722032079.626473,236.000,336.000,66.000,198.000,278.000,66.000,190.000,212.000,64.000, 0.165, 0.168,-38.000,-58.000,-38.000,-58.000,-230.864,-352.372,-47.710,-393.609,1092.289,-245.931,64.0000,314.529,238.376,105.048,61.969,464.611, 2.215,-2.217,-0.146,-0.178,-3.939, 0.398,0.00000,0.00000,-0.17826,0.04551,0.02213,0.00000,0.39772,0.03015,-5.00000,-1.06097,-0.04956,-5.00000,1.00000
1722032079.801135,198.000,278.000,66.000,190.000,212.000,64.000,216.000,158.000,69.000, 0.168, 0.174,-8.000,-66.000,-8.000,-66.000,-47.710,-393.609,149.149,-309.770,1129.277,480.941,69.0000,312.555,239.757,104.491,62.260,467.285,-2.200, 2.206, 0.193,-0.373,-4.169,-1.864,0.00000,0.00000,-0.37282,0.04597,0.05118,0.00000,-1.86411,0.03305,-5.00000,-0.83130,-0.04691,-7.00000,0.00000
1722032079.950859,190.000,212.000,64.000,216.000,158.000,69.000,260.000,128.000,67.000, 0.174, 0.150,26.000,-54.000,26.000,-54.000,149.149,-309.770,293.212,-199.917,960.025,732.049,67.0000,319.535,240.160,106.898,62.933,466.421,-2.222, 2.217, 0.027, 0.126,-0.589, 3.203,0.00000,0.00000,0.12611,0.03884,-0.01690,0.00000,3.20299,0.08338,-5.00000,-4.41147,-0.10893,0.00000,0.00000
1722032080.119248,216.000,158.000,69.000,260.000,128.000,67.000,284.000,116.000,69.000, 0.150, 0.168,44.000,-30.000,44.000,-30.000,293.212,-199.917,142.526,-71.263,-894.861,764.024,69.0000,321.531,239.499,107.126,63.271,465.127, 2.227,-2.208,-0.111, 0.417,-3.033, 1.281,0.00000,0.00000,0.41748,0.03634,0.01025,0.00000,1.28131,0.05383,-5.00000,-1.96732,-0.09658,1.00000,0.00000
1722032080.282054,260.000,128.000,67.000,284.000,116.000,69.000,298.000,114.000,69.000, 0.168, 0.163,24.000,-12.000,24.000,-12.000,142.526,-71.263,85.996,-12.285,-347.239,362.277,69.0000,317.634,239.774,104.346,64.514,464.274,-2.247, 2.202, 0.137, 1.072,-3.866, 0.814,0.00000,0.00000,1.07215,0.02817,0.01112,0.00000,0.81370,0.05018,-5.00000,-1.13447,-0.06824,-2.00000,0.00000
1722032080.454398,284.000,116.000,69.000,298.000,114.000,69.000,284.000,122.000,68.000, 0.163, 0.172,14.000,-2.000,14.000,-2.000,85.996,-12.285,-81.232,46.418,-970.304,340.613,68.0000,314.927,241.397,105.569,62.880,465.587, 2.215,-2.225,-0.198,-0.482,-4.930,-1.302,0.00000,0.00000,-0.48166,0.05058,0.03735,0.00000,-1.30190,0.03933,-5.00000,-0.06981,-0.04991,-5.00000,-1.00000
1722032080.623184,298.000,114.000,69.000,284.000,122.000,68.000,242.000,136.000,67.000, 0.172, 0.169,-14.000, 8.000,-14.000, 8.000,-81.232,46.418,-248.920,82.973,-993.829,216.649,67.0000,315.788,241.983,105.844,63.078,469.572,-2.184, 2.189, 0.209,-0.355,-3.732,-3.206,0.00000,0.00000,-0.35487,0.04444,0.06248,0.00000,-3.20608,0.05724,-5.00000,-1.26802,-0.06426,-4.00000,-1.00000
1722032080.783028,284.000,122.000,68.000,242.000,136.000,67.000,208.000,184.000,68.000, 0.169, 0.160,-42.000,14.000,-42.000,14.000,-248.920,82.973,-213.154,300.923,224.225,1366.378,68.0000,319.383,240.772,106.516,63.545,465.322,-2.218, 2.205, 0.233, 0.001,-5.830,-2.249,0.00000,0.00000,0.00103,0.04019,0.05311,0.00000,-2.24893,0.02965,-5.00000,0.83000,-0.09326,0.00000,0.00000
1722032080.963809,242.000,136.000,67.000,208.000,184.000,68.000,192.000,248.000,66.000, 0.160, 0.181,-34.000,48.000,-34.000,48.000,-213.154,300.923,-88.406,353.625,689.279,291.200,66.0000,320.807,237.433,106.644,62.526,461.613, 2.208,-2.189,-0.161, 0.356,-5.322, 0.967,0.00000,0.00000,0.35621,0.03647,0.01562,0.00000,0.96711,0.03800,-5.00000,0.32199,-0.08125,0.00000,2.00000
1722032081.142625,208.000,184.000,68.000,192.000,248.000,66.000,210.000,310.000,67.000, 0.181, 0.179,-16.000,64.000,-16.000,64.000,-88.406,353.625,100.707,346.880,1058.058,-37.739,67.0000,318.953,236.756,105.717,62.461,465.383, 2.235,-2.208,-0.092, 0.646,-2.315, 1.559,0.00000,0.00000,0.64638,0.03344,0.01052,0.00000,1.55944,0.07718,-5.00000,-2.68454,-0.07258,-1.00000,3.00000
1722032081.309161,192.000,248.000,66.000,210.000,310.000,67.000,234.000,338.000,65.000, 0.179, 0.167,18.000,62.000,18.000,62.000,100.707,346.880,143.938,167.927,259.270,-1073.251,65.0000,316.871,240.836,106.162,62.856,466.593, 2.225,-2.229,-0.163,-0.249,-3.693,-0.695,0.00000,0.00000,-0.24923,0.04608,0.03873,0.00000,-0.69513,0.05943,-5.00000,-1.30658,-0.05758,-3.00000,0.00000
1722032081.473087,210.000,310.000,67.000,234.000,338.000,65.000,250.000,352.000,65.000, 0.167, 0.164,24.000,28.000,24.000,28.000,143.938,167.927,97.606,85.405,-282.641,-503.414,65.0000,316.761,242.603,106.144,63.458,470.478,-2.196, 2.195, 0.387,-0.874,-9.476,-6.669,0.00000,0.00000,-0.87363,0.05194,0.11739,0.00000,-6.66941,-0.01395,-5.00000,4.47576,-0.06159,-3.00000,-2.00000
1722032081.64859,234.000,338.000,65.000,250.000,352.000,65.000,252.000,354.000,65.000, 0.164, 0.175,16.000,14.000,16.000,14.000,97.606,85.405,11.411,11.411,-491.772,-422.163,65.0000,317.781,241.702,106.984,62.685,469.767, 2.209,-2.219,-0.387,-1.130,-9.338,-6.634,0.00000,0.00000,-1.12990,0.05397,0.12126,0.00000,-6.63395,-0.01235,-5.00000,4.33815,-0.06826,-2.00000,-1.00000
1722032081.816349,250.000,352.000,65.000,252.000,354.000,65.000,242.000,338.000,66.000, 0.175, 0.168, 2.000, 2.000, 2.000, 2.000,11.411,11.411,-59.528,-95.246,-422.290,-634.908,66.0000,320.440,237.039,106.252,62.634,459.127, 2.211,-2.186,-0.054, 0.644,-2.687, 3.898,0.00000,0.00000,0.64435,0.02980,-0.00760,0.00000,3.89786,0.06857,-5.00000,-2.31329,-0.08126,0.00000,2.00000
1722032081.9820008,252.000,354.000,65.000,242.000,338.000,66.000,234.000,298.000,67.000, 0.168, 0.165,-10.000,-16.000,-10.000,-16.000,-59.528,-95.246,-48.367,-241.833,67.482,-886.246,67.0000,323.689,232.329,107.604,60.726,463.426, 2.232,-2.203, 0.021, 0.729, 0.323, 4.769,0.00000,0.00000,0.72890,0.03367,-0.01134,0.00000,4.76882,0.10382,-5.00000,-5.32251,-0.10127,3.00000,7.00000
1722032082.17418,242.000,338.000,66.000,234.000,298.000,67.000,212.000,240.000,66.000, 0.165, 0.192,-8.000,-40.000,-8.000,-40.000,-48.367,-241.833,-114.386,-301.562,-343.255,-310.549,66.0000,321.233,234.766,106.712,61.651,463.014, 2.232,-2.208,-0.041, 0.614,-1.107, 3.001,0.00000,0.00000,0.61443,0.03510,0.00430,0.00000,3.00141,0.09064,-5.00000,-3.89296,-0.07692,1.00000,5.00000
1722032082.368117,234.000,298.000,67.000,212.000,240.000,66.000,206.000,188.000,67.000, 0.192, 0.193,-22.000,-58.000,-22.000,-58.000,-114.386,-301.562,-31.025,-268.887,431.047,168.959,67.0000,312.948,247.342,105.695,64.404,466.070,-2.184, 2.216, 0.238,-1.151,-5.278,-3.094,0.00000,0.00000,-1.15068,0.05829,0.07794,0.00000,-3.09422,0.04427,-5.00000,0.27754,-0.01424,-7.00000,-7.00000
1722032082.530549,212.000,240.000,66.000,206.000,188.000,67.000,230.000,148.000,70.000, 0.193, 0.163,-6.000,-52.000,-6.000,-52.000,-31.025,-268.887,147.477,-245.795,1096.876,141.896,70.0000,312.090,246.838,104.686,64.867,464.404, 2.204,-2.222,-0.265,-0.885,-6.829,-2.881,0.00000,0.00000,-0.88485,0.04997,0.07209,0.00000,-2.88124,0.02903,-5.00000,1.82905,-0.03360,-7.00000,-6.00000
1722032082.6910348,206.000,188.000,67.000,230.000,148.000,70.000,228.000,148.000,66.000, 0.163, 0.161,24.000,-40.000,24.000,-40.000,147.477,-245.795,-12.431, 0.000,-993.903,1527.732,66.0000,318.637,238.577,106.277,62.443,461.127, 2.193,-2.190,-0.246,-0.255,-7.719,-1.119,0.00000,0.00000,-0.25520,0.04271,0.05439,0.00000,-1.11937,0.01569,-5.00000,2.71942,-0.08095,-1.00000,1.00000
1722032082.8529449,230.000,148.000,70.000,228.000,148.000,66.000,220.000,158.000,67.000, 0.161, 0.162,-2.000, 0.000,-2.000, 0.000,-12.431, 0.000,-49.448,61.810,-228.803,382.048,67.0000,323.053,234.399,107.299,61.636,462.825, 2.228,-2.200,-0.118, 0.647,-3.432, 1.306,0.00000,0.00000,0.64748,0.03254,0.02652,0.00000,1.30632,0.06947,-5.00000,-1.56821,-0.09694,3.00000,5.00000
1722032083.0159202,228.000,148.000,66.000,220.000,158.000,67.000,208.000,174.000,66.000, 0.162, 0.163,-8.000,10.000,-8.000,10.000,-49.448,61.810,-73.598,98.130,-148.113,222.756,66.0000,323.120,236.105,108.368,61.297,466.207,-2.205, 2.201, 0.070, 0.072,-0.795, 1.134,0.00000,0.00000,0.07209,0.04270,0.02989,0.00000,1.13359,0.10176,-5.00000,-4.20488,-0.08693,3.00000,3.00000
1722032083.18737,220.000,158.000,67.000,208.000,174.000,66.000,198.000,190.000,66.000, 0.163, 0.172,-12.000,16.000,-12.000,16.000,-73.598,98.130,-58.309,93.294,89.147,-28.197,66.0000,316.152,243.249,106.323,63.438,464.563,-2.207, 2.224, 0.162,-0.582,-4.021,-0.375,0.00000,0.00000,-0.58187,0.04976,0.04773,0.00000,-0.37532,0.06266,-5.00000,-0.97923,-0.03691,-3.00000,-3.00000
1722032083.3621938,208.000,174.000,66.000,198.000,190.000,66.000,192.000,200.000,66.000, 0.172, 0.175,-10.000,16.000,-10.000,16.000,-58.309,93.294,-34.377,57.295,137.118,-206.258,66.0000,313.393,243.120,104.833,63.571,460.290, 2.182,-2.197,-0.225,-0.688,-7.361,-0.440,0.00000,0.00000,-0.68802,0.04952,0.04709,0.00000,-0.44018,0.02437,-5.00000,2.36095,-0.02692,-6.00000,-3.00000
1722032083.5393438,198.000,190.000,66.000,192.000,200.000,66.000,190.000,214.000,66.000, 0.175, 0.177,-6.000,10.000,-6.000,10.000,-34.377,57.295,-11.286,79.001,130.302,122.484,66.0000,316.516,240.420,105.823,62.776,460.546, 2.186,-2.194,-0.246,-0.548,-7.803,-1.060,0.00000,0.00000,-0.54765,0.04765,0.05624,0.00000,-1.05974,0.01870,-5.00000,2.80295,-0.05795,-3.00000,0.00000
1722032083.706483,192.000,200.000,66.000,190.000,214.000,66.000,196.000,228.000,65.000, 0.177, 0.167,-2.000,14.000,-2.000,14.000,-11.286,79.001,35.864,83.683,281.835,27.989,65.0000,324.484,237.073,107.544,63.030,461.776, 2.218,-2.184,-0.182, 0.706,-5.718, 0.249,0.00000,0.00000,0.70583,0.03142,0.03976,0.00000,0.24861,0.04191,-5.00000,0.71750,-0.10762,4.00000,2.00000
1722032083.873556,190.000,214.000,66.000,196.000,228.000,65.000,198.000,234.000,66.000, 0.167, 0.167, 6.000,14.000, 6.000,14.000,35.864,83.683,11.984,35.953,-143.093,-286.009,66.0000,324.518,237.694,108.477,62.435,464.146, 2.224,-2.208,-0.120, 0.321,-3.329, 1.106,0.00000,0.00000,0.32092,0.04003,0.02966,0.00000,1.10558,0.06959,-5.00000,-1.67112,-0.08926,4.00000,2.00000
1722032084.0399659,196.000,228.000,65.000,198.000,234.000,66.000,194.000,232.000,67.000, 0.167, 0.166, 2.000, 6.000, 2.000, 6.000,11.984,35.953,-24.025,-12.012,-216.279,-288.092,67.0000,320.839,239.167,106.656,63.332,464.247, 2.229,-2.207,-0.069, 0.559,-1.971, 2.387,0.00000,0.00000,0.55874,0.03550,0.01144,0.00000,2.38676,0.08768,-5.00000,-3.02895,-0.05725,0.00000,0.00000
1722032084.209028,198.000,234.000,66.000,194.000,232.000,67.000,188.000,228.000,65.000, 0.166, 0.169,-4.000,-2.000,-4.000,-2.000,-24.025,-12.012,-35.452,-23.635,-67.521,-68.673,65.0000,316.023,240.890,105.726,62.952,462.544, 2.203,-2.208,-0.177,-0.329,-5.299, 0.092,0.00000,0.00000,-0.32949,0.04793,0.03958,0.00000,0.09201,0.04676,-5.00000,0.29930,-0.04326,-3.00000,0.00000
1722032084.3720121,194.000,232.000,67.000,188.000,228.000,65.000,188.000,218.000,65.000, 0.169, 0.163,-6.000,-4.000,-6.000,-4.000,-35.452,-23.635, 0.000,-61.433,217.795,-232.209,65.0000,315.168,241.722,105.043,63.573,460.859, 2.192,-2.194,-0.247,-0.393,-7.644,-1.230,0.00000,0.00000,-0.39304,0.04629,0.05380,0.00000,-1.23041,0.01950,-5.00000,2.64441,-0.04160,-4.00000,-1.00000
1722032084.536536,188.000,228.000,65.000,188.000,218.000,65.000,194.000,214.000,66.000, 0.163, 0.165, 0.000,-10.000, 0.000,-10.000, 0.000,-61.433,36.470,-24.313,221.676,225.627,66.0000,319.184,241.206,106.579,63.538,462.016, 2.202,-2.198,-0.232,-0.206,-6.896,-1.164,0.00000,0.00000,-0.20640,0.04377,0.05338,0.00000,-1.16436,0.02785,-5.00000,1.89561,-0.07661,0.00000,-1.00000
1722032084.6999402,188.000,218.000,65.000,194.000,214.000,66.000,200.000,210.000,65.000, 0.165, 0.163, 6.000,-4.000, 6.000,-4.000,36.470,-24.313,36.719,-24.480, 1.526,-1.017,65.0000,323.109,239.070,107.523,63.342,463.431, 2.220,-2.196,-0.171, 0.434,-5.042, 0.153,0.00000,0.00000,0.43402,0.03579,0.03803,0.00000,0.15277,0.04795,-5.00000,0.04237,-0.09061,3.00000,0.00000
1722032084.870389,194.000,214.000,66.000,200.000,210.000,65.000,198.000,204.000,66.000, 0.163, 0.170, 6.000,-4.000, 6.000,-4.000,36.719,-24.480,-11.732,-35.196,-284.219,-62.866,66.0000,321.825,237.327,107.104,62.510,463.719, 2.223,-2.202,-0.125, 0.461,-3.668, 1.221,0.00000,0.00000,0.46064,0.03714,0.02528,0.00000,1.22087,0.06364,-5.00000,-1.33193,-0.06626,1.00000,2.00000
1722032085.0241659,200.000,210.000,65.000,198.000,204.000,66.000,196.000,194.000,67.000, 0.170, 0.154,-2.000,-6.000,-2.000,-6.000,-11.732,-35.196,-12.997,-64.986,-8.221,-193.587,67.0000,317.706,238.427,106.087,62.293,463.833, 2.217,-2.213,-0.125, 0.022,-3.510, 1.023,0.00000,0.00000,0.02223,0.04290,0.02712,0.00000,1.02271,0.06637,-5.00000,-1.48980,-0.04692,-2.00000,1.00000
1722032085.196217,198.000,204.000,66.000,196.000,194.000,67.000,198.000,188.000,65.000, 0.154, 0.172,-2.000,-10.000,-2.000,-10.000,-12.997,-64.986,11.618,-34.854,142.991,175.034,65.0000,317.160,241.848,105.656,63.928,465.367,-2.219, 2.208, 0.187, 0.068,-4.613,-1.078,0.00000,0.00000,0.06837,0.04095,0.05314,0.00000,-1.07826,0.05422,-5.00000,-0.38719,-0.05460,-2.00000,-1.00000
1722032085.361115,196.000,194.000,67.000,198.000,188.000,65.000,202.000,188.000,67.000, 0.172, 0.165, 2.000,-6.000, 2.000,-6.000,11.618,-34.854,24.271, 0.000,76.772,211.486,67.0000,318.782,242.296,106.846,63.597,463.605, 2.208,-2.212,-0.216,-0.373,-5.918,-1.273,0.00000,0.00000,-0.37319,0.04702,0.05477,0.00000,-1.27321,0.03903,-5.00000,0.91828,-0.06194,-1.00000,-2.00000
1722032085.5243819,198.000,188.000,65.000,202.000,188.000,67.000,204.000,184.000,66.000, 0.165, 0.163, 4.000, 0.000, 4.000, 0.000,24.271, 0.000,12.251,-24.501,-73.627,-150.076,66.0000,320.460,239.342,107.005,62.870,462.741, 2.208,-2.200,-0.198,-0.018,-5.875,-0.414,0.00000,0.00000,-0.01814,0.04109,0.04542,0.00000,-0.41368,0.03973,-5.00000,0.87537,-0.06694,0.00000,0.00000
1722032085.6940749,202.000,188.000,67.000,204.000,184.000,66.000,202.000,186.000,66.000, 0.163, 0.170, 2.000,-4.000, 2.000,-4.000,12.251,-24.501,-11.790,11.790,-141.714,213.930,66.0000,320.602,237.670,106.786,62.448,462.159, 2.211,-2.197,-0.172, 0.208,-5.291, 0.367,0.00000,0.00000,0.20766,0.03911,0.03700,0.00000,0.36724,0.04580,-5.00000,0.29117,-0.06394,0.00000,2.00000
1722032085.851927,204.000,184.000,66.000,202.000,186.000,66.000,204.000,184.000,66.000, 0.170, 0.158,-2.000, 2.000,-2.000, 2.000,-11.790,11.790,12.659,-12.659,154.740,-154.740,66.0000,320.122,237.878,106.806,62.342,463.672, 2.218,-2.207,-0.151, 0.155,-4.284, 0.468,0.00000,0.00000,0.15463,0.04040,0.03608,0.00000,0.46778,0.05795,-5.00000,-0.71629,-0.06394,0.00000,2.00000
1722032086.023754,202.000,186.000,66.000,204.000,184.000,66.000,206.000,182.000,67.000, 0.158, 0.172, 2.000,-2.000, 2.000,-2.000,12.659,-12.659,11.645,-11.645,-5.900, 5.900,67.0000,319.018,240.383,106.859,62.893,463.909, 2.215,-2.216,-0.161,-0.179,-4.336, 0.031,0.00000,0.00000,-0.17908,0.04467,0.04119,0.00000,0.03092,0.05716,-5.00000,-0.66397,-0.06394,0.00000,0.00000
1722032086.195096,204.000,184.000,66.000,206.000,182.000,67.000,206.000,178.000,67.000, 0.172, 0.171, 2.000,-2.000, 2.000,-2.000,11.645,-11.645, 0.000,-23.360,-68.010,-68.417,67.0000,318.675,241.315,106.547,63.435,463.872, 2.213,-2.211,-0.177,-0.111,-4.914,-0.237,0.00000,0.00000,-0.11088,0.04284,0.04409,0.00000,-0.23678,0.05076,-5.00000,-0.08559,-0.05527,-1.00000,-1.00000
1722032086.35268,206.000,182.000,67.000,206.000,178.000,67.000,206.000,178.000,68.000, 0.171, 0.157, 0.000,-4.000, 0.000,-4.000, 0.000,-23.360, 0.000, 0.000, 0.000,148.332,68.0000,318.426,241.091,106.215,63.568,462.891, 2.211,-2.204,-0.194,-0.034,-5.565,-0.478,0.00000,0.00000,-0.03443,0.04207,0.04742,0.00000,-0.47847,0.04302,-5.00000,0.56456,-0.05760,-1.00000,-1.00000
1722032086.5205052,206.000,178.000,67.000,206.000,178.000,68.000,206.000,182.000,66.000, 0.157, 0.168, 0.000, 0.000, 0.000, 0.000, 0.000, 0.000, 0.000,23.792, 0.000,141.512,66.0000,320.142,239.561,106.757,63.114,463.172,-2.230, 2.218, 0.191, 0.094,-5.327,-0.513,0.00000,0.00000,0.09435,0.04058,0.04848,0.00000,-0.51324,0.04608,-5.00000,0.32683,-0.06561,0.00000,0.00000
1722032086.6792681,206.000,178.000,68.000,206.000,182.000,66.000,204.000,184.000,66.000, 0.168, 0.159, 0.000, 4.000, 0.000, 4.000, 0.000,23.792,-12.612,12.612,-79.532,-70.500,66.0000,321.056,238.844,106.783,63.159,464.477, 2.227,-2.205,-0.157, 0.420,-4.208, 0.105,0.00000,0.00000,0.41959,0.03652,0.04110,0.00000,0.10548,0.06017,-5.00000,-0.79238,-0.07127,1.00000,1.00000
1722032086.840134,206.000,182.000,66.000,204.000,184.000,66.000,204.000,186.000,66.000, 0.159, 0.161,-2.000, 2.000,-2.000, 2.000,-12.612,12.612, 0.000,12.433,78.402,-1.114,66.0000,320.654,239.063,106.646,63.206,463.391, 2.219,-2.199,-0.176, 0.331,-5.080,-0.047,0.00000,0.00000,0.33139,0.03848,0.04388,0.00000,-0.04731,0.04830,-5.00000,0.07984,-0.06027,0.00000,0.00000
1722032087.012095,204.000,184.000,66.000,204.000,186.000,66.000,202.000,184.000,65.000, 0.161, 0.172, 0.000, 2.000, 0.000, 2.000, 0.000,12.433,-11.625,-11.625,-67.574,-139.842,65.0000,318.942,239.394,106.284,63.027,463.515,-2.229, 2.217, 0.160, 0.153,-4.388, 0.120,0.00000,0.00000,0.15342,0.04045,0.04150,0.00000,0.11952,0.05879,-5.00000,-0.61192,-0.05460,-1.00000,0.00000
1722032087.188094,204.000,186.000,66.000,202.000,184.000,65.000,200.000,188.000,66.000, 0.172, 0.176,-2.000,-2.000,-2.000,-2.000,-11.625,-11.625,-11.370,22.740, 1.451,195.371,66.0000,318.003,239.943,106.299,62.841,463.575, 2.213,-2.211,-0.188,-0.162,-5.168,-0.566,0.00000,0.00000,-0.16239,0.04411,0.05077,0.00000,-0.56633,0.04845,-5.00000,0.16794,-0.05694,-1.00000,0.00000
1722032087.343015,202.000,184.000,65.000,200.000,188.000,66.000,202.000,188.000,66.000, 0.176, 0.155,-2.000, 4.000,-2.000, 4.000,-11.370,22.740,12.904, 0.000,156.615,-146.719,66.0000,319.150,239.638,106.391,63.096,463.544, 2.217,-2.206,-0.183, 0.089,-5.085,-0.406,0.00000,0.00000,0.08940,0.03984,0.04870,0.00000,-0.40557,0.05040,-5.00000,0.08492,-0.06494,0.00000,0.00000
1722032087.5894852,200.000,188.000,66.000,202.000,188.000,66.000,202.000,188.000,66.000, 0.155, 0.247, 2.000, 0.000, 2.000, 0.000,12.904, 0.000, 0.000, 0.000,-52.327, 0.000,66.0000,319.721,239.431,106.383,63.254,463.247, 2.219,-2.202,-0.180, 0.242,-5.085,-0.262,0.00000,0.00000,0.24208,0.03849,0.04782,0.00000,-0.26237,0.05011,-5.00000,0.08479,-0.06194,0.00000,0.00000
1722032087.770868,202.000,188.000,66.000,202.000,188.000,66.000,202.000,186.000,66.000, 0.247, 0.181, 0.000, 0.000, 0.000, 0.000, 0.000, 0.000, 0.000,-11.034, 0.000,-60.875,66.0000,319.822,239.400,106.607,63.058,464.245, 2.221,-2.208,-0.171, 0.174,-4.625,-0.227,0.00000,0.00000,0.17400,0.03975,0.04808,0.00000,-0.22712,0.05614,-5.00000,-0.37470,-0.06194,0.00000,0.00000
1722032087.9365702,202.000,188.000,66.000,202.000,186.000,66.000,202.000,186.000,67.000, 0.181, 0.166, 0.000,-2.000, 0.000,-2.000, 0.000,-11.034, 0.000, 0.000, 0.000,66.607,67.0000,319.603,239.407,106.455,63.113,463.313, 2.217,-2.203,-0.173, 0.184,-4.944,-0.002,0.00000,0.00000,0.18381,0.03932,0.04555,0.00000,-0.00176,0.05191,-5.00000,-0.05634,-0.06194,0.00000,0.00000
1722032088.101606,202.000,186.000,66.000,202.000,186.000,67.000,204.000,186.000,66.000, 0.166, 0.165, 0.000, 0.000, 0.000, 0.000, 0.000, 0.000,12.106, 0.000,73.274, 0.000,66.0000,319.603,239.407,106.455,63.113,463.313, 2.217,-2.203,-0.173, 0.184,-4.944,-0.002,0.00000,0.00000,0.18381,0.03926,0.04589,0.00000,-0.00176,0.05250,-5.00000,-0.05634,-0.06194,0.00000,0.00000
1722032088.299763,202.000,186.000,67.000,204.000,186.000,66.000,204.000,186.000,66.000, 0.165, 0.198, 2.000, 0.000, 2.000, 0.000,12.106, 0.000, 0.000, 0.000,-61.166, 0.000,66.0000,319.605,239.409,106.474,63.092,463.358, 2.216,-2.203,-0.172, 0.175,-4.951, 0.040,0.00000,0.00000,0.17502,0.03929,0.04532,0.00000,0.04029,-0.08249,5.00000,9.95134,-0.06194,0.00000,0.00000
1722032088.5180311,204.000,186.000,66.000,204.000,186.000,66.000,202.000,186.000,66.000, 0.198, 0.218, 0.000, 0.000, 0.000, 0.000, 0.000, 0.000,-9.162, 0.000,-41.974, 0.000,66.0000,319.900,239.366,106.705,62.981,464.586,-2.226, 2.214, 0.163, 0.159,-4.287,-0.114,0.00000,0.00000,0.15928,0.03939,0.04739,0.00000,-0.11442,-0.07837,5.00000,9.28676,-0.06194,0.00000,0.00000
1722032088.6817112,204.000,186.000,66.000,202.000,186.000,66.000,210.000,188.000,67.000, 0.218, 0.164,-2.000, 0.000,-2.000, 0.000,-9.162, 0.000,48.809,12.202,353.691,74.448,67.0000,325.260,239.515,108.751,63.129,469.323,-2.206, 2.188, 0.092, 0.435,-1.106, 0.276,0.00000,0.00000,0.43548,0.03553,0.04212,0.00000,0.27574,-0.05499,5.00000,6.10625,-0.10528,5.00000,0.00000
1722032088.823922,202.000,186.000,66.000,210.000,188.000,67.000,226.000,182.000,67.000, 0.164, 0.142, 8.000, 2.000, 8.000, 2.000,48.809,12.202,112.587,-42.220,448.788,-382.955,67.0000,328.725,238.980,110.934,61.989,471.517,-2.178, 2.183,-0.002,-0.089, 2.390, 1.696,0.00000,0.00000,-0.08907,0.04323,0.02298,0.00000,1.69632,-0.02477,5.00000,2.60964,-0.11961,8.00000,1.00000
1722032088.991619,210.000,188.000,67.000,226.000,182.000,67.000,240.000,164.000,68.000, 0.142, 0.168,16.000,-6.000,16.000,-6.000,112.587,-42.220,83.561,-107.435,-173.248,-389.245,68.0000,325.786,238.483,109.046,62.396,472.280,-2.183, 2.173,-0.015, 0.310, 2.873, 1.884,0.00000,0.00000,0.31016,0.03630,0.01919,0.00000,1.88407,-0.02871,5.00000,2.12651,-0.08992,5.00000,1.00000
1722032089.156367,226.000,182.000,67.000,240.000,164.000,68.000,260.000,132.000,67.000, 0.168, 0.165,14.000,-18.000,14.000,-18.000,83.561,-107.435,121.212,-193.939,228.189,-524.265,67.0000,321.266,239.264,107.409,62.075,474.420,-2.154, 2.157, 0.002, 0.059, 3.740, 0.157,0.00000,0.00000,0.05932,0.04073,0.03902,0.00000,0.15742,-0.02199,5.00000,1.26044,-0.06758,1.00000,0.00000
1722032089.31761,240.000,164.000,68.000,260.000,132.000,67.000,288.000,122.000,67.000, 0.165, 0.161,20.000,-32.000,20.000,-32.000,121.212,-193.939,173.675,-62.027,325.408,818.209,67.0000,321.857,240.648,108.110,62.718,471.374,-2.187, 2.190, 0.030,-0.048, 1.118, 1.328,0.00000,0.00000,-0.04832,0.04141,0.02031,0.00000,1.32822,-0.06120,5.00000,3.88188,-0.08026,1.00000,0.00000
1722032089.486379,260.000,132.000,67.000,288.000,122.000,67.000,318.000,112.000,67.000, 0.161, 0.169,28.000,-10.000,28.000,-10.000,173.675,-62.027,178.017,-59.339,25.770,15.947,67.0000,323.797,239.561,108.931,62.390,468.810,-2.203, 2.204, 0.014,-0.042, 0.658, 2.601,0.00000,0.00000,-0.04204,0.04102,0.00223,0.00000,2.60067,-0.07123,5.00000,4.34192,-0.09826,3.00000,0.00000
1722032089.651319,288.000,122.000,67.000,318.000,112.000,67.000,348.000,114.000,67.000, 0.169, 0.165,30.000,-10.000,30.000,-10.000,178.017,-59.339,181.594,12.106,21.647,432.467,67.0000,325.579,240.304,109.283,62.949,471.224,-2.190, 2.184, 0.035, 0.183, 1.073, 1.104,0.00000,0.00000,0.18308,0.03802,0.01915,0.00000,1.10419,-0.07361,5.00000,3.92726,-0.11159,5.00000,0.00000
1722032089.828237,318.000,112.000,67.000,348.000,114.000,67.000,374.000,122.000,68.000, 0.165, 0.177,30.000, 2.000,30.000, 2.000,181.594,12.106,147.026,45.239,-195.473,187.360,68.0000,324.040,242.374,108.611,63.462,475.716,-2.166, 2.163, 0.024, 0.161, 2.613, 0.095,0.00000,0.00000,0.16106,0.03890,0.02831,0.00000,0.09545,-0.06129,5.00000,2.38670,-0.10025,4.00000,-2.00000
1722032089.9854772,348.000,114.000,67.000,374.000,122.000,68.000,396.000,132.000,67.000, 0.177, 0.157,26.000, 8.000,26.000, 8.000,147.026,45.239,140.141,63.700,-43.860,117.601,67.0000,323.403,242.019,108.557,63.291,473.514,-2.173, 2.175,-0.001, 0.011, 2.744, 1.300,0.00000,0.00000,0.01076,0.04079,0.01034,0.00000,1.30047,-0.06660,5.00000,2.25592,-0.09724,3.00000,-2.00000
1722032090.13972,374.000,122.000,68.000,396.000,132.000,67.000,422.000,156.000,66.000, 0.157, 0.155,22.000,10.000,22.000,10.000,140.141,63.700,168.206,155.267,181.567,592.388,66.0000,322.591,240.493,108.574,62.303,474.220,-2.172, 2.181, 0.002,-0.179, 2.544, 1.341,0.00000,0.00000,-0.17901,0.04289,0.00900,0.00000,1.34115,-0.07401,5.00000,2.45597,-0.09358,2.00000,0.00000
1722032090.310477,396.000,132.000,67.000,422.000,156.000,66.000,448.000,188.000,68.000, 0.155, 0.171,26.000,24.000,26.000,24.000,168.206,155.267,152.262,187.399,-93.375,188.170,68.0000,323.422,238.673,109.114,61.345,473.440,-2.166, 2.182,-0.019,-0.359, 3.218, 1.818,0.00000,0.00000,-0.35886,0.04484,-0.00006,0.00000,1.81839,-0.06951,5.00000,1.78169,-0.10658,3.00000,1.00000
1722032090.472354,422.000,156.000,66.000,448.000,188.000,68.000,460.000,234.000,68.000, 0.171, 0.162,26.000,32.000,26.000,32.000,152.262,187.399,74.132,284.171,-482.659,597.823,68.0000,323.925,239.932,109.160,62.171,472.031,-2.177, 2.188,-0.049,-0.267, 3.488, 3.100,0.00000,0.00000,-0.26691,0.04324,-0.02028,0.00000,3.10024,-0.07044,5.00000,1.51212,-0.10558,3.00000,0.00000
1722032090.642792,448.000,188.000,68.000,460.000,234.000,68.000,450.000,286.000,67.000, 0.162, 0.170,12.000,46.000,12.000,46.000,74.132,284.171,-58.672,305.093,-779.179,122.751,67.0000,323.015,242.454,108.158,63.221,478.195,-2.152, 2.151, 0.038, 0.161, 2.988,-0.998,0.00000,0.00000,0.16138,0.03786,0.03077,0.00000,-0.99756,-0.08062,5.00000,2.01242,-0.10757,3.00000,-2.00000
1722032090.8016331,460.000,234.000,68.000,450.000,286.000,67.000,424.000,330.000,66.000, 0.170, 0.159,-10.000,52.000,-10.000,52.000,-58.672,305.093,-163.838,277.264,-662.697,-175.364,66.0000,323.004,243.261,108.039,63.664,477.998,-2.153, 2.149, 0.038, 0.225, 3.001,-1.052,0.00000,0.00000,0.22456,0.03822,0.02735,0.00000,-1.05228,-0.08372,5.00000,1.99929,-0.10957,3.00000,-3.00000
1722032090.970994,450.000,286.000,67.000,424.000,330.000,66.000,388.000,356.000,66.000, 0.159, 0.169,-26.000,44.000,-26.000,44.000,-163.838,277.264,-212.509,153.479,-287.312,-730.705,66.0000,323.649,239.837,108.535,62.290,476.218,-2.165, 2.163, 0.033, 0.125, 2.409,-0.174,0.00000,0.00000,0.12462,0.03964,0.01751,0.00000,-0.17359,-0.09572,5.00000,2.59120,-0.11157,3.00000,0.00000
1722032091.137692,424.000,330.000,66.000,388.000,356.000,66.000,356.000,366.000,66.000, 0.169, 0.167,-36.000,26.000,-36.000,26.000,-212.509,153.479,-191.837,59.949,123.927,-560.704,66.0000,324.046,237.590,108.684,61.316,476.367,-2.161, 2.161, 0.012, 0.093, 3.141, 0.243,0.00000,0.00000,0.09275,0.03971,0.01355,0.00000,0.24283,-0.09013,5.00000,1.85907,-0.12224,4.00000,2.00000
1722032091.298074,388.000,356.000,66.000,356.000,366.000,66.000,342.000,368.000,66.000, 0.167, 0.160,-32.000,10.000,-32.000,10.000,-191.837,59.949,-87.295,12.471,651.859,-296.045,66.0000,323.987,238.826,108.708,61.871,474.760,-2.162, 2.166,-0.027,-0.019, 4.018, 1.424,0.00000,0.00000,-0.01914,0.04108,-0.00226,0.00000,1.42427,-0.08310,5.00000,0.98193,-0.11323,3.00000,1.00000
1722032091.460074,356.000,366.000,66.000,342.000,368.000,66.000,346.000,372.000,65.000, 0.160, 0.162,-14.000, 2.000,-14.000, 2.000,-87.295,12.471,24.709,24.709,691.883,75.601,65.0000,323.259,240.391,107.902,63.004,475.755,-2.168, 2.160,-0.028, 0.319, 4.007, 1.430,0.00000,0.00000,0.31905,0.03619,-0.00340,0.00000,1.42962,-0.08653,5.00000,0.99284,-0.11823,3.00000,0.00000
1722032091.625023,342.000,368.000,66.000,346.000,372.000,65.000,368.000,366.000,64.000, 0.162, 0.165, 4.000, 4.000, 4.000, 4.000,24.709,24.709,133.274,-36.348,657.681,-369.878,64.0000,322.972,241.495,109.000,62.130,476.816,-2.149, 2.169, 0.001,-0.412, 3.543, 0.407,0.00000,0.00000,-0.41176,0.04691,0.00756,0.00000,0.40656,-0.09476,5.00000,1.45723,-0.11156,2.00000,-1.00000
1722032091.7884228,346.000,372.000,65.000,368.000,366.000,64.000,402.000,346.000,63.000, 0.165, 0.163,22.000,-6.000,22.000,-6.000,133.274,-36.348,208.276,-122.515,459.439,-527.841,63.0000,322.995,241.090,108.635,62.337,477.000,-2.154, 2.165,-0.003,-0.177, 3.641, 0.508,0.00000,0.00000,-0.17739,0.04176,0.00384,0.00000,0.50831,-0.09565,5.00000,1.35886,-0.11589,2.00000,-1.00000
1722032091.9675462,368.000,366.000,64.000,402.000,346.000,63.000,438.000,310.000,66.000, 0.163, 0.179,34.000,-20.000,34.000,-20.000,208.276,-122.515,200.809,-200.809,-41.650,-436.724,66.0000,324.085,240.683,108.429,62.858,476.823,-2.163, 2.158,-0.005, 0.241, 3.618, 0.632,0.00000,0.00000,0.24136,0.03690,0.00130,0.00000,0.63224,-0.09882,5.00000,1.38173,-0.13456,4.00000,0.00000
1722032092.125833,402.000,346.000,63.000,438.000,310.000,66.000,456.000,264.000,65.000, 0.179, 0.158,36.000,-36.000,36.000,-36.000,200.809,-200.809,113.723,-290.624,-550.204,-567.448,65.0000,323.791,240.436,108.339,62.682,476.841,-2.160, 2.157,-0.006, 0.201, 3.778, 0.543,0.00000,0.00000,0.20135,0.03857,0.00144,0.00000,0.54261,-0.09939,5.00000,1.22167,-0.12255,3.00000,0.00000
1722032092.283187,438.000,310.000,66.000,456.000,264.000,65.000,452.000,218.000,64.000, 0.158, 0.157,18.000,-46.000,18.000,-46.000,113.723,-290.624,-25.430,-292.448,-884.672,-11.592,64.0000,322.597,240.617,108.192,62.182,478.322,-2.145, 2.154,-0.021,-0.093, 4.704, 0.414,0.00000,0.00000,-0.09257,0.04232,0.00195,0.00000,0.41416,-0.08956,5.00000,0.29555,-0.11888,2.00000,0.00000
1722032092.4331808,456.000,264.000,65.000,452.000,218.000,64.000,444.000,192.000,66.000, 0.157, 0.150,-4.000,-46.000,-4.000,-46.000,-25.430,-292.448,-53.422,-173.622,-186.922,793.491,66.0000,322.155,240.633,108.177,62.115,477.404,-2.147, 2.159,-0.016,-0.179, 4.367, 0.486,0.00000,0.00000,-0.17930,0.04266,-0.00005,0.00000,0.48650,-0.09610,5.00000,0.63262,-0.12322,2.00000,0.00000
1722032092.5905259,452.000,218.000,64.000,444.000,192.000,66.000,438.000,176.000,68.000, 0.150, 0.158,-8.000,-26.000,-8.000,-26.000,-53.422,-173.622,-38.057,-101.484,97.459,457.550,68.0000,322.249,241.001,108.216,62.306,477.306,-2.148, 2.160,-0.025,-0.186, 4.519, 0.832,0.00000,0.00000,-0.18646,0.04258,-0.00558,0.00000,0.83223,-0.09480,5.00000,0.48053,-0.12455,2.00000,-1.00000
1722032092.7581801,444.000,192.000,66.000,438.000,176.000,68.000,436.000,174.000,68.000, 0.158, 0.168,-6.000,-16.000,-6.000,-16.000,-38.057,-101.484,-11.931,-11.931,155.853,534.237,68.0000,322.154,240.795,108.218,62.264,476.530,-2.151, 2.164,-0.037,-0.226, 4.639, 1.351,0.00000,0.00000,-0.22552,0.04318,-0.01372,0.00000,1.35071,-0.09437,5.00000,0.36094,-0.12588,2.00000,0.00000
1722032092.91704,438.000,176.000,68.000,436.000,174.000,68.000,442.000,184.000,66.000, 0.168, 0.159,-2.000,-2.000,-2.000,-2.000,-11.931,-11.931,37.778,62.963,312.985,471.560,66.0000,321.938,240.707,108.207,62.158,476.819,-2.152, 2.165,-0.031,-0.248, 4.430, 1.248,0.00000,0.00000,-0.24846,0.04349,-0.01426,0.00000,1.24844,-0.09809,5.00000,0.56964,-0.11855,1.00000,0.00000
1722032093.086781,436.000,174.000,68.000,442.000,184.000,66.000,452.000,212.000,68.000, 0.159, 0.169, 6.000,10.000, 6.000,10.000,37.778,62.963,59.016,165.244,125.337,603.619,68.0000,321.773,241.114,108.087,62.256,477.859,-2.147, 2.160,-0.029,-0.233, 4.669, 0.909,0.00000,0.00000,-0.23266,0.04333,-0.01233,0.00000,0.90949,-0.09569,5.00000,0.33056,-0.12222,1.00000,-1.00000
1722032093.247734,442.000,184.000,66.000,452.000,212.000,68.000,458.000,244.000,68.000, 0.169, 0.161,10.000,28.000,10.000,28.000,59.016,165.244,37.247,198.652,-135.136,207.391,68.0000,322.375,241.515,108.180,61.893,482.558,-2.120, 2.140,-0.053,-0.322, 6.662, 0.237,0.00000,0.00000,-0.32162,0.04469,-0.00558,0.00000,0.23689,-0.06981,5.00000,-1.66207,-0.13155,2.00000,-1.00000
1722032093.421247,452.000,212.000,68.000,458.000,244.000,68.000,448.000,292.000,66.000, 0.161, 0.173, 6.000,32.000, 6.000,32.000,37.247,198.652,-57.679,276.861,-547.532,451.107,66.0000,322.678,242.071,107.919,62.901,479.891,-2.141, 2.143, 0.008, 0.137, 4.332,-0.744,0.00000,0.00000,0.13656,0.03840,0.00618,0.00000,-0.74418,-0.10094,5.00000,0.66812,-0.12988,2.00000,-2.00000
1722032093.5898728,458.000,244.000,68.000,448.000,292.000,66.000,418.000,332.000,66.000, 0.173, 0.169,-10.000,48.000,-10.000,48.000,-57.679,276.861,-177.605,236.807,-709.980,-237.129,66.0000,320.739,240.497,106.928,62.392,479.710,-2.142, 2.139, 0.029, 0.274, 3.842,-1.397,0.00000,0.00000,0.27424,0.03785,0.01501,0.00000,-1.39734,-0.10538,5.00000,1.15776,-0.11387,0.00000,0.00000
1722032093.7503629,448.000,292.000,66.000,418.000,332.000,66.000,382.000,362.000,66.000, 0.169, 0.161,-30.000,40.000,-30.000,40.000,-177.605,236.807,-224.203,186.836,-290.203,-311.213,66.0000,320.938,239.584,107.832,61.334,478.993,-2.139, 2.154, 0.019,-0.232, 3.807,-0.800,0.00000,0.00000,-0.23200,0.04496,0.00876,0.00000,-0.79958,-0.10744,5.00000,1.19336,-0.11988,0.00000,0.00000
1722032093.909954,418.000,332.000,66.000,382.000,362.000,66.000,356.000,368.000,66.000, 0.161, 0.160,-36.000,30.000,-36.000,30.000,-224.203,186.836,-162.924,37.598,383.992,-935.169,66.0000,322.311,238.613,107.966,61.248,479.230,-2.138, 2.145, 0.000,-0.026, 4.575,-0.598,0.00000,0.00000,-0.02597,0.04077,0.00853,0.00000,-0.59827,-0.09940,5.00000,0.42461,-0.13722,2.00000,1.00000
1722032094.0716522,382.000,362.000,66.000,356.000,368.000,66.000,352.000,368.000,64.000, 0.160, 0.162,-26.000, 6.000,-26.000, 6.000,-162.924,37.598,-24.765, 0.000,855.367,-232.775,64.0000,324.106,239.400,108.844,61.724,477.665,-2.147, 2.157,-0.033,-0.123, 4.866, 0.891,0.00000,0.00000,-0.12345,0.04272,-0.01007,0.00000,0.89063,-0.09748,5.00000,0.13402,-0.14988,4.00000,0.00000
1722032094.235422,356.000,368.000,66.000,352.000,368.000,64.000,370.000,364.000,65.000, 0.162, 0.164,-4.000, 0.000,-4.000, 0.000,-24.765, 0.000,109.927,-24.428,822.571,-149.185,65.0000,322.799,240.148,107.884,62.360,478.210,-2.147, 2.149,-0.030, 0.121, 5.010, 0.600,0.00000,0.00000,0.12137,0.03918,-0.00569,0.00000,0.60003,-0.09624,5.00000,-0.00952,-0.12920,2.00000,0.00000
1722032094.403882,352.000,368.000,64.000,370.000,364.000,65.000,402.000,344.000,64.000, 0.164, 0.169,18.000,-4.000,18.000,-4.000,109.927,-24.428,189.717,-118.573,473.049,-558.154,64.0000,319.996,240.144,107.929,61.064,479.084,-2.132, 2.160,-0.003,-0.584, 4.401,-0.204,0.00000,0.00000,-0.58399,0.04938,0.00353,0.00000,-0.20391,-0.10465,5.00000,0.59890,-0.11920,0.00000,0.00000
1722032094.570165,370.000,364.000,65.000,402.000,344.000,64.000,438.000,310.000,67.000, 0.169, 0.166,32.000,-20.000,32.000,-20.000,189.717,-118.573,216.540,-204.510,161.340,-516.910,67.0000,320.782,240.593,107.561,61.768,479.891,-2.133, 2.146, 0.009,-0.161, 4.486,-0.945,0.00000,0.00000,-0.16100,0.04185,0.01273,0.00000,-0.94486,-0.10379,5.00000,0.51434,-0.12521,0.00000,0.00000
1722032094.7278311,402.000,344.000,64.000,438.000,310.000,67.000,456.000,262.000,66.000, 0.166, 0.157,36.000,-34.000,36.000,-34.000,216.540,-204.510,114.305,-304.812,-649.222,-636.943,66.0000,322.745,241.274,109.209,61.535,477.912,-2.136, 2.166, 0.005,-0.639, 3.922,-0.157,0.00000,0.00000,-0.63866,0.04965,0.00287,0.00000,-0.15679,-0.11255,5.00000,1.07781,-0.14255,2.00000,-1.00000
1722032094.901906,438.000,310.000,67.000,456.000,262.000,66.000,456.000,222.000,69.000, 0.157, 0.174,18.000,-48.000,18.000,-48.000,114.305,-304.812, 0.000,-229.504,-655.833,432.088,69.0000,323.489,240.032,108.705,62.416,472.184,-2.174, 2.180,-0.030,-0.110, 3.346, 2.234,0.00000,0.00000,-0.11004,0.04139,-0.02791,0.00000,2.23410,-0.12164,5.00000,1.65434,-0.14654,3.00000,0.00000
1722032095.0647051,456.000,262.000,66.000,456.000,222.000,69.000,448.000,194.000,69.000, 0.174, 0.163, 0.000,-40.000, 0.000,-40.000, 0.000,-229.504,-49.145,-172.008,-301.906,353.204,69.0000,322.476,239.801,108.381,61.808,477.054,-2.151, 2.164,-0.044,-0.245, 4.802, 1.526,0.00000,0.00000,-0.24471,0.04485,-0.01923,0.00000,1.52648,-0.10442,5.00000,0.19790,-0.13687,2.00000,0.00000
1722032095.2343621,456.000,222.000,69.000,448.000,194.000,69.000,438.000,180.000,66.000, 0.163, 0.169,-8.000,-28.000,-8.000,-28.000,-49.145,-172.008,-59.044,-82.662,-58.447,527.538,66.0000,320.955,241.271,107.810,61.542,481.595,-2.117, 2.141,-0.016,-0.392, 5.761,-0.851,0.00000,0.00000,-0.39232,0.04656,0.00875,0.00000,-0.85111,-0.09406,5.00000,-0.76117,-0.12386,0.00000,-1.00000
1722032095.388897,448.000,194.000,69.000,438.000,180.000,66.000,442.000,188.000,67.000, 0.169, 0.155,-10.000,-14.000,-10.000,-14.000,-59.044,-82.662,25.868,51.735,549.118,869.136,67.0000,320.527,242.169,107.772,61.878,481.993,-2.121, 2.144, 0.004,-0.384, 4.992,-1.178,0.00000,0.00000,-0.38385,0.04620,0.01130,0.00000,-1.17847,-0.10437,5.00000,0.00831,-0.12987,0.00000,-2.00000
1722032095.563592,438.000,180.000,66.000,442.000,188.000,67.000,454.000,218.000,68.000, 0.155, 0.175, 4.000, 8.000, 4.000, 8.000,25.868,51.735,68.678,171.695,245.009,686.545,68.0000,321.776,240.125,107.731,62.024,478.740,-2.143, 2.150,-0.022,-0.036, 4.896, 0.299,0.00000,0.00000,-0.03626,0.04173,-0.00678,0.00000,0.29864,-0.10452,5.00000,0.10411,-0.13854,1.00000,0.00000
1722032095.726315,442.000,188.000,67.000,454.000,218.000,68.000,454.000,260.000,66.000, 0.175, 0.163,12.000,30.000,12.000,30.000,68.678,171.695, 0.000,258.347,-422.445,533.008,66.0000,322.038,238.886,107.859,61.686,476.996,-2.151, 2.156,-0.013,-0.004, 4.225, 0.451,0.00000,0.00000,-0.00420,0.04236,-0.00722,0.00000,0.45148,-0.11364,5.00000,0.77514,-0.14487,2.00000,1.00000
1722032095.885303,454.000,218.000,68.000,454.000,260.000,66.000,440.000,304.000,66.000, 0.163, 0.159, 0.000,42.000, 0.000,42.000, 0.000,258.347,-88.056,276.747,-553.844,115.730,66.0000,321.327,238.714,107.614,61.353,479.113,-2.143, 2.150,-0.003,-0.031, 4.387,-0.205,0.00000,0.00000,-0.03108,0.04282,0.00097,0.00000,-0.20491,-0.11199,5.00000,0.61269,-0.13453,1.00000,1.00000
1722032096.055291,454.000,260.000,66.000,440.000,304.000,66.000,414.000,336.000,65.000, 0.159, 0.170,-14.000,44.000,-14.000,44.000,-88.056,276.747,-152.839,188.109,-380.820,-521.048,65.0000,320.679,240.648,108.085,61.232,480.133,-2.127, 2.154,-0.004,-0.535, 4.785,-0.525,0.00000,0.00000,-0.53464,0.04955,0.00472,0.00000,-0.52523,-0.10810,5.00000,0.21549,-0.12953,0.00000,0.00000
1722032096.2184901,440.000,304.000,66.000,414.000,336.000,65.000,392.000,356.000,65.000, 0.170, 0.163,-26.000,32.000,-26.000,32.000,-152.839,188.109,-134.642,122.401,111.368,-402.136,65.0000,320.925,240.962,107.986,61.484,480.290,-2.125, 2.149,-0.002,-0.428, 4.917,-0.760,0.00000,0.00000,-0.42750,0.04686,0.00845,0.00000,-0.75994,-0.10734,5.00000,0.08302,-0.13253,0.00000,0.00000
1722032096.3782551,414.000,336.000,65.000,392.000,356.000,65.000,386.000,358.000,66.000, 0.163, 0.160,-22.000,20.000,-22.000,20.000,-134.642,122.401,-37.580,12.527,607.927,-688.179,66.0000,321.890,240.391,107.746,62.084,479.352,-2.140, 2.147,-0.023,-0.031, 5.081, 0.150,0.00000,0.00000,-0.03052,0.04203,-0.00267,0.00000,0.15049,-0.10548,5.00000,-0.08125,-0.14120,1.00000,0.00000
1722032096.54428,392.000,356.000,65.000,386.000,358.000,66.000,394.000,352.000,65.000, 0.160, 0.166,-6.000, 2.000,-6.000, 2.000,-37.580,12.527,48.164,-36.123,516.226,-292.898,65.0000,322.073,240.081,107.753,62.009,478.849,-2.139, 2.146,-0.028,-0.022, 5.290, 0.223,0.00000,0.00000,-0.02160,0.04312,-0.00258,0.00000,0.22311,-0.10275,5.00000,-0.28988,-0.14754,2.00000,0.00000
1722032096.713181,386.000,358.000,66.000,394.000,352.000,65.000,416.000,332.000,64.000, 0.166, 0.169, 8.000,-6.000, 8.000,-6.000,48.164,-36.123,130.366,-118.514,487.102,-488.226,64.0000,321.196,239.694,107.356,61.973,478.872,-2.144, 2.149,-0.026, 0.041, 4.997, 0.405,0.00000,0.00000,0.04101,0.04231,-0.00538,0.00000,0.40500,-0.10644,5.00000,0.00341,-0.13719,1.00000,0.00000
1722032096.879678,394.000,352.000,65.000,416.000,332.000,64.000,438.000,304.000,66.000, 0.169, 0.166,22.000,-20.000,22.000,-20.000,130.366,-118.514,132.426,-168.542,12.400,-301.134,66.0000,320.618,240.344,107.489,61.615,480.108,-2.130, 2.145,-0.004,-0.199, 4.941,-0.692,0.00000,0.00000,-0.19887,0.04572,0.00890,0.00000,-0.69209,-0.10676,5.00000,0.05911,-0.13219,0.00000,0.00000
1722032097.049101,416.000,332.000,64.000,438.000,304.000,66.000,450.000,264.000,63.000, 0.166, 0.170,22.000,-28.000,22.000,-28.000,132.426,-168.542,70.610,-235.368,-363.734,-393.215,63.0000,320.555,240.194,107.726,61.465,479.373,-2.134, 2.154,-0.013,-0.344, 4.809,-0.077,0.00000,0.00000,-0.34417,0.04706,0.00033,0.00000,-0.07714,-0.10857,5.00000,0.19068,-0.13520,0.00000,0.00000
1722032097.212966,438.000,304.000,66.000,450.000,264.000,63.000,452.000,234.000,63.000, 0.170, 0.164,12.000,-40.000,12.000,-40.000,70.610,-235.368,12.206,-183.090,-356.441,319.052,63.0000,321.587,240.701,108.465,61.279,479.666,-2.126, 2.155,-0.033,-0.611, 5.522, 0.292,0.00000,0.00000,-0.61097,0.05040,-0.00357,0.00000,0.29159,-0.09914,5.00000,-0.52180,-0.14387,1.00000,0.00000
1722032097.3742971,450.000,264.000,63.000,452.000,234.000,63.000,452.000,214.000,66.000, 0.164, 0.161, 2.000,-30.000, 2.000,-30.000,12.206,-183.090, 0.000,-124.024,-75.692,366.278,66.0000,321.854,240.710,108.060,61.996,478.489,-2.139, 2.155,-0.042,-0.268, 5.370, 0.886,0.00000,0.00000,-0.26838,0.04528,-0.01162,0.00000,0.88556,-0.10122,5.00000,-0.36969,-0.14153,1.00000,0.00000
1722032097.5412421,452.000,234.000,63.000,452.000,214.000,66.000,450.000,210.000,66.000, 0.161, 0.167, 0.000,-20.000, 0.000,-20.000, 0.000,-124.024,-11.975,-23.950,-71.698,599.187,66.0000,321.167,240.207,107.612,62.008,478.180,-2.144, 2.155,-0.033,-0.130, 5.001, 0.778,0.00000,0.00000,-0.13033,0.04458,-0.01104,0.00000,0.77801,-0.10522,5.00000,-0.00129,-0.14220,1.00000,0.00000
1722032097.704341,452.000,214.000,66.000,450.000,210.000,66.000,454.000,222.000,67.000, 0.167, 0.163,-2.000,-4.000,-2.000,-4.000,-11.975,-23.950,24.520,73.560,223.715,597.740,67.0000,320.672,239.915,107.577,61.560,479.978,-2.136, 2.153,-0.056,-0.302, 5.872, 1.130,0.00000,0.00000,-0.30184,0.04737,-0.01751,0.00000,1.12975,-0.09292,5.00000,-0.87186,-0.13419,0.00000,0.00000
1722032097.870682,450.000,210.000,66.000,454.000,222.000,67.000,454.000,242.000,67.000, 0.163, 0.166, 4.000,12.000, 4.000,12.000,24.520,73.560, 0.000,120.325,-147.520,281.351,67.0000,320.219,240.634,107.410,61.497,482.275,-2.123, 2.144,-0.048,-0.358, 6.313, 0.302,0.00000,0.00000,-0.35790,0.04776,-0.00806,0.00000,0.30235,-0.08652,5.00000,-1.31324,-0.13720,0.00000,0.00000
1722032098.0327759,454.000,222.000,67.000,454.000,242.000,67.000,452.000,276.000,67.000, 0.166, 0.162, 0.000,20.000, 0.000,20.000, 0.000,120.325,-12.346,209.878,-76.209,552.799,67.0000,320.455,241.188,107.407,62.160,479.211,-2.137, 2.150,-0.005,-0.157, 4.598,-0.329,0.00000,0.00000,-0.15657,0.04506,-0.00139,0.00000,-0.32902,-0.10772,5.00000,0.40206,-0.13720,0.00000,-1.00000
1722032098.206506,454.000,242.000,67.000,452.000,276.000,67.000,436.000,310.000,66.000, 0.162, 0.174,-2.000,34.000,-2.000,34.000,-12.346,209.878,-92.188,195.899,-460.026,-80.546,66.0000,320.569,241.967,107.258,62.537,480.228,-2.135, 2.142, 0.023, 0.006, 4.117,-1.368,0.00000,0.00000,0.00625,0.04354,0.01235,0.00000,-1.36811,-0.11243,5.00000,0.88253,-0.13720,0.00000,-1.00000
1722032098.4506218,452.000,276.000,67.000,436.000,310.000,66.000,416.000,336.000,66.000, 0.174, 0.244,-16.000,34.000,-16.000,34.000,-92.188,195.899,-81.878,106.441,42.207,-366.229,66.0000,320.764,241.486,107.586,62.247,479.621,-2.139, 2.150, 0.011,-0.139, 4.124,-0.689,0.00000,0.00000,-0.13895,0.04599,0.00435,0.00000,-0.68857,-0.04588,0.00000,-4.12433,-0.13720,0.00000,-1.00000
1722032098.6398551,436.000,310.000,66.000,416.000,336.000,66.000,392.000,352.000,65.000, 0.244, 0.189,-20.000,26.000,-20.000,26.000,-81.878,106.441,-127.101,84.734,-239.496,-114.959,65.0000,322.421,238.522,107.980,61.435,478.493,-2.146, 2.152,-0.026,-0.016, 4.860, 0.548,0.00000,0.00000,-0.01556,0.04395,-0.00995,0.00000,0.54819,-0.03523,0.00000,-4.86023,-0.15453,2.00000,1.00000
1722032098.790265,416.000,336.000,66.000,392.000,352.000,65.000,396.000,346.000,65.000, 0.189, 0.151,-24.000,16.000,-24.000,16.000,-127.101,84.734,26.501,-39.752,1017.667,-824.761,65.0000,319.716,238.124,106.488,61.664,478.371,-2.153, 2.147, 0.016, 0.305, 3.622,-0.514,0.00000,0.00000,0.30485,0.04001,0.00515,0.00000,-0.51428,-0.04334,0.00000,-3.62199,-0.13252,0.00000,1.00000
1722032098.961183,392.000,352.000,65.000,396.000,346.000,65.000,408.000,336.000,64.000, 0.151, 0.171, 4.000,-6.000, 4.000,-6.000,26.501,-39.752,70.191,-58.492,255.552,-109.618,64.0000,316.868,238.721,105.751,61.860,474.762,-2.167, 2.167, 0.042, 0.089, 2.001,-0.239,0.00000,0.00000,0.08858,0.04374,0.00087,0.00000,-0.23870,-0.05613,0.00000,-2.00066,-0.11252,-3.00000,1.00000
1722032099.119065,396.000,346.000,65.000,408.000,336.000,64.000,418.000,322.000,64.000, 0.171, 0.158,12.000,-10.000,12.000,-10.000,70.191,-58.492,63.305,-88.627,-43.593,-190.764,64.0000,314.844,240.934,105.516,62.099,475.955,-2.158, 2.171, 0.048,-0.281, 1.990,-0.527,0.00000,0.00000,-0.28074,0.04803,0.00564,0.00000,-0.52655,-0.04985,0.00000,-1.98960,-0.10219,-5.00000,0.00000
1722032099.28779,408.000,336.000,64.000,418.000,322.000,64.000,430.000,312.000,65.000, 0.158, 0.169,10.000,-14.000,10.000,-14.000,63.305,-88.627,71.123,-59.269,46.340,173.999,65.0000,317.284,240.920,105.914,62.664,476.324,-2.162, 2.161, 0.055, 0.109, 1.949,-0.877,0.00000,0.00000,0.10868,0.04180,0.01100,0.00000,-0.87731,-0.04640,0.00000,-1.94888,-0.13088,-2.00000,0.00000
1722032099.454439,418.000,322.000,64.000,430.000,312.000,65.000,436.000,306.000,66.000, 0.169, 0.167,12.000,-10.000,12.000,-10.000,71.123,-59.269,36.006,-36.006,-210.739,139.605,66.0000,320.118,240.669,107.303,62.281,477.115,-2.156, 2.160, 0.066,-0.010, 1.853,-1.328,0.00000,0.00000,-0.00989,0.04452,0.01831,0.00000,-1.32793,-0.04374,0.00000,-1.85284,-0.13787,0.00000,0.00000
1722032099.6183538,430.000,312.000,65.000,436.000,306.000,66.000,438.000,298.000,66.000, 0.167, 0.164, 6.000,-6.000, 6.000,-6.000,36.006,-36.006,12.209,-48.836,-145.267,-78.319,66.0000,318.751,240.138,106.377,62.507,476.033,-2.164, 2.160, 0.052, 0.198, 1.989,-0.756,0.00000,0.00000,0.19809,0.04136,0.01256,0.00000,-0.75581,-0.03806,0.00000,-1.98914,-0.12320,-1.00000,0.00000
1722032099.769761,436.000,306.000,66.000,438.000,298.000,66.000,436.000,298.000,66.000, 0.164, 0.151, 2.000,-8.000, 2.000,-8.000,12.209,-48.836,-13.212, 0.000,-167.921,322.596,66.0000,316.546,239.714,106.230,61.774,474.188,-2.168, 2.180, 0.051,-0.261, 1.344,-0.027,0.00000,0.00000,-0.26133,0.04809,0.00509,0.00000,-0.02736,-0.04299,0.00000,-1.34442,-0.10820,-3.00000,0.00000
1722032099.905918,438.000,298.000,66.000,436.000,298.000,66.000,434.000,302.000,65.000, 0.151, 0.136,-2.000, 0.000,-2.000, 0.000,-13.212, 0.000,-14.689,29.377,-10.848,215.755,65.0000,316.612,240.027,106.070,62.015,475.015,-2.166, 2.174, 0.060,-0.144, 1.357,-0.518,0.00000,0.00000,-0.14359,0.04525,0.01286,0.00000,-0.51787,-0.03917,0.00000,-1.35680,-0.11221,-3.00000,0.00000
1722032100.044131,436.000,298.000,66.000,434.000,302.000,65.000,432.000,304.000,66.000, 0.136, 0.138,-2.000, 4.000,-2.000, 4.000,-14.689,29.377,-14.455,14.455, 1.688,-107.850,66.0000,316.956,240.226,106.174,61.931,476.927,-2.156, 2.164, 0.066,-0.128, 1.769,-1.251,0.00000,0.00000,-0.12754,0.04546,0.02305,0.00000,-1.25050,-0.03091,0.00000,-1.76903,-0.11021,-3.00000,0.00000
1722032100.198156,434.000,302.000,65.000,432.000,304.000,66.000,430.000,312.000,66.000, 0.138, 0.154,-2.000, 2.000,-2.000, 2.000,-14.455,14.455,-12.995,51.982, 9.484,243.839,66.0000,318.572,240.136,106.536,62.489,474.395,-2.175, 2.174, 0.053, 0.084, 1.286,-0.076,0.00000,0.00000,0.08377,0.04272,0.00860,0.00000,-0.07591,-0.03452,0.00000,-1.28598,-0.12555,-1.00000,0.00000
1722032100.336118,432.000,304.000,66.000,430.000,312.000,66.000,428.000,316.000,66.000, 0.154, 0.138,-2.000, 8.000,-2.000, 8.000,-12.995,51.982,-14.495,28.990,-10.869,-166.633,66.0000,318.881,239.801,106.719,62.423,472.676,-2.182, 2.182, 0.046, 0.048, 1.041, 0.532,0.00000,0.00000,0.04783,0.04379,0.00230,0.00000,0.53250,-0.03453,0.00000,-1.04128,-0.11888,-1.00000,0.00000
1722032100.467654,430.000,312.000,66.000,428.000,316.000,66.000,422.000,322.000,65.000, 0.138, 0.132,-2.000, 4.000,-2.000, 4.000,-14.495,28.990,-45.581,45.581,-236.157,126.039,65.0000,318.694,239.756,106.455,62.549,473.059,-2.181, 2.176, 0.056, 0.162, 0.945, 0.087,0.00000,0.00000,0.16193,0.04212,0.00816,0.00000,0.08740,-0.03338,0.00000,-0.94478,-0.11821,-1.00000,0.00000
1722032100.60733,428.000,316.000,66.000,422.000,322.000,65.000,420.000,328.000,66.000, 0.132, 0.140,-6.000, 6.000,-6.000, 6.000,-45.581,45.581,-14.315,42.944,223.785,-18.876,66.0000,317.393,240.479,106.748,61.855,474.462,-2.161, 2.177, 0.066,-0.376, 1.261,-0.708,0.00000,0.00000,-0.37572,0.04964,0.01805,0.00000,-0.70805,-0.02708,0.00000,-1.26114,-0.10887,-2.00000,0.00000
1722032100.7614222,422.000,322.000,65.000,420.000,328.000,66.000,408.000,334.000,64.000, 0.140, 0.154,-2.000, 6.000,-2.000, 6.000,-14.315,42.944,-77.945,38.972,-413.304,-25.796,64.0000,317.272,241.078,106.144,62.671,474.585,-2.169, 2.170, 0.081,-0.015, 0.793,-1.078,0.00000,0.00000,-0.01512,0.04335,0.02326,0.00000,-1.07759,-0.03136,0.00000,-0.79283,-0.11055,-2.00000,-1.00000
1722032100.92287,420.000,328.000,66.000,408.000,334.000,64.000,400.000,346.000,66.000, 0.154, 0.161,-12.000, 6.000,-12.000, 6.000,-77.945,38.972,-49.595,74.393,175.751,219.585,66.0000,317.435,240.991,106.230,62.608,474.947,-2.169, 2.169, 0.106,-0.013, 0.125,-1.731,0.00000,0.00000,-0.01294,0.04441,0.03367,0.00000,-1.73050,-0.03809,0.00000,-0.12476,-0.10921,-2.00000,0.00000
1722032101.0566201,408.000,334.000,64.000,400.000,346.000,66.000,390.000,352.000,67.000, 0.161, 0.134,-8.000,12.000,-8.000,12.000,-49.595,74.393,-74.613,44.768,-186.669,-221.040,67.0000,319.123,239.450,106.609,62.435,473.572,-2.182, 2.174, 0.098, 0.198,-0.169,-0.977,0.00000,0.00000,0.19764,0.04158,0.02598,0.00000,-0.97716,-0.04080,0.00000,0.16911,-0.12522,0.00000,0.00000
1722032101.190062,400.000,346.000,66.000,390.000,352.000,67.000,382.000,356.000,66.000, 0.134, 0.133,-10.000, 6.000,-10.000, 6.000,-74.613,44.768,-59.951,29.975,109.880,-110.854,66.0000,319.964,238.588,107.049,62.024,472.594,-2.182, 2.178, 0.059, 0.120, 0.812, 0.101,0.00000,0.00000,0.12049,0.04315,0.01451,0.00000,0.10073,-0.02746,0.00000,-0.81157,-0.11921,0.00000,1.00000
1722032101.3204741,390.000,352.000,67.000,382.000,356.000,66.000,380.000,358.000,66.000, 0.133, 0.130,-8.000, 4.000,-8.000, 4.000,-59.951,29.975,-15.368,15.368,342.580,-112.243,66.0000,319.498,238.062,106.935,61.752,472.328,-2.183, 2.182, 0.036, 0.064, 1.286, 0.831,0.00000,0.00000,0.06436,0.04362,0.00607,0.00000,0.83116,-0.02091,0.00000,-1.28579,-0.11921,0.00000,1.00000
1722032101.45711,382.000,356.000,66.000,380.000,358.000,66.000,382.000,356.000,66.000, 0.130, 0.137,-2.000, 2.000,-2.000, 2.000,-15.368,15.368,14.608,-14.608,218.955,-218.955,66.0000,318.067,238.791,106.646,61.641,473.392,-2.172, 2.178, 0.059,-0.132, 1.110,-0.194,0.00000,0.00000,-0.13161,0.04606,0.01934,0.00000,-0.19350,-0.02143,0.00000,-1.10985,-0.11054,-1.00000,1.00000
1722032101.6220858,380.000,358.000,66.000,382.000,356.000,66.000,392.000,352.000,66.000, 0.137, 0.165, 2.000,-2.000, 2.000,-2.000,14.608,-14.608,60.680,-24.272,279.558,-58.638,66.0000,317.049,240.286,105.942,62.601,473.281,-2.181, 2.178, 0.080, 0.068, 0.259,-0.468,0.00000,0.00000,0.06825,0.04284,0.02189,0.00000,-0.46822,-0.03043,0.00000,-0.25922,-0.10421,-2.00000,0.00000
1722032101.78828,382.000,356.000,66.000,392.000,352.000,66.000,398.000,342.000,64.000, 0.165, 0.166,10.000,-4.000,10.000,-4.000,60.680,-24.272,36.099,-60.165,-147.889,-215.953,64.0000,317.193,240.345,105.986,62.640,472.994,-2.179, 2.178, 0.067, 0.066, 0.655,-0.202,0.00000,0.00000,0.06572,0.04344,0.01883,0.00000,-0.20218,-0.02329,0.00000,-0.65514,-0.10588,-2.00000,0.00000
1722032101.9555142,392.000,352.000,66.000,398.000,342.000,64.000,408.000,338.000,65.000, 0.166, 0.167, 6.000,-10.000, 6.000,-10.000,36.099,-60.165,59.779,-23.912,141.556,216.721,65.0000,319.611,239.909,106.882,62.693,471.594,-2.191, 2.185, 0.074, 0.149,-0.067, 0.177,0.00000,0.00000,0.14856,0.04228,0.01451,0.00000,0.17728,-0.03233,0.00000,0.06743,-0.12189,0.00000,0.00000
1722032102.1181152,398.000,342.000,64.000,408.000,338.000,65.000,410.000,334.000,65.000, 0.167, 0.163,10.000,-4.000,10.000,-4.000,59.779,-23.912,12.291,-24.581,-291.833,-4.117,65.0000,319.250,239.493,106.252,62.930,472.472,-2.191, 2.175, 0.070, 0.445, 0.326, 0.002,0.00000,0.00000,0.44497,0.03846,0.01708,0.00000,0.00234,-0.02607,0.00000,-0.32552,-0.11588,0.00000,0.00000
1722032102.2540202,408.000,338.000,65.000,410.000,334.000,65.000,412.000,332.000,65.000, 0.163, 0.136, 2.000,-4.000, 2.000,-4.000,12.291,-24.581,14.716,-14.716,17.846,72.590,65.0000,318.114,239.651,106.251,62.452,472.934,-2.179, 2.175, 0.060, 0.128, 0.961,-0.107,0.00000,0.00000,0.12824,0.04340,0.01829,0.00000,-0.10676,-0.01743,0.00000,-0.96128,-0.10721,-1.00000,0.00000
1722032102.409363,410.000,334.000,65.000,412.000,332.000,65.000,412.000,332.000,65.000, 0.136, 0.155, 2.000,-2.000, 2.000,-2.000,14.716,-14.716, 0.000, 0.000,-94.865,94.865,65.0000,317.315,240.120,106.022,62.502,473.682,-2.176, 2.174, 0.070, 0.074, 0.799,-0.462,0.00000,0.00000,0.07395,0.04312,0.02314,0.00000,-0.46238,-0.01865,0.00000,-0.79941,-0.10088,-2.00000,0.00000
1722032102.551645,412.000,332.000,65.000,412.000,332.000,65.000,412.000,334.000,66.000, 0.155, 0.142, 0.000, 0.000, 0.000, 0.000, 0.000, 0.000, 0.000,14.036, 0.000,98.507,66.0000,317.416,240.231,105.994,62.647,473.673,-2.180, 2.176, 0.067, 0.128, 0.706,-0.253,0.00000,0.00000,0.12818,0.04219,0.02071,0.00000,-0.25347,-0.01807,0.00000,-0.70639,-0.10255,-2.00000,0.00000
1722032102.70434,412.000,332.000,65.000,412.000,334.000,66.000,410.000,336.000,65.000, 0.142, 0.152, 0.000, 2.000, 0.000, 2.000, 0.000,14.036,-13.160,13.160,-86.598,-5.763,65.0000,317.926,240.151,106.280,62.622,472.647,-2.184, 2.181, 0.080, 0.086, 0.077,-0.274,0.00000,0.00000,0.08632,0.04285,0.02181,0.00000,-0.27420,-0.02501,0.00000,-0.07718,-0.10122,-2.00000,0.00000
1722032102.8584151,412.000,334.000,66.000,410.000,336.000,65.000,408.000,336.000,66.000, 0.152, 0.155,-2.000, 2.000,-2.000, 2.000,-13.160,13.160,-12.930, 0.000, 1.489,-85.083,66.0000,318.467,239.633,106.391,62.623,471.024,-2.194, 2.188, 0.064, 0.154, 0.059, 0.593,0.00000,0.00000,0.15402,0.04177,0.01062,0.00000,0.59265,-0.02416,0.00000,-0.05866,-0.10856,-1.00000,0.00000
1722032103.008339,410.000,336.000,65.000,408.000,336.000,66.000,404.000,340.000,65.000, 0.155, 0.150,-2.000, 0.000,-2.000, 0.000,-12.930, 0.000,-26.690,26.690,-91.811,178.086,65.0000,318.638,239.658,106.396,62.657,471.654,-2.190, 2.184, 0.059, 0.193, 0.394, 0.499,0.00000,0.00000,0.19303,0.04137,0.01200,0.00000,0.49907,-0.01949,0.00000,-0.39412,-0.10489,-1.00000,0.00000
1722032103.174289,408.000,336.000,66.000,404.000,340.000,65.000,400.000,344.000,66.000, 0.150, 0.166,-4.000, 4.000,-4.000, 4.000,-26.690,26.690,-24.113,24.113,15.532,-15.532,66.0000,318.280,240.221,106.350,62.738,472.334,-2.185, 2.181, 0.071, 0.128, 0.306,-0.046,0.00000,0.00000,0.12790,0.04227,0.01823,0.00000,-0.04648,-0.02039,0.00000,-0.30585,-0.10422,-1.00000,0.00000
1722032103.354303,404.000,340.000,65.000,400.000,344.000,66.000,396.000,350.000,66.000, 0.166, 0.180,-4.000, 4.000,-4.000, 4.000,-24.113,24.113,-22.221,33.332,10.510,51.214,66.0000,318.227,240.428,106.289,62.752,473.925,-2.179, 2.173, 0.087, 0.160, 0.264,-0.853,0.00000,0.00000,0.15999,0.04158,0.02840,0.00000,-0.85337,-0.02022,0.00000,-0.26361,-0.10356,-1.00000,0.00000
1722032103.5104482,400.000,344.000,66.000,396.000,350.000,66.000,390.000,352.000,66.000, 0.180, 0.156,-4.000, 6.000,-4.000, 6.000,-22.221,33.332,-38.387,12.796,-103.421,-131.388,66.0000,318.378,240.238,106.425,62.687,472.807,-2.184, 2.180, 0.078, 0.112, 0.203,-0.284,0.00000,0.00000,0.11209,0.04224,0.02120,0.00000,-0.28363,-0.02045,0.00000,-0.20306,-0.10289,-1.00000,0.00000
1722032103.672009,396.000,350.000,66.000,390.000,352.000,66.000,388.000,354.000,67.000, 0.156, 0.161,-6.000, 2.000,-6.000, 2.000,-38.387,12.796,-12.387,12.387,161.026,-2.532,67.0000,319.131,240.183,106.850,62.586,472.310,-2.184, 2.183, 0.080, 0.041, 0.027,-0.231,0.00000,0.00000,0.04126,0.04299,0.02191,0.00000,-0.23090,-0.02232,0.00000,-0.02749,-0.11090,0.00000,0.00000
1722032103.825881,390.000,352.000,66.000,388.000,354.000,67.000,388.000,354.000,66.000, 0.161, 0.154,-2.000, 2.000,-2.000, 2.000,-12.387,12.387, 0.000, 0.000,80.543,-80.543,66.0000,319.495,239.805,106.906,62.565,471.775,-2.189, 2.185, 0.075, 0.103,-0.027, 0.090,0.00000,0.00000,0.10292,0.04193,0.01811,0.00000,0.09048,-0.02274,0.00000,0.02683,-0.10789,0.00000,0.00000
1722032103.9608629,388.000,354.000,67.000,388.000,354.000,66.000,390.000,354.000,67.000, 0.154, 0.135, 0.000, 0.000, 0.000, 0.000, 0.000, 0.000,14.811, 0.000,109.689, 0.000,67.0000,319.497,239.767,106.861,62.610,471.566,-2.191, 2.186, 0.072, 0.132,-0.020, 0.239,0.00000,0.00000,0.13233,0.04167,0.01641,0.00000,0.23866,-0.02262,0.00000,0.02000,-0.10789,0.00000,0.00000
1722032104.1048288,388.000,354.000,66.000,390.000,354.000,67.000,394.000,350.000,66.000, 0.135, 0.144, 2.000, 0.000, 2.000, 0.000,14.811, 0.000,27.741,-27.741,89.670,-192.390,66.0000,319.447,239.817,106.869,62.514,472.641,-2.183, 2.179, 0.070, 0.108, 0.435,-0.110,0.00000,0.00000,0.10777,0.04202,0.02086,0.00000,-0.10990,-0.01652,0.00000,-0.43540,-0.10789,0.00000,0.00000
1722032104.262732,390.000,354.000,67.000,394.000,350.000,66.000,400.000,346.000,66.000, 0.144, 0.158, 4.000,-4.000, 4.000,-4.000,27.741,-27.741,38.037,-25.358,65.270,15.108,66.0000,319.103,239.953,106.806,62.505,472.557,-2.183, 2.181, 0.074, 0.062, 0.243,-0.150,0.00000,0.00000,0.06176,0.04251,0.02110,0.00000,-0.15007,-0.01894,0.00000,-0.24258,-0.10789,0.00000,0.00000
1722032104.402067,394.000,350.000,66.000,400.000,346.000,66.000,400.000,344.000,66.000, 0.158, 0.139, 6.000,-4.000, 6.000,-4.000,38.037,-25.358, 0.000,-14.337,-272.667,79.003,66.0000,318.826,239.962,106.617,62.614,472.004,-2.186, 2.183, 0.068, 0.103, 0.304, 0.142,0.00000,0.00000,0.10323,0.04178,0.01741,0.00000,0.14157,-0.01733,0.00000,-0.30413,-0.09922,-1.00000,0.00000
1722032104.560197,400.000,346.000,66.000,400.000,344.000,66.000,402.000,342.000,66.000, 0.139, 0.158, 0.000,-2.000, 0.000,-2.000, 0.000,-14.337,12.663,-12.663,80.170,10.602,66.0000,318.536,239.723,106.477,62.542,471.903,-2.187, 2.183, 0.071, 0.117, 0.162, 0.087,0.00000,0.00000,0.11658,0.04168,0.01829,0.00000,0.08739,-0.01873,0.00000,-0.16222,-0.10156,-1.00000,0.00000
1722032104.717349,400.000,344.000,66.000,402.000,342.000,66.000,402.000,344.000,66.000, 0.158, 0.157, 2.000,-2.000, 2.000,-2.000,12.663,-12.663, 0.000,12.716,-80.511,161.365,66.0000,318.835,239.720,106.503,62.671,471.501,-2.191, 2.185, 0.065, 0.180, 0.183, 0.420,0.00000,0.00000,0.18004,0.04080,0.01355,0.00000,0.42004,-0.01792,0.00000,-0.18282,-0.10089,-1.00000,0.00000
1722032104.860956,402.000,342.000,66.000,402.000,344.000,66.000,398.000,344.000,64.000, 0.157, 0.144, 0.000, 2.000, 0.000, 2.000, 0.000,12.716,-27.852, 0.000,-193.927,-88.543,64.0000,318.809,239.663,106.513,62.635,471.474,-2.193, 2.186, 0.059, 0.171, 0.244, 0.638,0.00000,0.00000,0.17124,0.04102,0.01026,0.00000,0.63807,-0.01675,0.00000,-0.24440,-0.10023,-1.00000,0.00000
1722032105.0194361,402.000,344.000,66.000,398.000,344.000,64.000,396.000,348.000,67.000, 0.144, 0.158,-4.000, 0.000,-4.000, 0.000,-27.852, 0.000,-12.627,25.255,96.120,159.448,67.0000,318.839,239.776,106.493,62.730,471.149,-2.194, 2.187, 0.066, 0.189, 0.037, 0.527,0.00000,0.00000,0.18863,0.04067,0.01082,0.00000,0.52670,-0.01916,0.00000,-0.03670,-0.09956,-1.00000,0.00000
1722032105.1632378,398.000,344.000,64.000,396.000,348.000,67.000,394.000,350.000,65.000, 0.158, 0.144,-2.000, 4.000,-2.000, 4.000,-12.627,25.255,-13.895,13.895,-8.811,-78.920,65.0000,318.475,240.348,106.419,62.782,472.392,-2.183, 2.178, 0.072, 0.128, 0.411,-0.206,0.00000,0.00000,0.12794,0.04145,0.01949,0.00000,-0.20611,-0.01372,0.00000,-0.41107,-0.09890,-1.00000,0.00000
1722032105.312565,396.000,348.000,67.000,394.000,350.000,65.000,390.000,352.000,66.000, 0.144, 0.149,-2.000, 2.000,-2.000, 2.000,-13.895,13.895,-26.839,13.419,-86.847,-3.194,66.0000,318.442,240.397,106.439,62.750,472.856,-2.182, 2.178, 0.084, 0.115, 0.122,-0.566,0.00000,0.00000,0.11539,0.04138,0.02366,0.00000,-0.56572,-0.01736,0.00000,-0.12216,-0.09823,-1.00000,0.00000
1722032105.452258,394.000,350.000,65.000,390.000,352.000,66.000,390.000,352.000,66.000, 0.149, 0.140,-4.000, 2.000,-4.000, 2.000,-26.839,13.419, 0.000, 0.000,191.812,-95.906,66.0000,318.449,240.479,106.423,62.778,473.155,-2.180, 2.176, 0.087, 0.127, 0.149,-0.721,0.00000,0.00000,0.12709,0.04112,0.02634,0.00000,-0.72061,-0.01632,0.00000,-0.14889,-0.09756,-1.00000,0.00000
1722032105.608973,390.000,352.000,66.000,390.000,352.000,66.000,390.000,352.000,66.000, 0.140, 0.156, 0.000, 0.000, 0.000, 0.000, 0.000, 0.000, 0.000, 0.000, 0.000, 0.000,66.0000,318.431,240.319,106.449,62.725,472.548,-2.183, 2.179, 0.083, 0.105, 0.079,-0.427,0.00000,0.00000,0.10549,0.04139,0.02359,0.00000,-0.42738,-0.01701,0.00000,-0.07901,-0.09690,-1.00000,0.00000
1722032105.7466218,390.000,352.000,66.000,390.000,352.000,66.000,392.000,352.000,66.000, 0.156, 0.138, 0.000, 0.000, 0.000, 0.000, 0.000, 0.000,14.512, 0.000,105.305, 0.000,66.0000,319.009,240.183,106.692,62.707,472.176,-2.187, 2.183, 0.083, 0.110,-0.121,-0.231,0.00000,0.00000,0.10997,0.04121,0.02223,0.00000,-0.23123,-0.01944,0.00000,0.12099,-0.10490,0.00000,0.00000
1722032105.906,390.000,352.000,66.000,392.000,352.000,66.000,392.000,350.000,66.000, 0.138, 0.159, 2.000, 0.000, 2.000, 0.000,14.512, 0.000, 0.000,-12.558,-91.122,-78.850,66.0000,319.229,240.433,106.661,62.913,472.463,-2.187, 2.179, 0.091, 0.186,-0.248,-0.547,0.00000,0.00000,0.18634,0.04013,0.02726,0.00000,-0.54742,-0.02110,0.00000,0.24816,-0.10190,0.00000,0.00000
1722032106.046164,392.000,352.000,66.000,392.000,350.000,66.000,392.000,350.000,65.000, 0.159, 0.140, 0.000,-2.000, 0.000,-2.000, 0.000,-12.558, 0.000, 0.000, 0.000,89.546,65.0000,319.249,240.395,106.661,62.896,472.526,-2.186, 2.178, 0.090, 0.190,-0.170,-0.563,0.00000,0.00000,0.18983,0.04022,0.02809,0.00000,-0.56280,-0.02035,0.00000,0.16975,-0.10190,0.00000,0.00000
1722032106.212692,392.000,350.000,66.000,392.000,350.000,65.000,392.000,350.000,65.000, 0.140, 0.167, 0.000, 0.000, 0.000, 0.000, 0.000, 0.000, 0.000, 0.000, 0.000, 0.000,65.0000,319.143,240.324,106.583,62.957,471.814,-2.191, 2.182, 0.090, 0.212,-0.416,-0.292,0.00000,0.00000,0.21225,0.03984,0.02553,0.00000,-0.29161,-0.02413,0.00000,0.41585,-0.10190,0.00000,0.00000
1722032106.365085,392.000,350.000,65.000,392.000,350.000,65.000,392.000,350.000,66.000, 0.167, 0.152, 0.000, 0.000, 0.000, 0.000, 0.000, 0.000, 0.000, 0.000, 0.000, 0.000,66.0000,319.732,240.076,106.634,63.052,471.598,-2.193, 2.180, 0.077, 0.330,-0.091, 0.023,0.00000,0.00000,0.33020,0.03821,0.02227,0.00000,0.02276,-0.02021,0.00000,0.09132,-0.10190,0.00000,0.00000
1722032106.5045729,392.000,350.000,65.000,392.000,350.000,66.000,394.000,350.000,66.000, 0.152, 0.139, 0.000, 0.000, 0.000, 0.000, 0.000, 0.000,14.339, 0.000,102.805, 0.000,66.0000,319.659,239.891,106.707,62.908,471.028,-2.195, 2.185, 0.076, 0.265,-0.210, 0.249,0.00000,0.00000,0.26526,0.03927,0.01964,0.00000,0.24922,-0.02248,0.00000,0.21010,-0.10190,0.00000,0.00000
1722032106.6640918,392.000,350.000,66.000,394.000,350.000,66.000,394.000,350.000,66.000, 0.139, 0.159, 2.000, 0.000, 2.000, 0.000,14.339, 0.000, 0.000, 0.000,-89.989, 0.000,66.0000,319.749,239.953,106.706,62.931,471.612,-2.192, 2.181, 0.076, 0.288,-0.025, 0.014,0.00000,0.00000,0.28784,0.03864,0.02266,0.00000,0.01367,-0.02022,0.00000,0.02470,-0.10190,0.00000,0.00000
1722032106.832005,394.000,350.000,66.000,394.000,350.000,66.000,394.000,350.000,66.000, 0.159, 0.168, 0.000, 0.000, 0.000, 0.000, 0.000, 0.000, 0.000, 0.000, 0.000, 0.000,66.0000,319.545,240.014,106.644,62.964,471.295,-2.195, 2.184, 0.087, 0.277,-0.490,-0.069,0.00000,0.00000,0.27687,0.03871,0.02339,0.00000,-0.06861,-0.02682,0.00000,0.48953,-0.10190,0.00000,0.00000
1722032106.9692879,394.000,350.000,66.000,394.000,350.000,66.000,394.000,350.000,66.000, 0.168, 0.137, 0.000, 0.000, 0.000, 0.000, 0.000, 0.000, 0.000, 0.000, 0.000, 0.000,66.0000,319.469,240.118,106.647,62.963,471.462,-2.193, 2.183, 0.094, 0.254,-0.621,-0.308,0.00000,0.00000,0.25385,0.03885,0.02664,0.00000,-0.30829,-0.02888,0.00000,0.62117,-0.10190,0.00000,0.00000
1722032107.1276422,394.000,350.000,66.000,394.000,350.000,66.000,392.000,350.000,66.000, 0.137, 0.158, 0.000, 0.000, 0.000, 0.000, 0.000, 0.000,-12.664, 0.000,-80.193, 0.000,66.0000,319.574,239.964,106.641,62.954,471.335,-2.194, 2.183, 0.084, 0.286,-0.373,-0.033,0.00000,0.00000,0.28605,0.03822,0.02318,0.00000,-0.03252,-0.02658,0.00000,0.37347,-0.10190,0.00000,0.00000
1722032107.266994,394.000,350.000,66.000,392.000,350.000,66.000,394.000,350.000,66.000, 0.158, 0.140,-2.000, 0.000,-2.000, 0.000,-12.664, 0.000,14.311, 0.000,193.022, 0.000,66.0000,319.690,239.946,106.907,62.760,470.795,-2.194, 2.188, 0.068, 0.149,-0.088, 0.522,0.00000,0.00000,0.14910,0.04002,0.01617,0.00000,0.52212,-0.02385,0.00000,0.08843,-0.10190,0.00000,0.00000
1722032107.4301472,392.000,350.000,66.000,394.000,350.000,66.000,394.000,350.000,66.000, 0.140, 0.163, 2.000, 0.000, 2.000, 0.000,14.311, 0.000, 0.000, 0.000,-87.774, 0.000,66.0000,319.761,239.928,106.914,62.771,470.871,-2.194, 2.188, 0.065, 0.164, 0.026, 0.593,0.00000,0.00000,0.16380,0.03934,0.01500,0.00000,0.59288,-0.02291,0.00000,-0.02593,-0.10190,0.00000,0.00000
1722032107.592512,394.000,350.000,66.000,394.000,350.000,66.000,394.000,352.000,67.000, 0.163, 0.162, 0.000, 0.000, 0.000, 0.000, 0.000, 0.000, 0.000,12.321, 0.000,75.904,67.0000,319.667,239.927,106.907,62.734,471.065,-2.194, 2.188, 0.078, 0.148,-0.338, 0.267,0.00000,0.00000,0.14765,0.03952,0.01832,0.00000,0.26699,-0.02794,0.00000,0.33756,-0.10190,0.00000,0.00000
1722032107.723187,394.000,350.000,66.000,394.000,352.000,67.000,394.000,350.000,66.000, 0.162, 0.131, 0.000, 2.000, 0.000, 2.000, 0.000,12.321, 0.000,-15.295, 0.000,-211.186,66.0000,319.740,239.908,106.915,62.744,471.150,-2.194, 2.187, 0.074, 0.163,-0.216, 0.341,0.00000,0.00000,0.16281,0.03919,0.01630,0.00000,0.34075,-0.02643,0.00000,0.21596,-0.10190,0.00000,0.00000
1722032107.862228,394.000,352.000,67.000,394.000,350.000,66.000,394.000,350.000,66.000, 0.131, 0.139, 0.000,-2.000, 0.000,-2.000, 0.000,-15.295, 0.000, 0.000, 0.000,109.928,66.0000,319.702,239.956,106.896,62.725,471.910,-2.191, 2.184, 0.074, 0.168,-0.038, 0.156,0.00000,0.00000,0.16848,0.03908,0.01823,0.00000,0.15585,-0.02464,0.00000,0.03824,-0.10190,0.00000,0.00000
1722032108.0163321,394.000,350.000,66.000,394.000,350.000,66.000,394.000,350.000,66.000, 0.139, 0.154, 0.000, 0.000, 0.000, 0.000, 0.000, 0.000, 0.000, 0.000, 0.000, 0.000,66.0000,319.713,240.278,106.835,62.902,472.026,-2.189, 2.181, 0.091, 0.201,-0.328,-0.433,0.00000,0.00000,0.20060,0.03858,0.02559,0.00000,-0.43334,-0.02890,0.00000,0.32813,-0.10190,0.00000,0.00000
1722032108.164242,394.000,350.000,66.000,394.000,350.000,66.000,392.000,350.000,65.000, 0.154, 0.148, 0.000, 0.000, 0.000, 0.000, 0.000, 0.000,-13.496, 0.000,-91.066, 0.000,65.0000,319.729,240.282,106.838,62.920,471.786,-2.189, 2.181, 0.087, 0.201,-0.267,-0.284,0.00000,0.00000,0.20146,0.03856,0.02356,0.00000,-0.28420,-0.02829,0.00000,0.26709,-0.10190,0.00000,0.00000
1722032108.3403661,394.000,350.000,66.000,392.000,350.000,65.000,396.000,350.000,67.000, 0.148, 0.175,-2.000, 0.000,-2.000, 0.000,-13.496, 0.000,22.802, 0.000,206.911, 0.000,67.0000,319.661,240.209,106.826,62.858,472.071,-2.188, 2.181, 0.080, 0.194,-0.039,-0.166,0.00000,0.00000,0.19426,0.03856,0.02276,0.00000,-0.16598,0.04166,-5.00000,-4.96083,-0.10190,0.00000,0.00000
1722032108.5223591,392.000,350.000,65.000,396.000,350.000,67.000,394.000,350.000,66.000, 0.175, 0.183, 4.000, 0.000, 4.000, 0.000,22.802, 0.000,-10.956, 0.000,-184.924, 0.000,66.0000,319.767,240.232,106.889,62.831,472.282,-2.187, 2.180, 0.074, 0.181, 0.209,-0.088,0.00000,0.00000,0.18104,0.03862,0.02222,0.00000,-0.08823,0.04706,-5.00000,-5.20858,-0.10190,0.00000,0.00000
1722032108.684362,396.000,350.000,67.000,394.000,350.000,66.000,390.000,346.000,65.000, 0.183, 0.162,-2.000, 0.000,-2.000, 0.000,-10.956, 0.000,-24.692,-24.692,-84.792,-152.424,65.0000,317.091,239.352,105.807,62.548,470.422,-2.197, 2.189, 0.111, 0.144,-1.366,-0.438,0.00000,0.00000,0.14353,0.03900,0.02724,0.00000,-0.43835,0.03584,-5.00000,-3.63394,-0.08456,-2.00000,0.00000
1722032108.8290071,394.000,350.000,66.000,390.000,346.000,65.000,386.000,348.000,66.000, 0.162, 0.145,-4.000,-4.000,-4.000,-4.000,-24.692,-24.692,-27.657,13.828,-20.501,266.340,66.0000,315.348,239.661,105.477,62.390,467.486,-2.206, 2.209, 0.155,-0.192,-3.384,-0.680,0.00000,0.00000,-0.19181,0.04334,0.03085,0.00000,-0.67973,0.01822,-5.00000,-1.61586,-0.07190,-4.00000,0.00000
1722032108.9848,390.000,346.000,65.000,386.000,348.000,66.000,374.000,358.000,66.000, 0.145, 0.156,-4.000, 2.000,-4.000, 2.000,-27.657,13.828,-77.122,64.268,-317.901,324.166,66.0000,315.064,239.950,105.514,62.355,467.480,-2.204, 2.209, 0.180,-0.331,-4.000,-1.325,0.00000,0.00000,-0.33070,0.04431,0.04055,0.00000,-1.32483,0.01617,-5.00000,-1.00033,-0.07524,-4.00000,0.00000
1722032109.118658,386.000,348.000,66.000,374.000,358.000,66.000,360.000,364.000,66.000, 0.156, 0.134,-12.000,10.000,-12.000,10.000,-77.122,64.268,-104.356,44.724,-203.007,-145.681,66.0000,315.784,240.168,105.867,62.337,469.116,-2.192, 2.198, 0.166,-0.311,-3.001,-1.658,0.00000,0.00000,-0.31090,0.04379,0.04673,0.00000,-1.65846,0.03257,-5.00000,-1.99856,-0.07257,-4.00000,0.00000
1722032109.255161,374.000,358.000,66.000,360.000,364.000,66.000,340.000,368.000,65.000, 0.134, 0.136,-14.000, 6.000,-14.000, 6.000,-104.356,44.724,-146.637,29.327,-309.996,-112.887,65.0000,318.777,239.868,105.966,63.426,467.049, 2.239,-2.219,-0.129, 0.429,-2.796, 0.162,0.00000,0.00000,0.42881,0.03401,0.02496,0.00000,0.16237,0.03783,-5.00000,-2.20360,-0.09592,-1.00000,0.00000
1722032109.414093,360.000,364.000,66.000,340.000,368.000,65.000,308.000,370.000,66.000, 0.136, 0.159,-20.000, 4.000,-20.000, 4.000,-146.637,29.327,-201.130,12.571,-342.506,-105.322,66.0000,319.346,238.830,106.103,63.111,464.083, 2.224,-2.204,-0.135, 0.428,-3.810, 0.824,0.00000,0.00000,0.42805,0.03603,0.01845,0.00000,0.82369,0.02824,-5.00000,-1.18990,-0.09491,0.00000,1.00000
1722032109.573919,340.000,368.000,65.000,308.000,370.000,66.000,268.000,358.000,64.000, 0.159, 0.160,-32.000, 2.000,-32.000, 2.000,-201.130,12.571,-250.628,-75.188,-310.139,-549.872,64.0000,317.926,238.643,105.312,63.176,466.798,-2.231, 2.204, 0.196, 0.488,-5.085,-1.015,0.00000,0.00000,0.48831,0.03500,0.04261,0.00000,-1.01460,0.01493,-5.00000,0.08535,-0.07457,-2.00000,1.00000
1722032109.734559,308.000,370.000,66.000,268.000,358.000,64.000,230.000,340.000,67.000, 0.160, 0.161,-40.000,-12.000,-40.000,-12.000,-250.628,-75.188,-236.611,-112.079,87.276,-229.704,67.0000,316.463,240.799,106.287,62.505,468.057, 2.225,-2.235,-0.182,-0.437,-3.941,-1.378,0.00000,0.00000,-0.43673,0.04743,0.04679,0.00000,-1.37837,0.03212,-5.00000,-1.05941,-0.07057,-3.00000,0.00000
1722032109.87123,268.000,358.000,64.000,230.000,340.000,67.000,204.000,296.000,64.000, 0.161, 0.137,-38.000,-18.000,-38.000,-18.000,-236.611,-112.079,-190.051,-321.626,340.338,-1531.716,64.0000,318.116,241.532,106.838,62.842,470.758, 2.244,-2.250,-0.151,-0.259,-2.209,-1.481,0.00000,0.00000,-0.25896,0.04247,0.05038,0.00000,-1.48105,0.05590,-5.00000,-2.79144,-0.08892,-1.00000,-1.00000
1722032110.029263,230.000,340.000,67.000,204.000,296.000,64.000,192.000,232.000,67.000, 0.137, 0.158,-26.000,-44.000,-26.000,-44.000,-190.051,-321.626,-75.965,-405.146,722.214,-528.717,67.0000,319.385,239.883,106.559,63.116,465.808, 2.229,-2.217,-0.125, 0.203,-3.039, 0.591,0.00000,0.00000,0.20268,0.03690,0.02522,0.00000,0.59083,0.04767,-5.00000,-1.96117,-0.09092,0.00000,0.00000
1722032110.1737401,204.000,296.000,64.000,192.000,232.000,67.000,206.000,178.000,66.000, 0.158, 0.145,-12.000,-64.000,-12.000,-64.000,-75.965,-405.146,96.804,-373.387,1194.623,219.599,66.0000,317.797,237.548,105.732,62.319,463.823,-2.230, 2.216, 0.157, 0.212,-4.310, 0.202,0.00000,0.00000,0.21232,0.03805,0.03240,0.00000,0.20188,0.03568,-5.00000,-0.69002,-0.07057,-2.00000,2.00000
1722032110.335331,192.000,232.000,67.000,206.000,178.000,66.000,244.000,136.000,66.000, 0.145, 0.162,14.000,-54.000,14.000,-54.000,96.804,-373.387,235.278,-260.044,857.367,701.765,66.0000,317.035,237.864,105.697,62.098,468.109,-2.201, 2.193, 0.105, 0.164,-1.400,-0.062,0.00000,0.00000,0.16428,0.03863,0.03498,0.00000,-0.06218,0.07824,-5.00000,-3.59962,-0.07525,-2.00000,2.00000
1722032110.4931588,206.000,178.000,66.000,244.000,136.000,66.000,276.000,118.000,70.000, 0.162, 0.158,38.000,-42.000,38.000,-42.000,235.278,-260.044,202.579,-113.951,-207.005,924.859,70.0000,316.515,240.220,105.154,63.457,466.303, 2.234,-2.218,-0.137, 0.321,-3.163, 0.103,0.00000,0.00000,0.32130,0.03628,0.03247,0.00000,0.10297,0.05727,-5.00000,-1.83671,-0.06525,-3.00000,0.00000
1722032110.6241028,244.000,136.000,66.000,276.000,118.000,70.000,298.000,114.000,67.000, 0.158, 0.131,32.000,-18.000,32.000,-18.000,202.579,-113.951,168.150,-30.573,-263.145,637.274,67.0000,317.224,240.846,105.464,63.685,465.340, 2.224,-2.209,-0.112, 0.334,-3.103, 1.323,0.00000,0.00000,0.33361,0.03642,0.01604,0.00000,1.32317,0.06439,-5.00000,-1.89654,-0.07492,-2.00000,0.00000
1722032110.762411,276.000,118.000,70.000,298.000,114.000,67.000,302.000,112.000,69.000, 0.131, 0.138,22.000,-4.000,22.000,-4.000,168.150,-30.573,28.909,-14.454,-1006.329,116.491,69.0000,317.181,240.586,106.120,62.910,465.642, 2.218,-2.218,-0.138,-0.120,-3.637, 0.525,0.00000,0.00000,-0.12047,0.04243,0.02601,0.00000,0.52513,0.06089,-5.00000,-1.36310,-0.07059,-2.00000,0.00000
1722032110.9264169,298.000,114.000,67.000,302.000,112.000,69.000,292.000,112.000,67.000, 0.138, 0.164, 4.000,-2.000, 4.000,-2.000,28.909,-14.454,-61.058, 0.000,-549.318,88.256,67.0000,317.225,239.862,105.253,63.457,463.612, 2.215,-2.196,-0.168, 0.324,-5.090, 0.393,0.00000,0.00000,0.32359,0.03513,0.02555,0.00000,0.39270,0.04480,-5.00000,0.09025,-0.06925,-2.00000,0.00000
1722032111.065192,302.000,112.000,69.000,292.000,112.000,67.000,270.000,120.000,68.000, 0.164, 0.139,-10.000, 0.000,-10.000, 0.000,-61.058, 0.000,-158.218,57.534,-698.744,413.765,68.0000,317.798,239.856,105.621,63.347,467.574,-2.216, 2.198, 0.122, 0.403,-2.452, 0.117,0.00000,0.00000,0.40260,0.03523,0.02829,0.00000,0.11662,0.08241,-5.00000,-2.54809,-0.06792,-2.00000,0.00000
1722032111.2245839,292.000,112.000,67.000,270.000,120.000,68.000,228.000,144.000,71.000, 0.139, 0.159,-22.000, 8.000,-22.000, 8.000,-158.218,57.534,-263.528,150.587,-660.767,583.863,71.0000,316.773,241.309,105.752,63.436,466.349,-2.208, 2.203, 0.211,-0.116,-4.840,-2.096,0.00000,0.00000,-0.11647,0.04228,0.05751,0.00000,-2.09558,0.05131,-5.00000,-0.16032,-0.05792,-3.00000,-1.00000
1722032111.375419,270.000,120.000,68.000,228.000,144.000,71.000,194.000,198.000,68.000, 0.159, 0.151,-42.000,24.000,-42.000,24.000,-263.528,150.587,-225.596,358.299,251.686,1378.204,68.0000,316.305,239.532,104.859,63.331,461.490, 2.207,-2.191,-0.196, 0.205,-6.159,-0.024,0.00000,0.00000,0.20460,0.03644,0.03040,0.00000,-0.02352,0.03740,-5.00000,1.15905,-0.05893,-3.00000,0.00000
1722032111.512622,228.000,144.000,71.000,194.000,198.000,68.000,190.000,254.000,67.000, 0.151, 0.137,-34.000,54.000,-34.000,54.000,-225.596,358.299,-29.146,408.044,1431.431,362.463,67.0000,317.825,239.224,105.864,62.818,461.279, 2.199,-2.193,-0.209,-0.077,-6.622,-0.300,0.00000,0.00000,-0.07673,0.04110,0.03729,0.00000,-0.30003,0.03082,-5.00000,1.62195,-0.06560,-2.00000,0.00000
1722032111.656242,194.000,198.000,68.000,190.000,254.000,67.000,206.000,302.000,66.000, 0.137, 0.144,-4.000,56.000,-4.000,56.000,-29.146,408.044,111.303,333.909,977.023,-515.716,66.0000,319.653,238.817,106.574,62.748,464.317, 2.216,-2.204,-0.192, 0.099,-5.388,-0.577,0.00000,0.00000,0.09927,0.03792,0.04121,0.00000,-0.57695,0.04494,-5.00000,0.38782,-0.07860,0.00000,1.00000
1722032111.783469,190.000,254.000,67.000,206.000,302.000,66.000,230.000,332.000,67.000, 0.144, 0.127,16.000,48.000,16.000,48.000,111.303,333.909,188.820,236.025,609.869,-770.099,67.0000,321.162,238.993,107.027,62.996,466.955, 2.236,-2.216,-0.159, 0.347,-3.668,-0.491,0.00000,0.00000,0.34654,0.03506,0.04079,0.00000,-0.49076,0.06552,-5.00000,-1.33157,-0.08126,1.00000,1.00000
1722032111.966165,206.000,302.000,66.000,230.000,332.000,67.000,246.000,352.000,70.000, 0.127, 0.183,24.000,30.000,24.000,30.000,188.820,236.025,87.517,109.396,-554.110,-692.637,70.0000,318.160,238.962,104.554,64.086,458.719, 2.210,-2.171,-0.131, 0.961,-5.100, 2.257,0.00000,0.00000,0.96148,0.02732,0.00481,0.00000,2.25678,0.04627,-5.00000,0.09991,-0.06159,-1.00000,1.00000
1722032112.118498,230.000,332.000,67.000,246.000,352.000,70.000,252.000,352.000,65.000, 0.183, 0.152,16.000,20.000,16.000,20.000,87.517,109.396,39.422, 0.000,-315.999,-718.765,65.0000,316.893,239.533,106.407,61.977,468.991, 2.206,-2.214,-0.353,-0.918,-8.908,-5.367,0.00000,0.00000,-0.91775,0.05407,0.10734,0.00000,-5.36683,-0.00319,-5.00000,3.90840,-0.04959,-3.00000,0.00000
1722032112.2648299,246.000,352.000,70.000,252.000,352.000,65.000,230.000,340.000,65.000, 0.152, 0.146, 6.000, 0.000, 6.000, 0.000,39.422, 0.000,-150.396,-82.034,-1297.636,-560.804,65.0000,318.161,242.212,106.818,63.276,468.154, 2.228,-2.233,-0.210,-0.376,-4.590,-2.201,0.00000,0.00000,-0.37646,0.04157,0.06387,0.00000,-2.20069,0.05301,-5.00000,-0.40966,-0.07094,-1.00000,-2.00000
1722032112.398871,252.000,352.000,65.000,230.000,340.000,65.000,216.000,310.000,66.000, 0.146, 0.134,-22.000,-12.000,-22.000,-12.000,-150.396,-82.034,-104.474,-223.874,342.691,-1058.470,66.0000,321.585,238.884,108.509,61.660,466.136, 2.217,-2.230,-0.158,-0.486,-3.783,-0.348,0.00000,0.00000,-0.48588,0.04486,0.04801,0.00000,-0.34768,0.05825,-5.00000,-1.21747,-0.08160,1.00000,1.00000
1722032112.532094,230.000,340.000,65.000,216.000,310.000,66.000,194.000,262.000,67.000, 0.134, 0.133,-14.000,-30.000,-14.000,-30.000,-104.474,-223.874,-164.955,-359.902,-453.481,-1019.933,67.0000,320.732,234.998,106.056,62.038,460.868, 2.215,-2.182,-0.079, 0.844,-3.341, 3.246,0.00000,0.00000,0.84403,0.02682,0.00297,0.00000,3.24579,0.06543,-5.00000,-1.65929,-0.06759,0.00000,5.00000
1722032112.662118,216.000,310.000,66.000,194.000,262.000,67.000,194.000,214.000,65.000, 0.133, 0.130,-22.000,-48.000,-22.000,-48.000,-164.955,-359.902, 0.000,-369.298,1269.116,-72.292,65.0000,319.893,236.605,106.049,62.458,461.755, 2.219,-2.194,-0.111, 0.596,-3.653, 1.907,0.00000,0.00000,0.59622,0.03374,0.01996,0.00000,1.90667,0.06387,-5.00000,-1.34717,-0.07060,0.00000,3.00000
1722032112.7981179,194.000,262.000,67.000,194.000,214.000,65.000,214.000,170.000,66.000, 0.130, 0.136, 0.000,-48.000, 0.000,-48.000, 0.000,-369.298,147.177,-323.790,1083.055,334.891,66.0000,316.240,242.916,106.624,63.001,466.442,-2.191, 2.212, 0.191,-0.759,-4.022,-1.913,0.00000,0.00000,-0.75935,0.05100,0.06570,0.00000,-1.91280,0.06205,-5.00000,-0.97764,-0.04459,-3.00000,-2.00000
1722032112.933687,194.000,214.000,65.000,214.000,170.000,66.000,242.000,142.000,68.000, 0.136, 0.136,20.000,-44.000,20.000,-44.000,147.177,-323.790,206.373,-206.373,436.305,865.413,68.0000,316.576,244.093,106.349,63.912,466.356,-2.202, 2.213, 0.206,-0.536,-4.813,-1.874,0.00000,0.00000,-0.53564,0.04429,0.06327,0.00000,-1.87430,0.05388,-5.00000,-0.18701,-0.05160,-3.00000,-4.00000
1722032113.0686421,214.000,170.000,66.000,242.000,142.000,68.000,260.000,130.000,70.000, 0.136, 0.135,28.000,-28.000,28.000,-28.000,206.373,-206.373,133.279,-88.853,-541.219,870.170,70.0000,319.917,240.056,107.179,62.784,464.718,-2.226, 2.224, 0.060, 0.012,-1.791, 2.676,0.00000,0.00000,0.01232,0.03783,0.00564,0.00000,2.67632,0.09624,-5.00000,-3.20909,-0.07561,0.00000,0.00000
1722032113.197061,242.000,142.000,68.000,260.000,130.000,70.000,274.000,116.000,67.000, 0.135, 0.128,18.000,-12.000,18.000,-12.000,133.279,-88.853,109.079,-109.079,-188.551,-157.591,67.0000,320.634,235.788,105.786,62.699,463.442,-2.246, 2.205, 0.051, 1.043,-1.564, 2.924,0.00000,0.00000,1.04287,0.02555,0.00378,0.00000,2.92393,0.10117,-5.00000,-3.43597,-0.06660,0.00000,4.00000
1722032113.3484,260.000,130.000,70.000,274.000,116.000,67.000,276.000,114.000,67.000, 0.128, 0.151,14.000,-14.000,14.000,-14.000,109.079,-109.079,13.222,-13.222,-633.731,633.731,67.0000,319.145,235.977,105.384,62.597,464.799,-2.223, 2.187, 0.188, 0.742,-4.202,-1.578,0.00000,0.00000,0.74243,0.03218,0.05909,0.00000,-1.57794,0.07209,-5.00000,-0.79812,-0.06660,0.00000,4.00000
1722032113.498561,274.000,116.000,67.000,276.000,114.000,67.000,256.000,132.000,67.000, 0.151, 0.150, 2.000,-2.000, 2.000,-2.000,13.222,-13.222,-133.142,119.828,-974.368,885.734,67.0000,314.890,244.036,105.669,63.842,467.135,-2.190, 2.200, 0.234,-0.584,-4.922,-3.286,0.00000,0.00000,-0.58412,0.04882,0.07854,0.00000,-3.28620,0.06792,-5.00000,-0.07810,-0.02325,-5.00000,-4.00000
1722032113.6238232,276.000,114.000,67.000,256.000,132.000,67.000,226.000,154.000,67.000, 0.150, 0.125,-20.000,18.000,-20.000,18.000,-133.142,119.828,-239.456,175.601,-848.582,445.172,67.0000,313.915,247.103,105.420,64.995,466.173,-2.194, 2.209, 0.268,-0.805,-6.244,-3.654,0.00000,0.00000,-0.80542,0.04812,0.08751,0.00000,-3.65393,0.05131,-5.00000,1.24437,-0.02627,-6.00000,-7.00000
1722032113.75937,256.000,132.000,67.000,226.000,154.000,67.000,198.000,198.000,67.000, 0.125, 0.136,-30.000,22.000,-30.000,22.000,-239.456,175.601,-206.417,324.369,243.565,1096.726,67.0000,318.393,241.910,106.800,63.008,457.784, 2.166,-2.184,-0.230,-0.746,-8.345, 0.199,0.00000,0.00000,-0.74641,0.04706,0.04224,0.00000,0.19898,0.02246,-5.00000,3.34470,-0.06862,-1.00000,-1.00000
1722032113.883446,226.000,154.000,67.000,198.000,198.000,67.000,192.000,250.000,69.000, 0.136, 0.124,-28.000,44.000,-28.000,44.000,-206.417,324.369,-48.423,419.669,1275.097,769.123,69.0000,321.592,233.719,105.109,62.573,456.763, 2.204,-2.149,-0.168, 1.338,-6.803, 2.045,0.00000,0.00000,1.33849,0.01946,0.02271,0.00000,2.04475,0.03974,-5.00000,1.80296,-0.07028,1.00000,6.00000
1722032114.02071,198.000,198.000,67.000,192.000,250.000,69.000,208.000,294.000,67.000, 0.124, 0.137,-6.000,52.000,-6.000,52.000,-48.423,419.669,116.616,320.693,1202.881,-721.388,67.0000,323.985,235.253,108.387,61.279,465.753, 2.231,-2.218,-0.132, 0.251,-3.121, 0.323,0.00000,0.00000,0.25088,0.03974,0.04464,0.00000,0.32334,0.08352,-5.00000,-1.87890,-0.08228,3.00000,4.00000
1722032114.160218,192.000,250.000,69.000,208.000,294.000,67.000,222.000,322.000,66.000, 0.137, 0.140,16.000,44.000,16.000,44.000,116.616,320.693,100.307,200.613,-116.850,-860.341,66.0000,320.693,239.419,107.598,62.447,465.659, 2.225,-2.226,-0.164,-0.169,-3.786,-0.638,0.00000,0.00000,-0.16880,0.04201,0.05438,0.00000,-0.63768,0.07278,-5.00000,-1.21432,-0.05226,0.00000,0.00000
1722032114.316629,208.000,294.000,67.000,222.000,322.000,66.000,232.000,340.000,65.000, 0.140, 0.157,14.000,28.000,14.000,28.000,100.307,200.613,63.875,114.974,-232.708,-547.015,65.0000,317.835,243.726,107.926,62.601,464.210, 2.182,-2.222,-0.216,-1.322,-6.378,-0.894,0.00000,0.00000,-1.32170,0.05640,0.05768,0.00000,-0.89449,0.04121,-5.00000,1.37758,-0.04393,-2.00000,-3.00000
1722032114.440972,222.000,322.000,66.000,232.000,340.000,65.000,232.000,338.000,65.000, 0.157, 0.124,10.000,18.000,10.000,18.000,63.875,114.974, 0.000,-16.081,-513.592,-1053.770,65.0000,317.140,241.705,107.087,62.249,460.059, 2.169,-2.202,-0.264,-1.282,-8.443,-1.405,0.00000,0.00000,-1.28248,0.05307,0.06597,0.00000,-1.40463,0.01447,-5.00000,3.44323,-0.04861,-2.00000,-1.00000
1722032114.569542,232.000,340.000,65.000,232.000,338.000,65.000,222.000,320.000,65.000, 0.124, 0.129, 0.000,-2.000, 0.000,-2.000, 0.000,-16.081,-77.783,-140.010,-605.027,-963.963,65.0000,319.760,238.160,106.169,62.890,462.558, 2.211,-2.191,-0.204, 0.294,-6.209,-0.408,0.00000,0.00000,0.29377,0.03254,0.05455,0.00000,-0.40751,0.04085,-5.00000,1.20889,-0.06461,0.00000,1.00000
1722032114.700695,232.000,338.000,65.000,222.000,320.000,65.000,208.000,294.000,67.000, 0.129, 0.131,-10.000,-18.000,-10.000,-18.000,-77.783,-140.010,-106.785,-198.314,-221.206,-444.713,67.0000,323.432,237.732,107.908,62.556,465.474, 2.231,-2.211,-0.142, 0.386,-3.567, 0.262,0.00000,0.00000,0.38588,0.03589,0.04782,0.00000,0.26179,0.07075,-5.00000,-1.43329,-0.08462,3.00000,2.00000
1722032114.844683,222.000,320.000,65.000,208.000,294.000,67.000,194.000,250.000,66.000, 0.131, 0.144,-14.000,-26.000,-14.000,-26.000,-106.785,-198.314,-97.252,-305.649,66.220,-745.608,66.0000,321.760,237.982,106.979,62.864,463.475, 2.221,-2.198,-0.109, 0.542,-3.433, 1.773,0.00000,0.00000,0.54184,0.03387,0.02790,0.00000,1.77344,0.07145,-5.00000,-1.56682,-0.06027,1.00000,2.00000
1722032114.979164,208.000,294.000,67.000,194.000,250.000,66.000,194.000,206.000,66.000, 0.144, 0.135,-14.000,-44.000,-14.000,-44.000,-97.252,-305.649, 0.000,-327.045,722.858,-159.030,66.0000,318.661,239.708,106.715,62.510,461.699, 2.198,-2.201,-0.124,-0.167,-4.362, 1.916,0.00000,0.00000,-0.16691,0.04363,0.02470,0.00000,1.91628,0.06184,-5.00000,-0.63768,-0.04960,-1.00000,0.00000
1722032115.1105542,194.000,250.000,66.000,194.000,206.000,66.000,212.000,168.000,67.000, 0.135, 0.131, 0.000,-44.000, 0.000,-44.000, 0.000,-327.045,136.971,-289.161,1042.277,288.279,67.0000,316.583,241.414,105.950,63.226,462.637, 2.208,-2.213,-0.191,-0.345,-5.350,-0.559,0.00000,0.00000,-0.34465,0.04399,0.05450,0.00000,-0.55935,0.05117,-5.00000,0.34991,-0.03760,-3.00000,-1.00000
1722032115.240526,194.000,206.000,66.000,212.000,168.000,67.000,236.000,144.000,67.000, 0.131, 0.130,18.000,-38.000,18.000,-38.000,136.971,-289.161,184.977,-184.977,370.001,802.982,67.0000,317.671,241.437,106.416,63.195,463.135, 2.205,-2.210,-0.217,-0.413,-6.097,-1.137,0.00000,0.00000,-0.41264,0.04454,0.05970,0.00000,-1.13703,0.04187,-5.00000,1.09698,-0.05028,-2.00000,-1.00000
1722032115.3708632,212.000,168.000,67.000,236.000,144.000,67.000,254.000,128.000,68.000, 0.130, 0.130,24.000,-24.000,24.000,-24.000,184.977,-184.977,137.966,-122.636,-360.329,477.826,68.0000,321.997,239.769,106.809,63.900,465.985,-2.229, 2.197, 0.125, 0.725,-2.879, 0.427,0.00000,0.00000,0.72513,0.02918,0.03999,0.00000,0.42680,0.08424,-5.00000,-2.12103,-0.07195,1.00000,0.00000
1722032115.507164,236.000,144.000,67.000,254.000,128.000,68.000,256.000,126.000,68.000, 0.130, 0.136,18.000,-16.000,18.000,-16.000,137.966,-122.636,14.697,-14.697,-905.866,793.213,68.0000,323.474,238.151,107.424,63.222,464.708,-2.239, 2.208, 0.078, 0.768,-2.163, 2.167,0.00000,0.00000,0.76758,0.03167,0.01799,0.00000,2.16725,0.09332,-5.00000,-2.83708,-0.08095,3.00000,1.00000
1722032115.637724,254.000,128.000,68.000,256.000,126.000,68.000,246.000,134.000,67.000, 0.136, 0.131, 2.000,-2.000, 2.000,-2.000,14.697,-14.697,-76.505,61.204,-697.738,580.679,67.0000,321.531,237.642,106.825,62.835,464.994,-2.226, 2.200, 0.117, 0.583,-2.651, 0.594,0.00000,0.00000,0.58298,0.03390,0.03752,0.00000,0.59370,0.09133,-5.00000,-2.34943,-0.05960,1.00000,2.00000
1722032115.763972,256.000,126.000,68.000,246.000,134.000,67.000,226.000,152.000,66.000, 0.131, 0.126,-10.000, 8.000,-10.000, 8.000,-76.505,61.204,-158.573,142.716,-650.692,646.280,66.0000,316.496,240.824,105.791,63.096,462.934, 2.208,-2.210,-0.228,-0.359,-6.282,-1.540,0.00000,0.00000,-0.35894,0.04577,0.06278,0.00000,-1.54039,0.04773,-5.00000,1.28179,-0.03160,-3.00000,0.00000
1722032115.894131,246.000,134.000,67.000,226.000,152.000,66.000,202.000,182.000,67.000, 0.126, 0.130,-20.000,18.000,-20.000,18.000,-158.573,142.716,-184.028,230.035,-195.181,669.545,67.0000,315.152,242.186,105.550,63.350,462.546, 2.203,-2.213,-0.224,-0.559,-6.212,-1.416,0.00000,0.00000,-0.55893,0.04583,0.06098,0.00000,-1.41642,0.05157,-5.00000,1.21177,-0.03294,-4.00000,-2.00000
1722032116.03135,226.000,152.000,66.000,202.000,182.000,67.000,192.000,226.000,67.000, 0.130, 0.137,-24.000,30.000,-24.000,30.000,-184.028,230.035,-72.859,320.578,809.962,659.687,67.0000,319.695,240.985,106.519,63.617,459.614, 2.191,-2.184,-0.225,-0.112,-7.510,-0.290,0.00000,0.00000,-0.11222,0.03947,0.04879,0.00000,-0.28992,0.03151,-5.00000,2.51045,-0.06796,0.00000,0.00000
1722032116.159155,202.000,182.000,67.000,192.000,226.000,67.000,198.000,270.000,66.000, 0.137, 0.128,-10.000,44.000,-10.000,44.000,-72.859,320.578,47.014,344.772,939.291,189.575,66.0000,321.951,238.014,106.839,63.041,461.306, 2.210,-2.184,-0.175, 0.487,-5.773, 0.668,0.00000,0.00000,0.48730,0.03278,0.03813,0.00000,0.66752,0.05190,-5.00000,0.77340,-0.06461,1.00000,1.00000
1722032116.319262,192.000,226.000,67.000,198.000,270.000,66.000,208.000,300.000,66.000, 0.128, 0.160, 6.000,44.000, 6.000,44.000,47.014,344.772,62.384,187.152,95.883,-983.294,66.0000,322.522,238.914,107.818,62.767,464.096, 2.221,-2.209,-0.127, 0.200,-3.568, 0.984,0.00000,0.00000,0.20038,0.03821,0.03396,0.00000,0.98446,0.07752,-5.00000,-1.43235,-0.07095,2.00000,1.00000
1722032116.453668,198.000,270.000,66.000,208.000,300.000,66.000,216.000,320.000,66.000, 0.160, 0.134,10.000,30.000,10.000,30.000,62.384,187.152,59.539,148.848,-21.172,-285.074,66.0000,320.391,240.280,107.338,62.934,464.605, 2.217,-2.216,-0.166,-0.114,-4.375,-0.180,0.00000,0.00000,-0.11384,0.04149,0.04819,0.00000,-0.18036,0.06617,-5.00000,-0.62476,-0.05194,0.00000,0.00000
1722032116.597024,208.000,300.000,66.000,216.000,320.000,66.000,220.000,326.000,64.000, 0.134, 0.143, 8.000,20.000, 8.000,20.000,59.539,148.848,27.895,41.842,-220.680,-746.229,64.0000,317.730,241.189,106.890,62.616,463.260, 2.198,-2.214,-0.197,-0.645,-5.698,-0.525,0.00000,0.00000,-0.64518,0.04778,0.05146,0.00000,-0.52497,0.05077,-5.00000,0.69790,-0.04060,-2.00000,-1.00000
1722032116.731977,216.000,320.000,66.000,220.000,326.000,64.000,218.000,320.000,64.000, 0.143, 0.135, 4.000, 6.000, 4.000, 6.000,27.895,41.842,-14.853,-44.559,-317.463,-641.652,64.0000,317.466,241.415,106.303,63.150,461.442, 2.190,-2.199,-0.259,-0.606,-7.839,-1.681,0.00000,0.00000,-0.60607,0.04597,0.06759,0.00000,-1.68093,0.02247,-5.00000,2.83854,-0.04528,-2.00000,-1.00000
1722032116.859206,220.000,326.000,64.000,218.000,320.000,64.000,206.000,304.000,66.000, 0.135, 0.128,-2.000,-6.000,-2.000,-6.000,-14.853,-44.559,-94.106,-125.474,-621.511,-634.550,66.0000,319.514,240.871,106.657,63.462,463.209, 2.208,-2.201,-0.221,-0.099,-6.386,-1.092,0.00000,0.00000,-0.09923,0.03955,0.06126,0.00000,-1.09169,0.03962,-5.00000,1.38579,-0.06128,0.00000,0.00000
1722032116.9870138,218.000,320.000,64.000,206.000,304.000,66.000,200.000,278.000,65.000, 0.128, 0.128,-12.000,-16.000,-12.000,-16.000,-94.106,-125.474,-47.040,-203.840,368.995,-614.391,65.0000,322.309,238.645,107.247,63.067,461.617, 2.210,-2.190,-0.151, 0.394,-5.038, 1.161,0.00000,0.00000,0.39418,0.03446,0.03392,0.00000,1.16079,0.05286,-5.00000,0.03848,-0.07262,2.00000,1.00000
1722032117.1142569,206.000,304.000,66.000,200.000,278.000,65.000,196.000,238.000,64.000, 0.128, 0.128,-6.000,-26.000,-6.000,-26.000,-47.040,-203.840,-31.368,-313.681,122.900,-861.377,64.0000,322.625,237.879,107.253,62.883,461.869, 2.215,-2.191,-0.121, 0.541,-4.144, 1.849,0.00000,0.00000,0.54141,0.03376,0.02570,0.00000,1.84872,0.06283,-5.00000,-0.85570,-0.06794,2.00000,2.00000
1722032117.257977,200.000,278.000,65.000,196.000,238.000,64.000,200.000,198.000,65.000, 0.128, 0.144,-4.000,-40.000,-4.000,-40.000,-31.368,-313.681,27.872,-278.717,412.778,243.630,65.0000,320.147,239.499,107.191,62.640,463.509, 2.213,-2.211,-0.117,-0.024,-3.497, 1.424,0.00000,0.00000,-0.02397,0.04156,0.02877,0.00000,1.42392,0.07193,-5.00000,-1.50259,-0.05194,0.00000,0.00000
1722032117.3885188,196.000,238.000,64.000,200.000,198.000,65.000,218.000,164.000,67.000, 0.144, 0.131, 4.000,-40.000, 4.000,-40.000,27.872,-278.717,137.926,-260.528,843.303,139.375,67.0000,317.485,241.903,106.275,63.484,462.924, 2.209,-2.213,-0.203,-0.333,-5.568,-0.930,0.00000,0.00000,-0.33254,0.04404,0.05707,0.00000,-0.93046,0.04601,-5.00000,0.56769,-0.04060,-2.00000,-1.00000
1722032117.529647,200.000,198.000,65.000,218.000,164.000,67.000,236.000,144.000,67.000, 0.131, 0.141,18.000,-34.000,18.000,-34.000,137.926,-260.528,127.626,-141.807,-73.031,841.771,67.0000,316.876,242.841,106.019,63.855,464.492, 2.213,-2.215,-0.211,-0.315,-5.591,-1.338,0.00000,0.00000,-0.31539,0.04305,0.06089,0.00000,-1.33792,0.04768,-5.00000,0.59050,-0.03661,-3.00000,-2.00000
1722032117.6814568,218.000,164.000,67.000,236.000,144.000,67.000,248.000,136.000,68.000, 0.141, 0.152,18.000,-20.000,18.000,-20.000,127.626,-141.807,79.011,-52.674,-320.096,586.873,68.0000,323.566,239.188,107.460,63.657,465.814,-2.233, 2.202, 0.073, 0.784,-1.707, 1.919,0.00000,0.00000,0.78357,0.02842,0.01899,0.00000,1.91909,0.09896,-5.00000,-3.29296,-0.08963,3.00000,0.00000
1722032117.812337,236.000,144.000,67.000,248.000,136.000,68.000,246.000,136.000,67.000, 0.152, 0.131,12.000,-8.000,12.000,-8.000,79.011,-52.674,-15.280, 0.000,-720.362,402.419,67.0000,322.536,238.443,107.504,62.895,464.209,-2.230, 2.211, 0.181, 0.302,-4.836,-0.484,0.00000,0.00000,0.30185,0.03783,0.05249,0.00000,-0.48434,0.05747,-5.00000,-0.16396,-0.06494,2.00000,1.00000
1722032117.949156,248.000,136.000,68.000,246.000,136.000,67.000,226.000,152.000,68.000, 0.131, 0.137,-2.000, 0.000,-2.000, 0.000,-15.280, 0.000,-146.230,116.984,-957.442,855.327,68.0000,318.949,238.827,105.824,63.219,460.982, 2.211,-2.192,-0.194, 0.292,-5.962,-0.120,0.00000,0.00000,0.29249,0.03636,0.04492,0.00000,-0.11966,0.04729,-5.00000,0.96233,-0.04327,-1.00000,1.00000
1722032118.0830002,246.000,136.000,67.000,226.000,152.000,68.000,204.000,176.000,68.000, 0.137, 0.134,-20.000,16.000,-20.000,16.000,-146.230,116.984,-164.168,179.092,-133.857,463.464,68.0000,316.926,241.403,107.202,62.091,463.791, 2.197,-2.228,-0.243,-1.151,-6.363,-2.228,0.00000,0.00000,-1.15144,0.05569,0.07417,0.00000,-2.22819,0.04164,-5.00000,1.36338,-0.03427,-3.00000,-1.00000
1722032118.2122629,226.000,152.000,68.000,204.000,176.000,68.000,194.000,212.000,67.000, 0.134, 0.129,-22.000,24.000,-22.000,24.000,-164.168,179.092,-77.423,278.724,671.606,771.384,67.0000,318.251,240.811,105.872,63.627,460.136, 2.197,-2.188,-0.192, 0.046,-6.421, 0.400,0.00000,0.00000,0.04575,0.03576,0.03999,0.00000,0.39957,0.03875,-5.00000,1.42060,-0.05562,-1.00000,0.00000
1722032118.3728158,204.000,176.000,68.000,194.000,212.000,67.000,194.000,248.000,66.000, 0.129, 0.161,-10.000,36.000,-10.000,36.000,-77.423,278.724, 0.000,224.250,482.284,-339.327,66.0000,321.357,240.489,107.125,63.586,462.751, 2.212,-2.197,-0.147, 0.260,-4.663, 1.006,0.00000,0.00000,0.25988,0.03644,0.03495,0.00000,1.00588,-0.07527,5.00000,9.66291,-0.06628,1.00000,0.00000
1722032118.517888,194.000,212.000,67.000,194.000,248.000,66.000,200.000,274.000,66.000, 0.161, 0.145, 0.000,36.000, 0.000,36.000, 0.000,224.250,41.370,179.271,285.249,-310.135,66.0000,322.885,238.956,106.893,63.803,462.070, 2.220,-2.186,-0.154, 0.770,-4.922, 0.927,0.00000,0.00000,0.76963,0.03007,0.03492,0.00000,0.92672,-0.08570,5.00000,9.92205,-0.06961,2.00000,1.00000
1722032118.644316,194.000,248.000,66.000,200.000,274.000,66.000,206.000,298.000,67.000, 0.145, 0.127, 6.000,26.000, 6.000,26.000,41.370,179.271,47.349,189.395,47.180,79.898,67.0000,322.442,240.178,108.634,62.418,467.412, 2.227,-2.234,-0.156,-0.310,-3.291,-0.702,0.00000,0.00000,-0.31046,0.04580,0.05493,0.00000,-0.70188,-0.08312,5.00000,8.29120,-0.06794,2.00000,0.00000
1722032118.783724,200.000,274.000,66.000,206.000,298.000,67.000,220.000,300.000,66.000, 0.127, 0.139, 6.000,24.000, 6.000,24.000,47.349,189.395,100.645,14.378,383.137,-1258.184,66.0000,328.500,240.124,110.421,62.898,472.466,-2.188, 2.179, 0.044, 0.252, 1.008, 0.666,0.00000,0.00000,0.25219,0.03512,0.03543,0.00000,0.66553,-0.04410,5.00000,3.99230,-0.12129,8.00000,0.00000
1722032118.907694,206.000,298.000,67.000,220.000,300.000,66.000,232.000,302.000,66.000, 0.139, 0.124,14.000, 2.000,14.000, 2.000,100.645,14.378,96.759,16.126,-31.332,14.100,66.0000,330.013,240.534,110.684,63.176,475.063,-2.173, 2.162,-0.006, 0.393, 3.242, 1.064,0.00000,0.00000,0.39303,0.03478,0.03078,0.00000,1.06394,-0.02837,5.00000,1.75813,-0.12594,10.00000,0.00000
1722032119.0415092,220.000,300.000,66.000,232.000,302.000,66.000,244.000,298.000,66.000, 0.124, 0.134,12.000, 2.000,12.000, 2.000,96.759,16.126,89.516,-29.839,-54.027,-342.886,66.0000,326.550,239.722,109.384,63.085,469.904,-2.199, 2.187,-0.030, 0.331, 2.397, 3.182,0.00000,0.00000,0.33074,0.03585,0.00065,0.00000,3.18223,-0.04665,5.00000,2.60347,-0.09191,6.00000,0.00000
1722032119.1695821,232.000,302.000,66.000,244.000,298.000,66.000,256.000,292.000,67.000, 0.134, 0.128,12.000,-4.000,12.000,-4.000,89.516,-29.839,93.877,-46.938,34.114,-133.773,67.0000,321.972,239.162,108.319,61.996,470.027,-2.188, 2.196,-0.022,-0.196, 2.239, 2.902,0.00000,0.00000,-0.19619,0.04261,0.00126,0.00000,2.90212,-0.05271,5.00000,2.76072,-0.06458,1.00000,0.00000
1722032119.298891,244.000,298.000,66.000,256.000,292.000,67.000,270.000,290.000,66.000, 0.128, 0.129,12.000,-6.000,12.000,-6.000,93.877,-46.938,108.265,-15.466,111.268,243.380,66.0000,319.592,240.985,107.940,61.968,472.636,-2.169, 2.191, 0.053,-0.540, 0.997, 0.249,0.00000,0.00000,-0.54017,0.04577,0.03086,0.00000,0.24881,-0.07476,5.00000,4.00346,-0.07159,0.00000,0.00000
1722032119.4358249,256.000,292.000,67.000,270.000,290.000,66.000,280.000,286.000,65.000, 0.129, 0.137,14.000,-2.000,14.000,-2.000,108.265,-15.466,72.888,-29.155,-257.856,-99.776,65.0000,323.172,241.815,108.469,63.042,475.216,-2.165, 2.166, 0.044, 0.042, 2.010,-0.345,0.00000,0.00000,0.04153,0.03715,0.03439,0.00000,-0.34471,-0.06721,5.00000,2.98952,-0.10060,3.00000,-1.00000
1722032119.559098,270.000,290.000,66.000,280.000,286.000,65.000,292.000,294.000,66.000, 0.137, 0.123,10.000,-4.000,10.000,-4.000,72.888,-29.155,97.583,65.055,200.811,766.108,66.0000,326.390,242.597,109.327,64.000,474.007,-2.180, 2.168, 0.029, 0.354, 1.949, 0.524,0.00000,0.00000,0.35449,0.03465,0.02246,0.00000,0.52351,-0.07554,5.00000,3.05148,-0.11960,6.00000,-2.00000
1722032119.692471,280.000,286.000,65.000,292.000,294.000,66.000,300.000,302.000,66.000, 0.123, 0.133,12.000, 8.000,12.000, 8.000,97.583,65.055,59.972,59.972,-281.947,-38.104,66.0000,326.783,241.073,108.567,64.356,473.155,-2.196, 2.163,-0.005, 0.912, 2.498, 1.703,0.00000,0.00000,0.91152,0.02789,0.00680,0.00000,1.70326,-0.07413,5.00000,2.50209,-0.11458,6.00000,-1.00000
1722032119.8250391,292.000,294.000,66.000,300.000,302.000,66.000,314.000,312.000,66.000, 0.133, 0.133, 8.000, 8.000, 8.000, 8.000,59.972,59.972,105.388,75.277,341.881,115.213,66.0000,324.657,239.724,109.388,61.930,474.700,-2.164, 2.174,-0.002,-0.189, 3.057, 1.082,0.00000,0.00000,-0.18900,0.04397,0.01355,0.00000,1.08220,-0.07240,5.00000,1.94260,-0.10124,4.00000,0.00000
1722032119.954072,300.000,302.000,66.000,314.000,312.000,66.000,336.000,320.000,66.000, 0.133, 0.129,14.000,10.000,14.000,10.000,105.388,75.277,170.813,62.114,507.972,-102.205,66.0000,322.936,239.161,108.606,61.680,475.469,-2.161, 2.170,-0.001,-0.158, 3.230, 0.821,0.00000,0.00000,-0.15784,0.04034,0.01398,0.00000,0.82123,-0.07480,5.00000,1.77045,-0.09257,2.00000,0.00000
1722032120.084737,314.000,312.000,66.000,336.000,320.000,66.000,366.000,332.000,67.000, 0.129, 0.131,22.000, 8.000,22.000, 8.000,170.813,62.114,229.230,91.692,446.360,226.005,67.0000,321.818,240.018,108.805,61.334,475.814,-2.152, 2.177, 0.006,-0.571, 3.133, 0.590,0.00000,0.00000,-0.57065,0.04608,0.01506,0.00000,0.59014,-0.07989,5.00000,1.86666,-0.09124,1.00000,0.00000
1722032120.215617,336.000,320.000,66.000,366.000,332.000,67.000,408.000,342.000,65.000, 0.131, 0.131,30.000,12.000,30.000,12.000,229.230,91.692,320.817,76.385,699.588,-116.921,65.0000,323.800,241.270,108.445,62.947,476.475,-2.159, 2.158,-0.009, 0.128, 3.817, 0.635,0.00000,0.00000,0.12840,0.03569,0.01293,0.00000,0.63525,-0.07425,5.00000,1.18347,-0.11225,3.00000,-1.00000
1722032120.3490272,366.000,332.000,67.000,408.000,342.000,65.000,422.000,318.000,66.000, 0.131, 0.133,42.000,10.000,42.000,10.000,320.817,76.385,104.983,-179.971,-1618.491,-1922.358,66.0000,324.233,241.158,109.206,62.518,475.271,-2.164, 2.174,-0.008,-0.183, 3.218, 1.214,0.00000,0.00000,-0.18301,0.04193,0.00392,0.00000,1.21365,-0.08572,5.00000,1.78200,-0.11691,4.00000,-1.00000
1722032120.4788349,408.000,342.000,65.000,422.000,318.000,66.000,440.000,284.000,67.000, 0.133, 0.130,14.000,-24.000,14.000,-24.000,104.983,-179.971,138.616,-261.830,259.004,-630.389,67.0000,323.435,240.961,108.670,62.708,474.185,-2.170, 2.174,-0.004,-0.053, 2.921, 1.268,0.00000,0.00000,-0.05271,0.03933,0.00164,0.00000,1.26754,-0.09239,5.00000,2.07887,-0.10790,3.00000,0.00000
1722032120.60995,422.000,318.000,66.000,440.000,284.000,67.000,454.000,248.000,65.000, 0.130, 0.131,18.000,-34.000,18.000,-34.000,138.616,-261.830,106.863,-274.791,-242.373,-98.927,65.0000,323.491,240.124,108.953,62.441,468.943,-2.191, 2.199,-0.007,-0.190, 1.693, 2.670,0.00000,0.00000,-0.19020,0.04160,-0.01975,0.00000,2.67001,-0.11268,5.00000,3.30708,-0.11290,3.00000,0.00000
1722032120.743381,440.000,284.000,67.000,454.000,248.000,65.000,452.000,216.000,66.000, 0.131, 0.134,14.000,-36.000,14.000,-36.000,106.863,-274.791,-14.978,-239.645,-912.453,263.205,66.0000,323.652,241.138,109.033,62.257,476.654,-2.152, 2.168,-0.026,-0.299, 4.217, 1.191,0.00000,0.00000,-0.29894,0.04275,-0.00301,0.00000,1.19098,-0.08338,5.00000,0.78343,-0.11490,3.00000,-1.00000
1722032120.885601,454.000,248.000,65.000,452.000,216.000,66.000,444.000,190.000,66.000, 0.134, 0.142,-2.000,-32.000,-2.000,-32.000,-14.978,-239.645,-56.263,-182.854,-290.350,399.401,66.0000,323.681,242.695,108.972,62.523,479.460,-2.132, 2.151,-0.014,-0.323, 4.937,-0.179,0.00000,0.00000,-0.32293,0.04290,0.01088,0.00000,-0.17866,-0.07901,5.00000,0.06347,-0.11690,3.00000,-2.00000
1722032121.014272,452.000,216.000,66.000,444.000,190.000,66.000,440.000,182.000,68.000, 0.142, 0.128,-8.000,-26.000,-8.000,-26.000,-56.263,-182.854,-31.145,-62.289,195.573,938.734,68.0000,323.579,242.157,109.004,62.412,479.376,-2.142, 2.157, 0.013,-0.248, 3.765,-0.449,0.00000,0.00000,-0.24805,0.04198,0.01283,0.00000,-0.44943,-0.09604,5.00000,1.23542,-0.11890,3.00000,-2.00000
1722032121.14883,444.000,190.000,66.000,440.000,182.000,68.000,442.000,182.000,67.000, 0.128, 0.135,-4.000,-8.000,-4.000,-8.000,-31.145,-62.289,14.863, 0.000,341.914,462.911,67.0000,322.839,240.228,108.509,62.161,475.420,-2.160, 2.168, 0.001,-0.132, 3.262, 0.685,0.00000,0.00000,-0.13186,0.04076,-0.00199,0.00000,0.68508,-0.10354,5.00000,1.73825,-0.11222,2.00000,0.00000
1722032121.277338,440.000,182.000,68.000,442.000,182.000,67.000,448.000,198.000,67.000, 0.135, 0.129, 2.000, 0.000, 2.000, 0.000,14.863, 0.000,46.651,124.404,247.159,967.265,67.0000,323.397,238.994,108.930,61.423,475.349,-2.154, 2.170,-0.044,-0.350, 4.560, 1.770,0.00000,0.00000,-0.34978,0.04411,-0.01630,0.00000,1.77006,-0.08872,5.00000,0.43954,-0.12523,3.00000,1.00000
1722032121.412087,442.000,182.000,67.000,448.000,198.000,67.000,454.000,220.000,66.000, 0.129, 0.135, 6.000,16.000, 6.000,16.000,46.651,124.404,44.560,163.385,-15.535,289.501,66.0000,323.667,239.782,109.086,61.356,478.430,-2.135, 2.160,-0.087,-0.557, 6.516, 2.161,0.00000,0.00000,-0.55664,0.04643,-0.02349,0.00000,2.16091,-0.06516,5.00000,-1.51563,-0.12422,3.00000,0.00000
1722032121.5431292,448.000,198.000,67.000,454.000,220.000,66.000,456.000,246.000,67.000, 0.135, 0.131, 6.000,22.000, 6.000,22.000,44.560,163.385,15.251,198.261,-223.492,265.944,67.0000,323.036,241.329,108.231,62.445,480.360,-2.139, 2.147,-0.041,-0.056, 5.561, 0.629,0.00000,0.00000,-0.05598,0.03932,-0.00653,0.00000,0.62851,-0.07795,5.00000,-0.56125,-0.12622,3.00000,-1.00000
1722032121.6677902,454.000,220.000,66.000,456.000,246.000,67.000,452.000,272.000,67.000, 0.131, 0.125, 2.000,26.000, 2.000,26.000,15.251,198.261,-32.046,208.300,-378.922,80.427,67.0000,321.047,242.568,107.752,62.679,479.796,-2.141, 2.151, 0.039,-0.106, 3.295,-1.378,0.00000,0.00000,-0.10576,0.04153,0.01700,0.00000,-1.37780,-0.10599,5.00000,1.70533,-0.11088,1.00000,-2.00000
1722032121.8068469,456.000,246.000,67.000,452.000,272.000,67.000,442.000,302.000,67.000, 0.125, 0.139,-4.000,26.000,-4.000,26.000,-32.046,208.300,-71.910,215.730,-286.661,53.430,67.0000,320.291,242.303,107.567,62.652,477.943,-2.148, 2.159, 0.047,-0.164, 2.643,-1.126,0.00000,0.00000,-0.16369,0.04221,0.01334,0.00000,-1.12582,-0.11479,5.00000,2.35680,-0.10888,0.00000,-2.00000
1722032121.9414139,452.000,272.000,67.000,442.000,302.000,67.000,426.000,328.000,67.000, 0.139, 0.134,-10.000,30.000,-10.000,30.000,-71.910,215.730,-119.197,193.696,-352.283,-164.152,67.0000,322.164,240.414,108.231,62.015,477.465,-2.149, 2.160,-0.007,-0.174, 4.005, 0.364,0.00000,0.00000,-0.17383,0.04226,-0.00415,0.00000,0.36397,-0.10013,5.00000,0.99457,-0.12923,2.00000,0.00000
1722032122.068487,442.000,302.000,67.000,426.000,328.000,67.000,412.000,342.000,65.000, 0.134, 0.127,-16.000,26.000,-16.000,26.000,-119.197,193.696,-109.883,109.883,73.106,-657.828,65.0000,324.990,239.244,109.299,61.664,477.035,-2.150, 2.161,-0.041,-0.177, 4.877, 1.324,0.00000,0.00000,-0.17664,0.04235,-0.01560,0.00000,1.32432,-0.09240,5.00000,0.12314,-0.14189,4.00000,0.00000
1722032122.202092,426.000,328.000,67.000,412.000,342.000,65.000,402.000,350.000,66.000, 0.127, 0.133,-14.000,14.000,-14.000,14.000,-109.883,109.883,-75.026,60.021,261.519,-374.097,66.0000,324.169,239.428,108.396,61.910,479.382,-2.140, 2.141,-0.012, 0.160, 4.943,-0.335,0.00000,0.00000,0.16022,0.03788,0.00559,0.00000,-0.33453,-0.09306,5.00000,0.05687,-0.13855,4.00000,0.00000
1722032122.3336902,412.000,342.000,65.000,402.000,350.000,66.000,402.000,348.000,64.000, 0.133, 0.132,-10.000, 8.000,-10.000, 8.000,-75.026,60.021, 0.000,-15.190,569.825,-571.228,64.0000,321.802,241.496,108.467,61.838,479.466,-2.135, 2.157, 0.010,-0.414, 4.073,-0.562,0.00000,0.00000,-0.41375,0.04657,0.00684,0.00000,-0.56218,-0.10502,5.00000,0.92660,-0.11520,1.00000,-1.00000
1722032122.4699829,402.000,350.000,66.000,402.000,348.000,64.000,406.000,342.000,65.000, 0.132, 0.136, 0.000,-2.000, 0.000,-2.000, 0.000,-15.190,29.332,-43.998,215.091,-211.248,65.0000,320.329,241.179,107.554,61.938,479.192,-2.135, 2.151, 0.005,-0.268, 4.383,-0.625,0.00000,0.00000,-0.26839,0.04309,0.00846,0.00000,-0.62482,-0.10139,5.00000,0.61743,-0.11621,0.00000,-1.00000
1722032122.6032372,402.000,348.000,64.000,406.000,342.000,65.000,416.000,332.000,65.000, 0.136, 0.133, 4.000,-6.000, 4.000,-6.000,29.332,-43.998,74.946,-74.946,341.855,-231.940,65.0000,320.833,240.465,107.621,61.890,478.782,-2.141, 2.153,-0.004,-0.171, 4.388,-0.145,0.00000,0.00000,-0.17127,0.04235,0.00314,0.00000,-0.14510,-0.10300,5.00000,0.61151,-0.11921,0.00000,0.00000
1722032122.735689,406.000,342.000,65.000,416.000,332.000,65.000,432.000,316.000,65.000, 0.133, 0.132,10.000,-10.000,10.000,-10.000,74.946,-74.946,121.035,-121.035,348.652,-348.652,65.0000,322.645,239.496,108.135,61.909,477.668,-2.151, 2.157,-0.027,-0.028, 4.575, 0.853,0.00000,0.00000,-0.02841,0.04079,-0.00932,0.00000,0.85274,-0.10172,5.00000,0.42502,-0.13655,2.00000,0.00000
1722032122.8621628,416.000,332.000,65.000,432.000,316.000,65.000,446.000,292.000,65.000, 0.132, 0.126,16.000,-16.000,16.000,-16.000,121.035,-121.035,110.675,-189.728,-81.903,-543.038,65.0000,323.741,239.609,108.699,61.720,478.390,-2.144, 2.154,-0.022,-0.114, 4.745, 0.415,0.00000,0.00000,-0.11412,0.04239,-0.00362,0.00000,0.41532,-0.10056,5.00000,0.25527,-0.14055,3.00000,0.00000
1722032122.993103,432.000,316.000,65.000,446.000,292.000,65.000,452.000,270.000,64.000, 0.126, 0.131,14.000,-24.000,14.000,-24.000,110.675,-189.728,45.797,-167.924,-495.201,166.427,64.0000,323.273,240.974,108.416,62.329,478.847,-2.143, 2.151,-0.009,-0.038, 4.520,-0.016,0.00000,0.00000,-0.03816,0.04117,0.00072,0.00000,-0.01644,-0.10436,5.00000,0.48022,-0.13954,3.00000,0.00000
1722032123.131626,446.000,292.000,65.000,452.000,270.000,64.000,454.000,242.000,66.000, 0.131, 0.139, 6.000,-22.000, 6.000,-22.000,45.797,-167.924,14.435,-202.084,-226.355,-246.543,66.0000,321.182,240.158,107.789,61.346,481.831,-2.123, 2.145,-0.066,-0.403, 6.765, 0.814,0.00000,0.00000,-0.40278,0.04634,-0.01110,0.00000,0.81387,-0.07467,5.00000,-1.76475,-0.12420,1.00000,0.00000
1722032123.272789,452.000,270.000,64.000,454.000,242.000,66.000,448.000,218.000,64.000, 0.139, 0.141, 2.000,-28.000, 2.000,-28.000,14.435,-202.084,-42.482,-169.929,-402.991,227.672,64.0000,320.839,240.477,107.770,61.767,478.728,-2.140, 2.156,-0.013,-0.276, 4.571, 0.132,0.00000,0.00000,-0.27554,0.04373,-0.00228,0.00000,0.13228,-0.10413,5.00000,0.42918,-0.12220,0.00000,0.00000
1722032123.4371252,454.000,242.000,66.000,448.000,218.000,64.000,446.000,196.000,70.000, 0.141, 0.164,-6.000,-24.000,-6.000,-24.000,-42.482,-169.929,-12.169,-133.863,184.444,219.447,70.0000,320.453,240.918,107.376,62.194,478.686,-2.144, 2.153, 0.007,-0.087, 4.012,-0.398,0.00000,0.00000,-0.08704,0.04170,0.00359,0.00000,-0.39780,-0.10925,5.00000,0.98826,-0.12521,0.00000,0.00000
1722032123.594738,448.000,218.000,64.000,446.000,196.000,70.000,440.000,192.000,65.000, 0.164, 0.157,-2.000,-22.000,-2.000,-22.000,-12.169,-133.863,-38.098,-25.398,-164.634,688.708,65.0000,321.941,241.424,108.575,61.764,478.514,-2.132, 2.158,-0.017,-0.530, 4.836, 0.137,0.00000,0.00000,-0.52988,0.04829,-0.00364,0.00000,0.13749,-0.09926,5.00000,0.16414,-0.13388,1.00000,-1.00000
1722032123.723331,446.000,196.000,70.000,440.000,192.000,65.000,446.000,196.000,66.000, 0.157, 0.128,-6.000,-4.000,-6.000,-4.000,-38.098,-25.398,46.719,31.146,660.422,440.281,66.0000,322.861,241.003,108.578,62.240,477.277,-2.149, 2.163,-0.031,-0.248, 4.551, 1.094,0.00000,0.00000,-0.24811,0.04342,-0.01603,0.00000,1.09444,-0.10467,5.00000,0.44944,-0.14021,2.00000,-1.00000
1722032123.862357,440.000,192.000,65.000,446.000,196.000,66.000,450.000,204.000,68.000, 0.128, 0.139, 6.000, 4.000, 6.000, 4.000,46.719,31.146,28.722,57.445,-129.225,188.843,68.0000,322.699,240.573,108.702,61.932,476.676,-2.150, 2.168,-0.040,-0.379, 4.640, 1.495,0.00000,0.00000,-0.37851,0.04615,-0.02218,0.00000,1.49489,-0.10394,5.00000,0.36046,-0.13854,2.00000,0.00000
1722032123.9970272,446.000,196.000,66.000,450.000,204.000,68.000,448.000,214.000,64.000, 0.139, 0.135, 4.000, 8.000, 4.000, 8.000,28.722,57.445,-14.843,74.213,-323.309,124.441,64.0000,322.186,240.591,108.058,61.995,479.137,-2.138, 2.150,-0.017,-0.136, 4.906, 0.036,0.00000,0.00000,-0.13645,0.04268,-0.00488,0.00000,0.03633,-0.10120,5.00000,0.09414,-0.13987,2.00000,0.00000
1722032124.1531699,450.000,204.000,68.000,448.000,214.000,64.000,452.000,240.000,65.000, 0.135, 0.156,-2.000,10.000,-2.000,10.000,-14.843,74.213,25.641,166.664,259.505,592.630,65.0000,320.213,240.910,107.426,61.681,481.336,-2.126, 2.146,-0.042,-0.348, 6.011, 0.261,0.00000,0.00000,-0.34762,0.04633,-0.01018,0.00000,0.26137,-0.08687,5.00000,-1.01080,-0.12386,0.00000,0.00000
1722032124.282593,448.000,214.000,64.000,452.000,240.000,65.000,454.000,268.000,67.000, 0.156, 0.129, 4.000,26.000, 4.000,26.000,25.641,166.664,15.463,216.479,-78.689,385.132,67.0000,320.368,241.791,107.668,61.934,480.491,-2.128, 2.148, 0.013,-0.328, 4.449,-1.138,0.00000,0.00000,-0.32750,0.04559,0.00853,0.00000,-1.13809,-0.10760,5.00000,0.55115,-0.12987,0.00000,-1.00000
1722032124.410593,452.000,240.000,65.000,454.000,268.000,67.000,444.000,296.000,67.000, 0.129, 0.128, 2.000,28.000, 2.000,28.000,15.463,216.479,-78.142,218.798,-731.452,18.128,67.0000,320.488,240.946,107.373,62.063,479.691,-2.137, 2.147, 0.015,-0.085, 4.127,-0.948,0.00000,0.00000,-0.08545,0.04255,0.00613,0.00000,-0.94758,-0.11069,5.00000,0.87257,-0.12987,0.00000,0.00000
1722032124.541652,454.000,268.000,67.000,444.000,296.000,67.000,430.000,320.000,67.000, 0.128, 0.131,-10.000,28.000,-10.000,28.000,-78.142,218.798,-106.746,182.994,-218.097,-273.003,67.0000,321.260,240.262,107.434,61.973,480.503,-2.138, 2.143, 0.011, 0.073, 4.357,-0.932,0.00000,0.00000,0.07272,0.04118,0.00810,0.00000,-0.93174,-0.10886,5.00000,0.64329,-0.13854,1.00000,0.00000
1722032124.674214,444.000,296.000,67.000,430.000,320.000,67.000,416.000,334.000,65.000, 0.131, 0.132,-14.000,24.000,-14.000,24.000,-106.746,182.994,-105.682,105.682, 8.036,-583.603,65.0000,322.425,239.300,107.735,61.855,478.880,-2.141, 2.144,-0.019, 0.109, 5.020,-0.008,0.00000,0.00000,0.10855,0.04114,-0.00249,0.00000,-0.00806,-0.10153,5.00000,-0.01995,-0.14487,2.00000,0.00000
1722032124.803933,430.000,320.000,67.000,416.000,334.000,65.000,410.000,340.000,66.000, 0.132, 0.130,-14.000,14.000,-14.000,14.000,-105.682,105.682,-46.158,46.158,457.916,-457.916,66.0000,321.879,239.211,108.003,61.185,479.937,-2.131, 2.146,-0.016,-0.213, 5.198,-0.315,0.00000,0.00000,-0.21284,0.04553,0.00306,0.00000,-0.31523,-0.10009,5.00000,-0.19757,-0.13453,1.00000,0.00000
1722032124.933565,416.000,334.000,65.000,410.000,340.000,66.000,408.000,340.000,64.000, 0.130, 0.130,-6.000, 6.000,-6.000, 6.000,-46.158,46.158,-15.443, 0.000,237.165,-356.409,64.0000,321.205,238.615,107.708,61.277,477.847,-2.144, 2.156,-0.035,-0.188, 5.022, 0.841,0.00000,0.00000,-0.18819,0.04434,-0.01238,0.00000,0.84121,-0.10233,5.00000,-0.02210,-0.13820,1.00000,1.00000
1722032125.064906,410.000,340.000,66.000,408.000,340.000,64.000,418.000,334.000,65.000, 0.130, 0.131,-2.000, 0.000,-2.000, 0.000,-15.443, 0.000,76.069,-45.641,696.122,-347.189,65.0000,321.297,239.169,107.838,61.201,479.383,-2.134, 2.150,-0.019,-0.247, 5.062,-0.001,0.00000,0.00000,-0.24654,0.04530,-0.00096,0.00000,-0.00086,-0.10149,5.00000,-0.06167,-0.13887,1.00000,0.00000
1722032125.203169,408.000,340.000,64.000,418.000,334.000,65.000,428.000,318.000,66.000, 0.131, 0.138,10.000,-6.000,10.000,-6.000,76.069,-45.641,72.351,-115.761,-26.900,-507.325,66.0000,320.775,239.870,107.424,61.536,480.362,-2.131, 2.143,-0.012,-0.132, 5.166,-0.492,0.00000,0.00000,-0.13201,0.04370,0.00441,0.00000,-0.49210,-0.10002,5.00000,-0.16578,-0.13086,0.00000,0.00000
1722032125.33542,418.000,334.000,65.000,428.000,318.000,66.000,440.000,298.000,64.000, 0.138, 0.132,10.000,-16.000,10.000,-16.000,72.351,-115.761,90.783,-151.305,139.445,-268.899,64.0000,320.368,240.851,107.672,61.584,480.223,-2.130, 2.149, 0.011,-0.327, 4.417,-0.991,0.00000,0.00000,-0.32688,0.04674,0.01139,0.00000,-0.99111,-0.10995,5.00000,0.58273,-0.13387,0.00000,0.00000
1722032125.469347,428.000,318.000,66.000,440.000,298.000,64.000,450.000,274.000,65.000, 0.132, 0.134,12.000,-20.000,12.000,-20.000,90.783,-151.305,74.634,-179.121,-120.529,-207.599,65.0000,320.706,240.233,107.577,61.687,479.260,-2.136, 2.151,-0.013,-0.218, 4.847,-0.111,0.00000,0.00000,-0.21788,0.04484,0.00074,0.00000,-0.11068,-0.10419,5.00000,0.15309,-0.13387,0.00000,0.00000
1722032125.5968168,440.000,298.000,64.000,450.000,274.000,65.000,454.000,250.000,66.000, 0.134, 0.128,10.000,-24.000,10.000,-24.000,74.634,-179.121,31.358,-188.148,-339.260,-70.767,66.0000,321.575,239.075,107.967,61.212,479.462,-2.136, 2.154,-0.056,-0.320, 5.870, 1.138,0.00000,0.00000,-0.31985,0.04666,-0.01458,0.00000,1.13845,-0.09133,5.00000,-0.86972,-0.14254,1.00000,0.00000
1722032125.7221,450.000,274.000,65.000,454.000,250.000,66.000,454.000,226.000,66.000, 0.128, 0.125, 4.000,-24.000, 4.000,-24.000,31.358,-188.148, 0.000,-191.641,-250.395,-27.895,66.0000,321.861,238.816,108.211,61.398,475.933,-2.153, 2.168,-0.051,-0.310, 4.793, 1.906,0.00000,0.00000,-0.30989,0.04638,-0.02534,0.00000,1.90577,-0.10567,5.00000,0.20726,-0.14020,1.00000,1.00000
1722032125.85833,454.000,250.000,66.000,454.000,226.000,66.000,448.000,212.000,66.000, 0.125, 0.136, 0.000,-24.000, 0.000,-24.000, 0.000,-191.641,-44.029,-102.735,-323.096,652.414,66.0000,320.312,239.254,107.289,61.556,478.337,-2.144, 2.154,-0.012,-0.108, 4.480, 0.179,0.00000,0.00000,-0.10755,0.04383,-0.00468,0.00000,0.17862,-0.10869,5.00000,0.52017,-0.13219,0.00000,0.00000
1722032125.984417,454.000,226.000,66.000,448.000,212.000,66.000,446.000,206.000,66.000, 0.136, 0.126,-6.000,-14.000,-6.000,-14.000,-44.029,-102.735,-15.884,-47.653,223.531,437.470,66.0000,319.868,241.495,107.146,62.130,479.898,-2.130, 2.144, 0.002,-0.170, 4.768,-0.877,0.00000,0.00000,-0.17036,0.04534,0.00663,0.00000,-0.87735,-0.10538,5.00000,0.23243,-0.13520,0.00000,-1.00000
1722032126.1203709,448.000,212.000,66.000,446.000,206.000,66.000,450.000,210.000,66.000, 0.126, 0.136,-2.000,-6.000,-2.000,-6.000,-15.884,-47.653,29.464,29.464,334.030,568.034,66.0000,320.845,241.820,108.096,61.869,479.446,-2.130, 2.155,-0.005,-0.491, 4.661,-0.330,0.00000,0.00000,-0.49142,0.04957,-0.00059,0.00000,-0.33035,-0.10771,5.00000,0.33883,-0.13520,0.00000,-1.00000
1722032126.253518,446.000,206.000,66.000,450.000,210.000,66.000,452.000,222.000,66.000, 0.136, 0.134, 4.000, 4.000, 4.000, 4.000,29.464,29.464,14.979,89.873,-108.484,452.430,66.0000,321.157,240.262,107.717,62.037,478.141,-2.150, 2.160,-0.032,-0.147, 4.646, 1.067,0.00000,0.00000,-0.14733,0.04421,-0.01798,0.00000,1.06733,-0.10843,5.00000,0.35373,-0.14387,1.00000,0.00000
1722032126.383774,450.000,210.000,66.000,452.000,222.000,66.000,456.000,242.000,68.000, 0.134, 0.130, 2.000,12.000, 2.000,12.000,14.979,89.873,30.744,153.722,121.175,490.747,68.0000,321.782,239.510,107.605,61.570,481.031,-2.131, 2.140,-0.039,-0.050, 5.966, 0.139,0.00000,0.00000,-0.04978,0.04400,-0.00547,0.00000,0.13862,-0.09130,5.00000,-0.96569,-0.14153,1.00000,0.00000
1722032126.522704,452.000,222.000,66.000,456.000,242.000,68.000,452.000,262.000,66.000, 0.130, 0.139, 4.000,20.000, 4.000,20.000,30.744,153.722,-28.808,144.039,-428.890,-69.737,66.0000,321.912,239.984,108.005,61.717,478.540,-2.138, 2.152,-0.021,-0.188, 4.946, 0.184,0.00000,0.00000,-0.18779,0.04618,-0.00776,0.00000,0.18416,-0.10512,5.00000,0.05435,-0.14220,1.00000,0.00000
1722032126.6552892,456.000,242.000,68.000,452.000,262.000,66.000,446.000,286.000,65.000, 0.139, 0.133,-4.000,20.000,-4.000,20.000,-28.808,144.039,-45.265,181.060,-124.155,279.291,65.0000,320.445,240.867,107.605,61.643,480.456,-2.129, 2.147, 0.007,-0.282, 4.626,-0.972,0.00000,0.00000,-0.28199,0.04713,0.00755,0.00000,-0.97226,-0.10802,5.00000,0.37409,-0.13419,0.00000,0.00000
1722032126.785644,452.000,262.000,66.000,446.000,286.000,65.000,438.000,306.000,66.000, 0.133, 0.130,-6.000,24.000,-6.000,24.000,-45.265,181.060,-61.322,153.305,-123.081,-212.747,66.0000,320.301,240.640,107.132,61.980,480.053,-2.133, 2.142, 0.003,-0.038, 4.719,-0.859,0.00000,0.00000,-0.03769,0.04369,0.00623,0.00000,-0.85938,-0.10702,5.00000,0.28070,-0.13720,0.00000,0.00000
1722032126.924191,446.000,286.000,65.000,438.000,306.000,66.000,430.000,320.000,66.000, 0.130, 0.139,-8.000,20.000,-8.000,20.000,-61.322,153.305,-57.705,100.984,26.086,-377.396,66.0000,320.702,240.432,107.478,61.713,480.178,-2.131, 2.145,-0.007,-0.168, 4.965,-0.598,0.00000,0.00000,-0.16767,0.04620,0.00459,0.00000,-0.59812,-0.10441,5.00000,0.03515,-0.13720,0.00000,0.00000
1722032127.049888,438.000,306.000,66.000,430.000,320.000,66.000,424.000,326.000,65.000, 0.139, 0.126,-8.000,14.000,-8.000,14.000,-57.705,100.984,-47.770,47.770,79.103,-423.676,65.0000,321.906,239.464,107.928,61.648,478.848,-2.144, 2.153,-0.024,-0.109, 4.822, 0.474,0.00000,0.00000,-0.10861,0.04509,-0.00829,0.00000,0.47376,-0.10677,5.00000,0.17764,-0.14587,1.00000,0.00000
1722032127.1757472,430.000,320.000,66.000,424.000,326.000,65.000,424.000,324.000,64.000, 0.126, 0.126,-6.000, 6.000,-6.000, 6.000,-47.770,47.770, 0.000,-15.892,379.585,-505.866,64.0000,322.116,239.394,107.736,61.724,479.284,-2.139, 2.144,-0.016, 0.032, 5.009,-0.158,0.00000,0.00000,0.03201,0.04342,0.00091,0.00000,-0.15841,-0.10439,5.00000,-0.00908,-0.15220,2.00000,0.00000
1722032127.308774,424.000,326.000,65.000,424.000,324.000,64.000,428.000,316.000,63.000, 0.126, 0.133, 0.000,-2.000, 0.000,-2.000, 0.000,-15.892,30.030,-60.061,225.454,-331.596,63.0000,321.675,239.353,107.442,61.800,479.402,-2.139, 2.143,-0.020, 0.088, 5.154,-0.080,0.00000,0.00000,0.08817,0.04307,-0.00078,0.00000,-0.07992,-0.10270,5.00000,-0.15355,-0.14186,1.00000,0.00000
1722032127.4464629,424.000,324.000,64.000,428.000,316.000,63.000,436.000,302.000,64.000, 0.133, 0.138, 4.000,-8.000, 4.000,-8.000,30.030,-60.061,58.167,-101.793,204.584,-303.435,64.0000,320.168,239.424,106.901,61.688,479.545,-2.136, 2.142,-0.011, 0.040, 5.020,-0.442,0.00000,0.00000,0.03985,0.04385,0.00439,0.00000,-0.44235,-0.10442,5.00000,-0.02008,-0.13686,0.00000,0.00000
1722032127.575197,428.000,316.000,63.000,436.000,302.000,64.000,442.000,282.000,62.000, 0.138, 0.129, 8.000,-14.000, 8.000,-14.000,58.167,-101.793,46.576,-155.252,-89.984,-414.977,62.0000,319.916,239.058,106.921,61.643,478.143,-2.143, 2.151,-0.032,-0.045, 5.110, 0.595,0.00000,0.00000,-0.04453,0.04482,-0.00927,0.00000,0.59463,-0.10296,5.00000,-0.11022,-0.13986,0.00000,0.00000
1722032127.703891,436.000,302.000,64.000,442.000,282.000,62.000,450.000,262.000,65.000, 0.129, 0.129, 6.000,-20.000, 6.000,-20.000,46.576,-155.252,62.203,-155.509,121.514,-1.998,65.0000,319.988,239.146,106.964,61.625,478.395,-2.142, 2.149,-0.023,-0.040, 4.960, 0.269,0.00000,0.00000,-0.04014,0.04453,-0.00450,0.00000,0.26859,-0.10490,5.00000,0.03963,-0.13986,0.00000,0.00000
1722032127.84147,442.000,282.000,62.000,450.000,262.000,65.000,452.000,244.000,65.000, 0.129, 0.138, 8.000,-20.000, 8.000,-20.000,62.203,-155.509,14.527,-130.742,-346.296,179.893,65.0000,320.776,239.242,107.449,61.365,480.267,-2.134, 2.149,-0.059,-0.229, 6.144, 1.019,0.00000,0.00000,-0.22862,0.04711,-0.01565,0.00000,1.01857,-0.08877,5.00000,-1.14423,-0.13986,0.00000,0.00000
1722032127.970625,450.000,262.000,65.000,452.000,244.000,65.000,452.000,230.000,66.000, 0.138, 0.129, 2.000,-18.000, 2.000,-18.000,14.527,-130.742, 0.000,-108.351,-112.428,173.291,66.0000,320.465,239.459,107.393,61.295,480.541,-2.130, 2.147,-0.049,-0.273, 6.055, 0.570,0.00000,0.00000,-0.27252,0.04725,-0.01050,0.00000,0.56959,-0.08947,5.00000,-1.05467,-0.13986,0.00000,0.00000
1722032128.103644,452.000,244.000,65.000,452.000,230.000,66.000,450.000,220.000,65.000, 0.129, 0.133, 0.000,-14.000, 0.000,-14.000, 0.000,-108.351,-15.035,-75.173,-113.019,249.409,65.0000,319.261,239.427,106.552,61.280,483.480,-2.123, 2.135,-0.051,-0.104, 6.680, 0.086,0.00000,0.00000,-0.10433,0.04499,-0.00579,0.00000,0.08599,-0.07878,5.00000,-1.68031,-0.13986,0.00000,0.00000
1722032128.2506812,452.000,230.000,66.000,450.000,220.000,65.000,446.000,218.000,64.000, 0.133, 0.147,-2.000,-10.000,-2.000,-10.000,-15.035,-75.173,-27.225,-13.613,-82.973,418.996,64.0000,319.142,239.427,107.288,61.243,477.619,-2.143, 2.164,-0.031,-0.435, 4.733, 0.933,0.00000,0.00000,-0.43512,0.05001,-0.01811,0.00000,0.93269,-0.10265,5.00000,0.26698,-0.13986,0.00000,0.00000
